gid,role,role_score,cluster_id,priority_score,evidence,in_deg,out_deg,in_kzt,out_kzt,pagerank,pass_through,depth,is_seed,truncated_by_depth
100000000343175100,,0.0,-1,0.0,,8,31,178712.0,4000039.0,0.0007166946382018727,22.382598818210305,0,True,False
100000000456947100,,0.0,-1,0.0,,0,0,0.0,0.0,0.0,,0,True,False
100000000580561100,,0.0,-1,0.0,,2,3,27980.0,1488077.0,0.0008384348345170707,53.183595425303785,0,True,False
100000001415126100,,0.0,-1,0.0,,1,0,27000.0,0.0,0.0004114090098163562,0.0,0,True,False
100000001429930100,,0.0,-1,0.0,,1,0,26000.0,0.0,0.0003523464564592315,0.0,0,True,False
100000001616816100,,0.0,-1,0.0,,5,3,176195.0,181326.0,0.00244618625473035,1.0291211441868384,0,True,False
100000001732159100,,0.0,-1,0.0,,2,4,2378100.0,1505966.0,0.001099397432375524,0.633264370716118,0,True,False
100000002527114100,,0.0,-1,0.0,,3,111,129000.0,3289249.0,0.0008146179725184579,25.49805426356589,0,True,False
100000002916006100,,0.0,-1,0.0,,0,1,0.0,32000.0,0.0002868488506751384,,0,True,False
100000003016635100,,0.0,-1,0.0,,8,73,586981.0,9414081.0,0.0011952566810188184,16.038135817002594,0,True,False
100000003200071100,,0.0,-1,0.0,,0,1,0.0,30000.0,0.0002868488506751384,,0,True,False
100000003265658100,,0.0,-1,0.0,,0,0,0.0,0.0,0.0,,0,True,False
100000003349739100,,0.0,-1,0.0,,0,0,0.0,0.0,0.0,,0,True,False
100000003684369100,,0.0,-1,0.0,,24,62,3848436.0,8588655.0,0.002028869963852267,2.2317260830113845,0,True,False
100000003770083100,,0.0,-1,0.0,,0,0,0.0,0.0,0.0,,0,True,False
100000003975102100,,0.0,-1,0.0,,1,2,25650.0,88500.0,0.000346992529923579,3.4502923976608186,0,True,False
100000003977183100,,0.0,-1,0.0,,2,4,123800.0,766000.0,0.00033293228527307104,6.187399030694669,0,True,False
100000004007116100,,0.0,-1,0.0,,3,4,764704.0,148000.0,0.0006304640304726743,0.19353893794200108,0,True,False
100000004019124100,,0.0,-1,0.0,,3,0,193000.0,0.0,0.0012079590546220128,0.0,0,True,False
100000004021459100,,0.0,-1,0.0,,0,0,0.0,0.0,0.0,,0,True,False
100000004041163100,,0.0,-1,0.0,,1,2,50000.0,866000.0,0.0020929038577057815,17.32,0,True,False
100000004174835100,,0.0,-1,0.0,,0,0,0.0,0.0,0.0,,0,True,False
100000004193835100,,0.0,-1,0.0,,1,1,47000.0,5000.0,0.00047199654932406684,0.10638297872340426,0,True,False
100000004269433100,,0.0,-1,0.0,,0,1,0.0,1372000.0,0.0002868488506751384,,0,True,False
100000004358004100,,0.0,-1,0.0,,0,11,0.0,980850.0,0.0002868488506751384,,0,True,False
100000004388983100,,0.0,-1,0.0,,0,2,0.0,450816.0,0.0002868488506751384,,0,True,False
100000004714705100,,0.0,-1,0.0,,0,1,0.0,36550.0,0.0002868488506751384,,0,True,False
100000004723755100,,0.0,-1,0.0,,0,1,0.0,95000.0,0.0002868488506751384,,0,True,False
100000004813068100,,0.0,-1,0.0,,0,3,0.0,297000.0,0.0002868488506751384,,0,True,False
100000004971871100,,0.0,-1,0.0,,1,1,25400.0,5650.0,0.0007461346034888536,0.22244094488188976,0,True,False
100000005017150100,,0.0,-1,0.0,,0,0,0.0,0.0,0.0,,0,True,False
100000005087431100,,0.0,-1,0.0,,0,0,0.0,0.0,0.0,,0,True,False
100000005235389100,,0.0,-1,0.0,,0,0,0.0,0.0,0.0,,0,True,False
100000005264990100,,0.0,-1,0.0,,1,2,17070.0,122000.0,0.0003655985512877528,7.147041593438781,0,True,False
100000005370580100,,0.0,-1,0.0,,1,0,24075.0,0.0,0.00034749711449252456,0.0,0,True,False
100000005382566100,,0.0,-1,0.0,,7,1,393066.0,50000.0,0.0021219671978348763,0.12720510041570626,0,True,False
100000005386383100,,0.0,-1,0.0,,2,1,37500.0,29000.0,0.0005266275322641048,0.7733333333333333,0,True,False
100000005392290100,,0.0,-1,0.0,,0,1,0.0,81465.0,0.0002868488506751384,,0,True,False
100000005395727100,,0.0,-1,0.0,,1,0,17000.0,0.0,0.00037285017574889003,0.0,0,True,False
100000005409680100,,0.0,-1,0.0,,2,0,55060.0,0.0,0.0006362170091600229,0.0,0,True,False
100000005417257100,,0.0,-1,0.0,,0,2,0.0,106000.0,0.0002868488506751384,,0,True,False
100000005454368100,,0.0,-1,0.0,,2,0,48600.0,0.0,0.00039592373535834356,0.0,0,True,False
100000005480435100,,0.0,-1,0.0,,0,0,0.0,0.0,0.0,,0,True,False
100000005485830100,,0.0,-1,0.0,,0,5,0.0,275885.0,0.0002868488506751384,,0,True,False
100000005493505100,,0.0,-1,0.0,,3,0,62020.0,0.0,0.0006201052363006153,0.0,0,True,False
100000005495722100,,0.0,-1,0.0,,0,0,0.0,0.0,0.0,,0,True,False
100000005498992100,,0.0,-1,0.0,,0,16,0.0,2262868.0,0.0002868488506751384,,0,True,False
100000005519347100,,0.0,-1,0.0,,2,1,73100.0,99000.0,0.0005591119636921243,1.3543091655266757,0,True,False
100000005523088100,,0.0,-1,0.0,,1,0,700000.0,0.0,0.0017270161361158107,0.0,0,True,False
100000005543136100,,0.0,-1,0.0,,0,1,0.0,10000.0,0.0002868488506751384,,0,True,False
100000005550592100,,0.0,-1,0.0,,0,0,0.0,0.0,0.0,,0,True,False
100000005560900100,,0.0,-1,0.0,,0,0,0.0,0.0,0.0,,0,True,False
100000005568407100,,0.0,-1,0.0,,0,0,0.0,0.0,0.0,,0,True,False
100000005668605100,,0.0,-1,0.0,,3,0,94500.0,0.0,0.0008418642511074627,0.0,0,True,False
100000005744674100,,0.0,-1,0.0,,0,1,0.0,50066.0,0.0002868488506751384,,0,True,False
100000006232815100,,0.0,-1,0.0,,1,5,160000.0,296500.0,0.0005589743134767571,1.853125,0,True,False
100000006249740100,,0.0,-1,0.0,,0,3,0.0,93007.0,0.0002868488506751384,,0,True,False
100000006831291100,,0.0,-1,0.0,,0,1,0.0,15000.0,0.0002868488506751384,,0,True,False
100000006866783100,,0.0,-1,0.0,,13,67,838812.0,3948037.0,0.0008741047179040808,4.706700667133994,0,True,False
100000007018630100,,0.0,-1,0.0,,0,1,0.0,200000.0,0.0002868488506751384,,0,True,False
100000007747786100,,0.0,-1,0.0,,0,31,0.0,4238009.4,0.0002868488506751384,,0,True,False
100000007982728100,,0.0,-1,0.0,,0,8,0.0,1804384.0,0.0002868488506751384,,0,True,False
100000008117324100,,0.0,-1,0.0,,0,0,0.0,0.0,0.0,,0,True,False
100000008205000100,,0.0,-1,0.0,,0,0,0.0,0.0,0.0,,0,True,False
100000008314203100,,0.0,-1,0.0,,2,2,382076.0,327000.0,0.0005050728131960834,0.8558506684533967,0,True,False
100000008418835100,,0.0,-1,0.0,,1,4,1372000.0,186179.0,0.0005309030338467371,0.13569897959183674,0,True,False
100000008513251100,,0.0,-1,0.0,,0,0,0.0,0.0,0.0,,0,True,False
100000008516839100,,0.0,-1,0.0,,3,0,155000.0,0.0,0.0010741596212647685,0.0,0,True,False
100000008522127100,,0.0,-1,0.0,,0,1,0.0,145000.0,0.0002868488506751384,,0,True,False
100000008571433100,,0.0,-1,0.0,,2,2,350000.0,1434000.0,0.0016372326866585755,4.097142857142857,0,True,False
100000008575624100,,0.0,-1,0.0,,0,3,0.0,89500.0,0.0002868488506751384,,0,True,False
100000008601794100,,0.0,-1,0.0,,2,1,494400.0,871400.0,0.002387285088965427,1.7625404530744337,0,True,False
100000008637537100,,0.0,-1,0.0,,3,3,619890.0,2351495.0,0.0008320760827428094,3.793406894771653,0,True,False
100000008650785100,,0.0,-1,0.0,,2,2,92000.0,120120.0,0.0006151829911466896,1.3056521739130436,0,True,False
100000008654653100,,0.0,-1,0.0,,0,1,0.0,54000.0,0.0002868488506751384,,0,True,False
100000008659445100,,0.0,-1,0.0,,3,4,138490.0,875150.0,0.0024576486184352342,6.319228825185934,0,True,False
100000008669037100,,0.0,-1,0.0,,0,0,0.0,0.0,0.0,,0,True,False
100000008673001100,,0.0,-1,0.0,,1,0,80000.0,0.0,0.000471040687031062,0.0,0,True,False
100000008680731100,,0.0,-1,0.0,,0,27,0.0,1464354.0,0.0002868488506751384,,0,True,False
100000008701222100,,0.0,-1,0.0,,0,0,0.0,0.0,0.0,,0,True,False
100000008738325100,,0.0,-1,0.0,,1,1,36550.0,54000.0,0.0005309030338467371,1.4774281805745555,0,True,False
100000003134937100,,0.0,-1,0.0,,1,0,10286.0,0.0,0.0002879597204265753,0.0,1,False,False
100000005074393100,,0.0,-1,0.0,,4,6,563026.0,685500.0,0.001064513470901251,1.2175281425724567,1,False,False
100000001924185100,,0.0,-1,0.0,,2,0,151000.0,0.0,0.0003116111345159545,0.0,1,False,False
100000004070318100,,0.0,-1,0.0,,4,19,207246.55,551860.0,0.00031551856613583904,2.662818753798314,1,False,False
100000005807278100,,0.0,-1,0.0,,1,0,8385.0,0.0,0.000294266413521592,0.0,1,False,False
100000003377795100,,0.0,-1,0.0,,1,0,7000.0,0.0,0.0002872519595691869,0.0,1,False,False
100000004330371100,,0.0,-1,0.0,,2,2,264171.0,90681.0,0.0012610864292053746,0.3432662934235779,1,False,False
100000008165763100,,0.0,-1,0.0,,15,17,1165815.0,1267858.0,0.0009141720501285515,1.087529324978663,1,False,False
100000001684867100,,0.0,-1,0.0,,1,0,30550.0,0.0,0.0002901481964758771,0.0,1,False,False
100000003900547100,,0.0,-1,0.0,,1,0,23700.0,0.0,0.0002894084086285756,0.0,1,False,False
100000006656003100,,0.0,-1,0.0,,1,1,20000.0,9000.0,0.00029106374333946164,0.45,1,False,False
100000008237827100,,0.0,-1,0.0,,1,0,40001.0,0.0,0.00029489033300801034,0.0,1,False,False
100000003014659100,,0.0,-1,0.0,,1,0,280000.0,0.0,0.00032951873404572074,0.0,1,False,False
100000007939160100,,0.0,-1,0.0,,1,2,795000.0,14300.0,0.0006680900198229337,0.017987421383647798,1,False,False
100000007274584100,,0.0,-1,0.0,,1,0,38000.0,0.0,0.00029448806791093586,0.0,1,False,False
100000001524952100,,0.0,-1,0.0,,1,0,103807.0,0.0,0.0003064069407623941,0.0,1,False,False
100000003131693100,,0.0,-1,0.0,,1,0,353277.0,0.0,0.0003578688440280549,0.0,1,False,False
100000008383405100,,0.0,-1,0.0,,1,0,25000.0,0.0,0.0003073921320868891,0.0,1,False,False
100000008736173100,,0.0,-1,0.0,,1,0,31060.0,0.0,0.0002933945789828324,0.0,1,False,False
100000002861485100,,0.0,-1,0.0,,1,0,29323.0,0.0,0.0002900156826527181,0.0,1,False,False
100000008745474100,,0.0,-1,0.0,,1,0,40559.0,0.0,0.00029539644225375273,0.0,1,False,False
100000008691330100,,0.0,-1,0.0,,1,0,21440.0,0.0,0.00029136721561129293,0.0,1,False,False
100000007639767100,,0.0,-1,0.0,,4,10,90913.0,822244.0,0.00030278321457567146,9.044295095310902,1,False,False
100000002921047100,,0.0,-1,0.0,,2,1,338000.0,163000.02,0.0003184621242533609,0.48224857988165676,1,False,False
100000004783447100,,0.0,-1,0.0,,1,0,26200.0,0.0,0.00029237036006540183,0.0,1,False,False
100000008696919100,,0.0,-1,0.0,,1,0,31945.0,0.0,0.00029358108798322873,0.0,1,False,False
100000008736940100,,0.0,-1,0.0,,3,3,451090.0,182100.0,0.0024481745423749293,0.40368884258130305,1,False,False
100000005940652100,,0.0,-1,0.0,,1,0,8395.0,0.0,0.0002893773976301022,0.0,1,False,False
100000004180097100,,0.0,-1,0.0,,3,3,104854.0,47800.0,0.0008599843237032203,0.4558719743643542,1,False,False
100000005539201100,,0.0,-1,0.0,,1,1,45504.0,25000.0,0.00029176320194573786,0.5494022503516175,1,False,False
100000005620225100,,0.0,-1,0.0,,2,0,49845.66,0.0,0.00029755896877035047,0.0,1,False,False
100000004388353100,,0.0,-1,0.0,,2,0,62960.0,0.0,0.000342271741802324,0.0,1,False,False
100000007442518100,,0.0,-1,0.0,,5,9,510000.0,4419999.0,0.0006515232072674919,8.666664705882352,1,False,False
100000000267734100,,0.0,-1,0.0,,2,7,180000.0,282000.0,0.0005396268570373788,1.5666666666666667,1,False,False
100000001987030100,,0.0,-1,0.0,,2,1,30864.0,19000.0,0.0002951862409947939,0.6156039398652151,1,False,False
100000002603478100,,0.0,-1,0.0,,1,0,23500.0,0.0,0.00029076544004118823,0.0,1,False,False
100000001380054100,,0.0,-1,0.0,,2,3,127050.0,360000.0,0.0007193751577744338,2.833530106257379,1,False,False
100000002992171100,,0.0,-1,0.0,,1,0,14627.0,0.0,0.0002899314124251912,0.0,1,False,False
100000002781227100,,0.0,-1,0.0,,2,3,191167.62,212420.0,0.0023373647787345683,1.1111714421092862,1,False,False
100000008745643100,,0.0,-1,0.0,,1,0,20313.0,0.0,0.0002911297064096583,0.0,1,False,False
100000002836736100,,0.0,-1,0.0,,2,0,509000.0,0.0,0.00045376548996403247,0.0,1,False,False
100000004188160100,,0.0,-1,0.0,,2,5,87862.0,133846.0,0.0002981560916449918,1.5233661878855478,1,False,False
100000004841728100,,0.0,-1,0.0,,1,0,52208.0,0.0,0.00029785140648608786,0.0,1,False,False
100000001554432100,,0.0,-1,0.0,,1,0,53920.0,0.0,0.00029768849786866996,0.0,1,False,False
100000008768896100,,0.0,-1,0.0,,1,0,47060.0,0.0,0.00029676649311429106,0.0,1,False,False
100000008232832100,,0.0,-1,0.0,,1,1,337000.0,138000.0,0.0004962754348031017,0.4094955489614243,1,False,False
100000002864256100,,0.0,-1,0.0,,1,0,135780.0,0.0,0.00031414498005083794,0.0,1,False,False
100000001929088100,,0.0,-1,0.0,,2,0,396010.0,0.0,0.00031900361406278716,0.0,1,False,False
100000002794197100,,0.0,-1,0.0,,1,0,30100.0,0.0,0.00028858221891954694,0.0,1,False,False
100000005669845100,,0.0,-1,0.0,,1,0,20000.0,0.0,0.0003189386946552999,0.0,1,False,False
100000002211413100,,0.0,-1,0.0,,1,0,37000.0,0.0,0.00029464640210413647,0.0,1,False,False
100000002784085100,,0.0,-1,0.0,,1,0,200000.0,0.0,0.0003084191926634115,0.0,1,False,False
100000008782421100,,0.0,-1,0.0,,1,0,49680.0,0.0,0.0002973186440533174,0.0,1,False,False
100000003739818100,,0.0,-1,0.0,,1,0,57293.0,0.0,0.0002983665789143632,0.0,1,False,False
100000002214570100,,0.0,-1,0.0,,1,0,26471.0,0.0,0.00029242747186100345,0.0,1,False,False
100000006443391100,,0.0,-1,0.0,,3,2,86775.93,60041.71000000001,0.0024348970700620114,0.6919166409394865,1,False,False
100000005473151100,,0.0,-1,0.0,,3,4,1220000.0,225000.0,0.0004703173260136694,0.18442622950819673,1,False,False
100000005124479100,,0.0,-1,0.0,,2,2,137753.0,22000.0,0.00030458050269059774,0.15970614070110994,1,False,False
100000005527892100,,0.0,-1,0.0,,3,8,220001.0,552419.0,0.0003138247999831619,2.510984040981632,1,False,False
100000008028628100,,0.0,-1,0.0,,1,0,57224.0,0.0,0.0002989085015663001,0.0,1,False,False
100000001953577100,,0.0,-1,0.0,,1,0,15600.0,0.0,0.0002901364669533105,0.0,1,False,False
100000008193577100,,0.0,-1,0.0,,2,5,154300.0,480180.0,0.0012553919287856344,3.1119896305897603,1,False,False
100000008753193100,,0.0,-1,0.0,,1,0,35225.0,0.0,0.00029427233038017774,0.0,1,False,False
100000008746025100,,0.0,-1,0.0,,1,0,22000.0,0.0,0.000291485232605894,0.0,1,False,False
100000002934441100,,0.0,-1,0.0,,2,0,60845.6,0.0,0.0003038298398555054,0.0,1,False,False
100000003701161100,,0.0,-1,0.0,,4,3,1527103.0,349000.0,0.0016606404744765636,0.22853730232996727,1,False,False
100000006707582100,,0.0,-1,0.0,,2,14,39520.0,961138.0,0.0005404098122016996,24.320293522267207,1,False,False
100000003239379100,,0.0,-1,0.0,,1,0,92500.0,0.0,0.0003022652130734197,0.0,1,False,False
100000000979923100,,0.0,-1,0.0,,1,0,97900.0,0.0,0.0003017680706107813,0.0,1,False,False
100000001111763100,,0.0,-1,0.0,,1,0,17144.0,0.0,0.00029046185666699623,0.0,1,False,False
100000003865939100,,0.0,-1,0.0,,1,0,81465.0,0.0,0.0005309030338467371,0.0,1,False,False
100000002858835100,,0.0,-1,0.0,,1,0,24400.0,0.0,0.00029199101972561276,0.0,1,False,False
100000003404627100,,0.0,-1,0.0,,4,0,877700.0,0.0,0.001384218616675345,0.0,1,False,False
100000008691027100,,0.0,-1,0.0,,1,0,17534.0,0.0,0.0002905440470739506,0.0,1,False,False
100000004071080100,,0.0,-1,0.0,,9,2,238600.0,46500.0,0.0013756642514148798,0.19488683989941324,1,False,False
100000002864680100,,0.0,-1,0.0,,1,0,55932.0,0.0,0.0002961706666930916,0.0,1,False,False
100000001330685100,,0.0,-1,0.0,,3,1,2435923.0,100500.0,0.00044009946636472093,0.04125746175063826,1,False,False
100000008745725100,,0.0,-1,0.0,,1,0,47060.0,0.0,0.00029676649311429106,0.0,1,False,False
100000002621949100,,0.0,-1,0.0,,1,0,164612.0,0.0,0.000319941135612483,0.0,1,False,False
100000007908818100,,0.0,-1,0.0,,4,6,727475.0,302000.0,0.0004774440730320631,0.4151345407058662,1,False,False
100000008691495100,,0.0,-1,0.0,,1,0,27000.0,0.0,0.00029253895577197476,0.0,1,False,False
100000003832231100,,0.0,-1,0.0,,1,0,35000.0,0.0,0.0002938849718133729,0.0,1,False,False
100000002371751100,,0.0,-1,0.0,,1,1,200000.0,250000.0,0.0005309030338467371,1.25,1,False,False
100000002894076100,,0.0,-1,0.0,,4,0,1122782.0,0.0,0.00038438193192336144,0.0,1,False,False
100000001362940100,,0.0,-1,0.0,,1,0,81000.0,0.0,0.0003031324453093383,0.0,1,False,False
100000008741372100,,0.0,-1,0.0,,1,0,35975.0,0.0,0.0002944303888550899,0.0,1,False,False
100000002618492100,,0.0,-1,0.0,,2,0,296500.0,0.0,0.00037066846997843073,0.0,1,False,False
100000002750332100,,0.0,-1,0.0,,1,0,11360.0,0.0,0.00028807404610007225,0.0,1,False,False
100000004948177100,,0.0,-1,0.0,,3,0,437163.0,0.0,0.00042401244562977747,0.0,1,False,False
100000002511825100,,0.0,-1,0.0,,1,0,65000.0,0.0,0.0002990953837188794,0.0,1,False,False
100000008566737100,,0.0,-1,0.0,,2,0,230000.0,0.0,0.00035100729487815376,0.0,1,False,False
100000008661585100,,0.0,-1,0.0,,1,0,43141.0,0.0,0.0002959405848967169,0.0,1,False,False
100000004759121100,,0.0,-1,0.0,,6,2,710000.0,312000.0,0.0014251342380562678,0.4394366197183099,1,False,False
100000004360785100,,0.0,-1,0.0,,1,0,94705.0,0.0,0.0002970768226574284,0.0,1,False,False
100000005092518100,,0.0,-1,0.0,,1,0,26144.0,0.0,0.00029235855836594175,0.0,1,False,False
100000008737958100,,0.0,-1,0.0,,2,0,53373.0,0.0,0.0003009630124549006,0.0,1,False,False
100000003044518100,,0.0,-1,0.0,,1,0,34423.0,0.0,0.00028883116745511436,0.0,1,False,False
100000004159526100,,0.0,-1,0.0,,4,4,275037.0,68000.0,0.0008567019383121547,0.24723946232688693,1,False,False
100000007544358100,,0.0,-1,0.0,,2,1,322500.0,350000.0,0.000342089268648019,1.0852713178294573,1,False,False
100000005901606100,,0.0,-1,0.0,,1,0,35660.0,0.0,0.00029436400429562676,0.0,1,False,False
100000006658598100,,0.0,-1,0.0,,1,0,9000.0,0.0,0.0002878208347080892,0.0,1,False,False
100000002793851100,,0.0,-1,0.0,,1,0,11052.0,0.0,0.00028804244706760203,0.0,1,False,False
100000005612411100,,0.0,-1,0.0,,3,8,115500.0,506997.0,0.0003286627982415827,4.389584415584416,1,False,False
100000007511163100,,0.0,-1,0.0,,2,3,63666.0,82052.0,0.0003410988058420594,1.2887883642760658,1,False,False
100000002648315100,,0.0,-1,0.0,,1,2,132000.0,76000.0,0.000294450332677196,0.5757575757575758,1,False,False
100000004739664100,,0.0,-1,0.0,,1,1,12000.0,10000.0,0.0002893777862737323,0.8333333333333334,1,False,False
100000003713616100,,0.0,-1,0.0,,1,0,15893.0,0.0,0.00028856526647910366,0.0,1,False,False
100000003476560100,,0.0,-1,0.0,,1,0,50000.0,0.0,0.00029690045230118767,0.0,1,False,False
100000008782800100,,0.0,-1,0.0,,1,0,43381.0,0.0,0.0002959911636086888,0.0,1,False,False
100000004218576100,,0.0,-1,0.0,,1,0,26144.0,0.0,0.00029235855836594175,0.0,1,False,False
100000003299365100,,0.0,-1,0.0,,1,1,200000.0,200000.0,0.0003270552571793357,1.0,1,False,False
100000008730021100,,0.0,-1,0.0,,1,0,75555.0,0.0,0.00047017474651074543,0.0,1,False,False
100000002757797100,,0.0,-1,0.0,,1,0,100000.0,0.0,0.0003035151884030101,0.0,1,False,False
100000002845605100,,0.0,-1,0.0,,1,0,57567.0,0.0,0.00029769494556327746,0.0,1,False,False
100000000817146100,,0.0,-1,0.0,,1,0,70020.0,0.0,0.0005919922486484179,0.0,1,False,False
100000002957306100,,0.0,-1,0.0,,2,0,398490.0,0.0,0.0003567681108089118,0.0,1,False,False
100000008188026100,,0.0,-1,0.0,,2,4,86468.0,337983.17,0.0003006429930811252,3.9087659018365173,1,False,False
100000004790991100,,0.0,-1,0.0,,1,0,239413.0,0.0,0.0003127050299285675,0.0,1,False,False
100000002973903100,,0.0,-1,0.0,,3,0,92880.0,0.0,0.00031828026758801,0.0,1,False,False
100000004325327100,,0.0,-1,0.0,,2,1,70817.0,70000.0,0.000297113253610291,0.988463222107686,1,False,False
100000001477796100,,0.0,-1,0.0,,1,0,182000.0,0.0,0.0003321339211112203,0.0,1,False,False
100000007536804100,,0.0,-1,0.0,,1,2,100000.0,55000.0,0.0002926075491615456,0.55,1,False,False
100000008665380100,,0.0,-1,0.0,,2,1,69100.0,18200.0,0.0002920753644667848,0.2633863965267728,1,False,False
100000001870116100,,0.0,-1,0.0,,1,0,24000.0,0.0,0.00029190672187232627,0.0,1,False,False
100000001074553100,,0.0,-1,0.0,,2,0,28971.0,0.0,0.00029079508036821983,0.0,1,False,False
100000000978041100,,0.0,-1,0.0,,1,0,44445.0,0.0,0.00029621539589843075,0.0,1,False,False
100000002603769100,,0.0,-1,0.0,,3,0,1185368.0,0.0,0.0005438818121874442,0.0,1,False,False
100000005034574100,,0.0,-1,0.0,,1,0,258816.0,0.0,0.0004269617292591738,0.0,1,False,False
100000002958286100,,0.0,-1,0.0,,1,0,257000.0,0.0,0.0003145667401300694,0.0,1,False,False
100000005634552100,,0.0,-1,0.0,,1,3,25850.0,1196000.0,0.000289640604814225,46.2669245647969,1,False,False
100000008736760100,,0.0,-1,0.0,,1,0,54757.0,0.0,0.00029838859455615584,0.0,1,False,False
100000008701944100,,0.0,-1,0.0,,1,0,52124.0,0.0,0.00041332200261128005,0.0,1,False,False
100000008748408100,,0.0,-1,0.0,,1,21,360000.0,1499960.0,0.000335541094644147,4.166555555555555,1,False,False
100000008486520100,,0.0,-1,0.0,,1,1,35720.0,14000.0,0.0002907065473036944,0.3919372900335946,1,False,False
100000003163256100,,0.0,-1,0.0,,1,1,13485.0,15000.0,0.0002883052067511764,1.1123470522803114,1,False,False
100000003102157100,,0.0,-1,0.0,,1,0,96746.0,0.0,0.0003050765904574425,0.0,1,False,False
100000004741837100,,0.0,-1,0.0,,1,0,25596.0,0.0,0.0002896131732648506,0.0,1,False,False
100000008443341100,,0.0,-1,0.0,,2,3,34500.0,50000.0,0.000671792314388838,1.4492753623188406,1,False,False
100000004792397100,,0.0,-1,0.0,,1,0,73520.0,0.0,0.0003023427961091907,0.0,1,False,False
100000003809101100,,0.0,-1,0.0,,2,2,166050.0,55200.0,0.00036356101123662506,0.3324299909665763,1,False,False
100000002838861100,,0.0,-1,0.0,,5,1,554523.95,10000.0,0.0021445334798070167,0.018033486200190272,1,False,False
100000008560717100,,0.0,-1,0.0,,7,1,529000.0,25000.0,0.0003322955354998574,0.04725897920604915,1,False,False
100000008693069100,,0.0,-1,0.0,,1,0,20000.0,0.0,0.00029106374333946164,0.0,1,False,False
100000008672162100,,0.0,-1,0.0,,1,0,15550.0,0.0,0.00029012592972164973,0.0,1,False,False
100000007311010100,,0.0,-1,0.0,,2,1,64480.0,20000.0,0.000310735293731328,0.31017369727047145,1,False,False
100000005505655100,,0.0,-1,0.0,,2,1,33070.0,20000.0,0.0003229334635277663,0.6047777441790142,1,False,False
100000004707703100,,0.0,-1,0.0,,2,5,239300.0,231650.0,0.0006383417067098009,0.9680317592979524,1,False,False
100000004005964100,,0.0,-1,0.0,,3,3,97900.0,72000.0,0.00040628580390527854,0.7354443309499489,1,False,False
100000008244300100,,0.0,-1,0.0,,5,0,65430.0,0.0,0.0004814540293765088,0.0,1,False,False
100000002692044100,,0.0,-1,0.0,,1,0,97000.0,0.0,0.00030301519827117396,0.0,1,False,False
100000001103905100,,0.0,-1,0.0,,1,0,18000.0,0.0,0.00029064225407302935,0.0,1,False,False
100000008755361100,,0.0,-1,0.0,,1,0,14627.0,0.0,0.0002899314124251912,0.0,1,False,False
100000002810870100,,0.0,-1,0.0,,1,0,33677.0,0.0,0.00029394609768795913,0.0,1,False,False
100000005897462100,,0.0,-1,0.0,,1,0,98400.0,0.0,0.0003018442668310859,0.0,1,False,False
100000000941942100,,0.0,-1,0.0,,1,0,130000.0,0.0,0.0003129830149028666,0.0,1,False,False
100000008723830100,,0.0,-1,0.0,,2,1,459785.0,455000.0,0.0003417527073129891,0.9895929619278576,1,False,False
100000008776576100,,0.0,-1,0.0,,1,0,14765.0,0.0,0.000289960495184575,0.0,1,False,False
100000005432267100,,0.0,-1,0.0,,2,0,350001.0,0.0,0.0003438402969096735,0.0,1,False,False
100000006745291100,,0.0,-1,0.0,,1,0,82534.0,0.0,0.00029942640836837995,0.0,1,False,False
100000008670667100,,0.0,-1,0.0,,1,0,15534.0,0.0,0.00029012255780751825,0.0,1,False,False
100000002480800100,,0.0,-1,0.0,,2,0,569251.0,0.0,0.000643827768895838,0.0,1,False,False
100000002182176100,,0.0,-1,0.0,,1,0,42465.0,0.0,0.00029484960491671467,0.0,1,False,False
100000008219168100,,0.0,-1,0.0,,1,0,53200.0,0.0,0.00028991247826990705,0.0,1,False,False
100000004226848100,,0.0,-1,0.0,,1,0,301866.0,0.0,0.00034753358620411847,0.0,1,False,False
100000006326645100,,0.0,-1,0.0,,1,0,25264.0,0.0,0.0002921731030887115,0.0,1,False,False
100000003589877100,,0.0,-1,0.0,,2,6,176000.0,416129.0,0.0003083459858879622,2.364369318181818,1,False,False
100000003942602100,,0.0,-1,0.0,,1,1,30000.0,30000.0,0.00029317118967162324,1.0,1,False,False
100000000922570100,,0.0,-1,0.0,,1,1,47101.0,50000.0,0.00029469886240834323,1.0615485870788306,1,False,False
100000005079754100,,0.0,-1,0.0,,1,2,70000.0,122000.0,0.0003009210929516074,1.7428571428571429,1,False,False
100000003187359100,,0.0,-1,0.0,,1,0,19072.0,0.0,0.000290868172319837,0.0,1,False,False
100000000998559100,,0.0,-1,0.0,,1,0,100000.0,0.0,0.000306952053927237,0.0,1,False,False
100000008690932100,,0.0,-1,0.0,,1,0,23000.0,0.0,0.00029169597723911013,0.0,1,False,False
100000008773876100,,0.0,-1,0.0,,1,0,26120.0,0.0,0.0002923535004947446,0.0,1,False,False
100000006789108100,,0.0,-1,0.0,,1,0,37500.0,0.0,0.0002925635671979842,0.0,1,False,False
100000004058740100,,0.0,-1,0.0,,1,0,30000.0,0.0,0.00029317118967162324,0.0,1,False,False
100000007641801100,,0.0,-1,0.0,,1,0,200000.0,0.0,0.0002983662476479529,0.0,1,False,False
100000000555721100,,0.0,-1,0.0,,2,0,113000.0,0.0,0.0003094618711002596,0.0,1,False,False
100000008729801100,,0.0,-1,0.0,,1,0,17534.0,0.0,0.0002905440470739506,0.0,1,False,False
100000004664905100,,0.0,-1,0.0,,2,0,329020.0,0.0,0.00041365015812107607,0.0,1,False,False
100000003057225100,,0.0,-1,0.0,,1,0,236000.0,0.0,0.00031233643198362744,0.0,1,False,False
100000000703902100,,0.0,-1,0.0,,1,0,25499.0,0.0,0.0002922226280775173,0.0,1,False,False
100000008720798100,,0.0,-1,0.0,,1,0,15534.0,0.0,0.00029012255780751825,0.0,1,False,False
100000001411870100,,0.0,-1,0.0,,2,0,900000.0,0.0,0.0004801372969925954,0.0,1,False,False
100000008556318100,,0.0,-1,0.0,,2,0,180132.0,0.0,0.0005629471177705023,0.0,1,False,False
100000002720627100,,0.0,-1,0.0,,1,0,199300.0,0.0,0.00031722066408855645,0.0,1,False,False
100000003022835100,,0.0,-1,0.0,,1,0,125000.0,0.0,0.0003119778547402617,0.0,1,False,False
100000008304115100,,0.0,-1,0.0,,1,0,51000.0,0.0,0.00029534868291635294,0.0,1,False,False
100000003886323100,,0.0,-1,0.0,,2,1,78168.0,7650.0,0.0018299553035193094,0.09786613447958244,1,False,False
100000000607731100,,0.0,-1,0.0,,1,1,20000.0,66666.0,0.0003189386946552999,3.3333,1,False,False
100000005961971100,,0.0,-1,0.0,,1,0,47353.0,0.0,0.00029682824129182334,0.0,1,False,False
100000000440392100,,0.0,-1,0.0,,1,0,105705.0,0.0,0.0002982648031421461,0.0,1,False,False
100000004105288100,,0.0,-1,0.0,,2,0,215000.0,0.0,0.00046507021594303433,0.0,1,False,False
100000008169544100,,0.0,-1,0.0,,1,4,137104.0,42800.0,0.0003016558394366599,0.31217178200490137,1,False,False
100000004186824100,,0.0,-1,0.0,,2,1,451700.0,7000.0,0.00038362670399067405,0.015497011290679655,1,False,False
100000008672200100,,0.0,-1,0.0,,1,0,8511.0,0.0,0.00028864249824844113,0.0,1,False,False
100000002188829100,,0.0,-1,0.0,,1,0,400000.0,0.0,0.000367261663683533,0.0,1,False,False
100000008717341100,,0.0,-1,0.0,,1,0,14627.0,0.0,0.0002899314124251912,0.0,1,False,False
100000002214301100,,0.0,-1,0.0,,1,1,21438.0,8000.0,0.0002908879456811648,0.373169138912212,1,False,False
100000002565277100,,0.0,-1,0.0,,1,0,483319.0,0.0,0.000384011451601149,0.0,1,False,False
100000005546031100,,0.0,-1,0.0,,3,1,66800.0,8000.0,0.0007155990213297739,0.11976047904191617,1,False,False
100000003449074100,,0.0,-1,0.0,,1,0,10000.0,0.0,0.00028873293268186776,0.0,1,False,False
100000008748914100,,0.0,-1,0.0,,2,13,180000.0,4471847.0,0.0007942533093309326,24.843594444444445,1,False,False
100000004744306100,,0.0,-1,0.0,,1,2,69000.0,92000.0,0.0004627875910079735,1.3333333333333333,1,False,False
100000003158727100,,0.0,-1,0.0,,3,0,367940.0,0.0,0.0003155311171243542,0.0,1,False,False
100000001389255100,,0.0,-1,0.0,,1,0,16136.0,0.0,0.00029024942607671435,0.0,1,False,False
100000008695495100,,0.0,-1,0.0,,1,0,21000.0,0.0,0.00029127448797267784,0.0,1,False,False
100000004015047100,,0.0,-1,0.0,,9,1,919104.0,69195.0,0.0022863430313044366,0.07528527783580531,1,False,False
100000005183943100,,0.0,-1,0.0,,1,0,680900.0,0.0,0.0006133735199490174,0.0,1,False,False
100000003004487100,,0.0,-1,0.0,,4,2,183702.8,265015.0,0.00035240525203726765,1.4426290726107605,1,False,False
100000003042994100,,0.0,-1,0.0,,1,0,286086.0,0.0,0.0003177456311252248,0.0,1,False,False
100000001899164100,,0.0,-1,0.0,,4,3,291675.0,76500.0,0.001181155112298038,0.2622782206222679,1,False,False
100000003946524100,,0.0,-1,0.0,,2,2,133757.0,144750.0,0.0003275053717421067,1.0821863528637754,1,False,False
100000008717340100,,0.0,-1,0.0,,1,0,41500.0,0.0,0.0002955947529536092,0.0,1,False,False
100000003831324100,,0.0,-1,0.0,,2,0,300000.0,0.0,0.0003166000006754677,0.0,1,False,False
100000008129393100,,0.0,-1,0.0,,1,0,10000.0,0.0,0.0003130892608777682,0.0,1,False,False
100000004388209100,,0.0,-1,0.0,,1,0,11800.0,0.0,0.00028933563734708905,0.0,1,False,False
100000000706545100,,0.0,-1,0.0,,3,1,1070300.0,75800.0,0.003277557229983339,0.07082126506586939,1,False,False
100000004497606100,,0.0,-1,0.0,,1,0,15534.0,0.0,0.00029012255780751825,0.0,1,False,False
100000008470470100,,0.0,-1,0.0,,1,0,33547.0,0.0,0.000293918700885641,0.0,1,False,False
100000004318918100,,0.0,-1,0.0,,1,0,75600.0,0.0,0.0002983697191851956,0.0,1,False,False
100000005228059100,,0.0,-1,0.0,,1,0,26000.0,0.0,0.0002923282111387586,0.0,1,False,False
100000001609499100,,0.0,-1,0.0,,3,2,263113.0,21000.0,0.0003223366953122211,0.07981361620292422,1,False,False
100000002824176100,,0.0,-1,0.0,,1,0,144000.0,0.0,0.0003401013976697427,0.0,1,False,False
100000001363952100,,0.0,-1,0.0,,2,1,196655.0,91000.0,0.00030846326752516595,0.4627393150441128,1,False,False
100000001049200100,,0.0,-1,0.0,,2,4,76624.0,36000.0,0.0002996239878397914,0.46982668615577367,1,False,False
100000002662768100,,0.0,-1,0.0,,1,0,84300.0,0.0,0.0003078242981353675,0.0,1,False,False
100000004737477100,,0.0,-1,0.0,,2,1,49598.0,40500.0,0.00029362621724889526,0.8165651840800032,1,False,False
100000008680451100,,0.0,-1,0.0,,1,0,23534.0,0.0,0.00029180851487324756,0.0,1,False,False
100000001952325100,,0.0,-1,0.0,,1,0,77888.0,0.0,0.0003032633286670789,0.0,1,False,False
100000008751429100,,0.0,-1,0.0,,3,1,386200.0,72600.0,0.00152475286361168,0.1879854997410668,1,False,False
100000001960517100,,0.0,-1,0.0,,1,0,200000.0,0.0,0.00036081072150097776,0.0,1,False,False
100000008686234100,,0.0,-1,0.0,,1,0,39778.0,0.0,0.0002943433520815065,0.0,1,False,False
100000004213658100,,0.0,-1,0.0,,1,0,25347.0,0.0,0.0002921905948932685,0.0,1,False,False
100000001194266100,,0.0,-1,0.0,,1,0,50000.0,0.0,0.00029690045230118767,0.0,1,False,False
100000002243354100,,0.0,-1,0.0,,1,0,20879.0,0.0,0.00029124898787205865,0.0,1,False,False
100000006069103100,,0.0,-1,0.0,,3,3,228818.0,270000.0,0.0011564584242151762,1.1799770997036947,1,False,False
100000002760175100,,0.0,-1,0.0,,1,0,187410.0,0.0,0.0003154087179697128,0.0,1,False,False
100000003567087100,,0.0,-1,0.0,,1,0,62115.0,0.0,0.0002999392535673604,0.0,1,False,False
100000008229700100,,0.0,-1,0.0,,1,1,23500.0,7200.0,0.00029076544004118823,0.30638297872340425,1,False,False
100000004076740100,,0.0,-1,0.0,,3,6,93250.0,125000.0,0.0007445676652619175,1.3404825737265416,1,False,False
100000003284932100,,0.0,-1,0.0,,1,0,69925.0,0.0,0.0003009060155491684,0.0,1,False,False
100000008071620100,,0.0,-1,0.0,,1,0,46968.0,0.0,0.0002956980070443449,0.0,1,False,False
100000003235780100,,0.0,-1,0.0,,2,0,65000.0,0.0,0.00029250275015301337,0.0,1,False,False
100000005363908100,,0.0,-1,0.0,,1,1,19500.0,19500.0,0.0003400226671203471,1.0,1,False,False
100000001851289100,,0.0,-1,0.0,,1,0,109510.0,0.0,0.00029867573639163255,0.0,1,False,False
100000002870937100,,0.0,-1,0.0,,1,0,83700.0,0.0,0.00029166888130826126,0.0,1,False,False
100000002152857100,,0.0,-1,0.0,,1,5,105000.0,1230000.0,0.00030105075516609917,11.714285714285714,1,False,False
100000002600345100,,0.0,-1,0.0,,2,0,52400.0,0.0,0.00029704373329486887,0.0,1,False,False
100000002580377100,,0.0,-1,0.0,,1,1,37750.0,5000.0,0.00029092578370223775,0.13245033112582782,1,False,False
100000004094958100,,0.0,-1,0.0,,1,1,39000.0,40000.0,0.00039319648356555577,1.0256410256410255,1,False,False
100000002609774100,,0.0,-1,0.0,,1,1,7700.0,27500.0,0.00028768043701444076,3.5714285714285716,1,False,False
100000002596035100,,0.0,-1,0.0,,1,0,231570.0,0.0,0.0003221383681470161,0.0,1,False,False
100000004664515100,,0.0,-1,0.0,,1,0,37691.0,0.0,0.0002939501441667021,0.0,1,False,False
100000000661912100,,0.0,-1,0.0,,5,2,393036.0,430700.0,0.0017684681959515515,1.0958283719557496,1,False,False
100000004144536100,,0.0,-1,0.0,,4,0,168000.0,0.0,0.0009726769407571354,0.0,1,False,False
100000006177176100,,0.0,-1,0.0,,1,0,8911.0,0.0,0.0002878112228659856,0.0,1,False,False
100000002158488100,,0.0,-1,0.0,,1,0,31723.0,0.0,0.00029353430267465473,0.0,1,False,False
100000000041368100,,0.0,-1,0.0,,1,0,160000.0,0.0,0.0003190139758784962,0.0,1,False,False
100000008722328100,,0.0,-1,0.0,,1,0,23677.0,0.0,0.00029183865135579747,0.0,1,False,False
100000008735384100,,0.0,-1,0.0,,1,0,39220.0,0.0,0.0002951142551898763,0.0,1,False,False
100000004480280100,,0.0,-1,0.0,,1,2,146694.0,295850.0,0.00031633904365377196,2.0167832358515003,1,False,False
100000004286573100,,0.0,-1,0.0,,1,0,16590.0,0.0,0.00028961379610419226,0.0,1,False,False
100000001746925100,,0.0,-1,0.0,,1,1,65250.0,5000.0,0.00029996619079713274,0.07662835249042145,1,False,False
100000001660397100,,0.0,-1,0.0,,2,3,48600.0,49000.0,0.00029647040245110793,1.008230452674897,1,False,False
100000002591469100,,0.0,-1,0.0,,1,0,235670.0,0.0,0.00030042037539805447,0.0,1,False,False
100000002731501100,,0.0,-1,0.0,,3,7,570370.0,833960.0,0.00048768656883344495,1.4621386117783193,1,False,False
100000000089154100,,0.0,-1,0.0,,1,15,10000.0,425500.0,0.00028873293268186776,42.55,1,False,False
100000008732098100,,0.0,-1,0.0,,1,0,15677.0,0.0,0.00029015269429006816,0.0,1,False,False
100000005456919100,,0.0,-1,0.0,,2,1,479950.0,5000.0,0.0013880209367746214,0.010417751849150954,1,False,False
100000000507799100,,0.0,-1,0.0,,1,1,5132.0,8000.0,0.0002874030975703721,1.558846453624318,1,False,False
100000008716439100,,0.0,-1,0.0,,1,0,12267.0,0.0,0.00028943405509080104,0.0,1,False,False
100000002981527100,,0.0,-1,0.0,,1,0,168000.0,0.0,0.0003049679379452878,0.0,1,False,False
100000002844652100,,0.0,-1,0.0,,1,0,61360.0,0.0,0.00029038238806639786,0.0,1,False,False
100000002605548100,,0.0,-1,0.0,,2,0,116695.0,0.0,0.00031573037452786804,0.0,1,False,False
100000002750956100,,0.0,-1,0.0,,1,0,47416.0,0.0,0.00029578241391824643,0.0,1,False,False
100000002982252100,,0.0,-1,0.0,,1,0,20320.0,0.0,0.00029113118162209077,0.0,1,False,False
100000000961900100,,0.0,-1,0.0,,2,0,36000.0,0.0,0.00029563555809140516,0.0,1,False,False
100000007175718100,,0.0,-1,0.0,,1,0,20000.0,0.0,0.00030454130826954175,0.0,1,False,False
100000002306369100,,0.0,-1,0.0,,1,6,73166.0,260900.0,0.0003006339250855746,3.5658639258672062,1,False,False
100000000667713100,,0.0,-1,0.0,,2,6,119495.0,79236.0,0.00032153406026379726,0.663090505878907,1,False,False
100000001072022100,,0.0,-1,0.0,,3,0,1684000.0,0.0,0.0005042792209937786,0.0,1,False,False
100000008116374100,,0.0,-1,0.0,,1,0,31284.0,0.0,0.00029022746717367556,0.0,1,False,False
100000000703894100,,0.0,-1,0.0,,1,1,120000.0,35000.0,0.0004793879145561075,0.2916666666666667,1,False,False
100000008066326100,,0.0,-1,0.0,,1,0,19320.0,0.0,0.00029048889711213955,0.0,1,False,False
100000004662806100,,0.0,-1,0.0,,2,2,106585.0,59900.0,0.0003068136044092031,0.5619927757189098,1,False,False
100000005778283100,,0.0,-1,0.0,,3,0,615760.0,0.0,0.000439496671777111,0.0,1,False,False
100000004408683100,,0.0,-1,0.0,,2,0,112919.68,0.0,0.00038701027103105775,0.0,1,False,False
100000002704875100,,0.0,-1,0.0,,3,0,244891.0,0.0,0.00031647299000806526,0.0,1,False,False
100000008349675100,,0.0,-1,0.0,,1,1,46520.0,36650.0,0.00028952779721101507,0.7878331900257953,1,False,False
100000006889963100,,0.0,-1,0.0,,4,1,1431000.0,443475.8,0.0004291309761802344,0.30990621942697416,1,False,False
100000008771819100,,0.0,-1,0.0,,1,0,38900.0,0.0,0.0002950468169072472,0.0,1,False,False
100000008586731100,,0.0,-1,0.0,,1,0,12000.0,0.0,0.000288848811202483,0.0,1,False,False
100000005844459100,,0.0,-1,0.0,,2,0,243400.0,0.0,0.0003395717553947093,0.0,1,False,False
100000008172352100,,0.0,-1,0.0,,3,7,90265.0,289510.0,0.00037692105541289644,3.207333961114496,1,False,False
100000001162560100,,0.0,-1,0.0,,1,12,331300.0,2904398.0,0.00032258012217871294,8.76667069121642,1,False,False
100000008779584100,,0.0,-1,0.0,,1,0,31400.0,0.0,0.0002934662321581259,0.0,1,False,False
100000007631637100,,0.0,-1,0.0,,1,0,15341.0,0.0,0.00029008188409330754,0.0,1,False,False
100000007347733100,,0.0,-1,0.0,,1,0,23007.0,0.0,0.00034722016242832873,0.0,1,False,False
100000001463701100,,0.0,-1,0.0,,2,0,621000.0,0.0,0.000574735494084051,0.0,1,False,False
100000008664469100,,0.0,-1,0.0,,1,0,25000.0,0.0,0.000291874651488163,0.0,1,False,False
100000003923946100,,0.0,-1,0.0,,1,4,282000.0,675000.0,0.0003911350885395719,2.393617021276596,1,False,False
100000006562026100,,0.0,-1,0.0,,2,0,75000.0,0.0,0.0006883454950625159,0.0,1,False,False
100000008776298100,,0.0,-1,0.0,,1,0,42800.0,0.0,0.00029586872097679017,0.0,1,False,False
100000006446271100,,0.0,-1,0.0,,2,0,80000.0,0.0,0.0003153074301943812,0.0,1,False,False
100000004588479100,,0.0,-1,0.0,,1,0,177633.0,0.0,0.00030603289953348934,0.0,1,False,False
100000002324543100,,0.0,-1,0.0,,1,0,30202.0,0.0,0.0002901061880187875,0.0,1,False,False
100000007129492100,,0.0,-1,0.0,,2,1,50990.0,37000.0,0.0002958353310195967,0.725632476956266,1,False,False
100000003877908100,,0.0,-1,0.0,,1,0,40000.0,0.0,0.0002948901319759778,0.0,1,False,False
100000002748180100,,0.0,-1,0.0,,1,8,9900.0,679743.0,0.00028849881811019763,68.66090909090909,1,False,False
100000000945428100,,0.0,-1,0.0,,1,0,89629.0,0.0,0.0003037356892932532,0.0,1,False,False
100000003115284100,,0.0,-1,0.0,,8,2,2160500.0,517000.0,0.0015347529278087768,0.23929645915297384,1,False,False
100000005394708100,,0.0,-1,0.0,,1,1,26000.0,65000.0,0.00034671119749081356,2.5,1,False,False
100000008747113100,,0.0,-1,0.0,,2,0,197801.0,0.0,0.0003088857922381499,0.0,1,False,False
100000004491881100,,0.0,-1,0.0,,1,0,17144.0,0.0,0.00029046185666699623,0.0,1,False,False
100000006008169100,,0.0,-1,0.0,,1,0,70000.0,0.0,0.0002985152870846486,0.0,1,False,False
100000002681449100,,0.0,-1,0.0,,2,2,94638.0,133000.0,0.00029645812466344356,1.4053551427544961,1,False,False
100000002645609100,,0.0,-1,0.0,,4,0,546820.6799999999,0.0,0.00035692526785594734,0.0,1,False,False
100000006369769100,,0.0,-1,0.0,,1,0,40000.0,0.0,0.0002952786360037849,0.0,1,False,False
100000002173161100,,0.0,-1,0.0,,3,0,1427500.0,0.0,0.00043734980636124494,0.0,1,False,False
100000008686313100,,0.0,-1,0.0,,6,7,1912716.0,333800.0,0.00046965063948727754,0.17451623764322566,1,False,False
100000004692798100,,0.0,-1,0.0,,2,1,240305.0,15000.0,0.0019344960727247715,0.06242067372713843,1,False,False
100000002939838100,,0.0,-1,0.0,,3,0,571233.0,0.0,0.0004017919755441816,0.0,1,False,False
100000003119550100,,0.0,-1,0.0,,1,0,21000.0,0.0,0.00029127448797267784,0.0,1,False,False
100000004315838100,,0.0,-1,0.0,,2,1,50000.0,18000.0,0.00029268806861577944,0.36,1,False,False
100000002671806100,,0.0,-1,0.0,,1,0,12440.0,0.0,0.0002889221430884856,0.0,1,False,False
100000008716222100,,0.0,-1,0.0,,1,0,18000.0,0.0,0.00029064225407302935,0.0,1,False,False
100000005496254100,,0.0,-1,0.0,,1,0,12700.0,0.0,0.00028924163482368465,0.0,1,False,False
100000004622227100,,0.0,-1,0.0,,1,3,24931.0,19000.0,0.0002915460555261154,0.762103405398901,1,False,False
100000000274067100,,0.0,-1,0.0,,2,3,517704.0,2969000.0,0.00041549935687245086,5.734937338710924,1,False,False
100000008782056100,,0.0,-1,0.0,,1,0,29082.0,0.0,0.0002929777260983308,0.0,1,False,False
100000006788200100,,0.0,-1,0.0,,4,3,272155.8,64500.0,0.00033865826134583124,0.23699660268125833,1,False,False
100000001164648100,,0.0,-1,0.0,,2,0,13660.0,0.0,0.0002914417567020068,0.0,1,False,False
100000005133757100,,0.0,-1,0.0,,2,0,65000.0,0.0,0.00030074590188942354,0.0,1,False,False
100000006445501100,,0.0,-1,0.0,,1,0,91000.0,0.0,0.0003007165627705776,0.0,1,False,False
100000004390333100,,0.0,-1,0.0,,2,9,64558.0,506500.0,0.0002965323541047171,7.845658167849066,1,False,False
100000001641789100,,0.0,-1,0.0,,1,0,17826.0,0.0,0.0004914067816530845,0.0,1,False,False
100000000968253100,,0.0,-1,0.0,,1,0,15000.0,0.0,0.0002900100201733808,0.0,1,False,False
100000001527186100,,0.0,-1,0.0,,1,0,678000.0,0.0,0.0004231485687243672,0.0,1,False,False
100000005852946100,,0.0,-1,0.0,,1,0,23746.0,0.0,0.00029162255731938173,0.0,1,False,False
100000001530983100,,0.0,-1,0.0,,4,11,564158.0,1829538.0,0.00035767381242849576,3.24295321523403,1,False,False
100000008221543100,,0.0,-1,0.0,,2,0,542000.0,0.0,0.00037311805907859366,0.0,1,False,False
100000001937767100,,0.0,-1,0.0,,1,4,53000.0,1933000.0,0.0008950374707711298,36.471698113207545,1,False,False
100000002462183100,,0.0,-1,0.0,,1,0,107500.0,0.0,0.00038194581024505656,0.0,1,False,False
100000001805543100,,0.0,-1,0.0,,1,0,59000.0,0.0,0.00029322074600226063,0.0,1,False,False
100000002606567100,,0.0,-1,0.0,,1,1,14095.0,53000.0,0.0002895044642636235,3.7601986520042567,1,False,False
100000007281639100,,0.0,-1,0.0,,2,0,216770.0,0.0,0.00032501112029930524,0.0,1,False,False
100000002991079100,,0.0,-1,0.0,,2,1,148900.0,11000.0,0.0003969046113959717,0.07387508394895903,1,False,False
100000002847207100,,0.0,-1,0.0,,1,0,46243.0,0.0,0.00029614517495500637,0.0,1,False,False
100000000011452100,,0.0,-1,0.0,,3,1,110000.0,16685.0,0.000482691511210183,0.1516818181818182,1,False,False
100000003148220100,,0.0,-1,0.0,,1,2,5650.0,43400.0,0.0009218677970301556,7.68141592920354,1,False,False
100000002479804100,,0.0,-1,0.0,,1,2,46000.0,35300.0,0.00029829452781832393,0.7673913043478261,1,False,False
100000008745489100,,0.0,-1,0.0,,1,0,55539.0,0.0,0.0002985533968593309,0.0,1,False,False
100000002289937100,,0.0,-1,0.0,,1,0,20000.0,0.0,0.00029106374333946164,0.0,1,False,False
100000004679953100,,0.0,-1,0.0,,3,3,343538.0,34100.0,0.00033574399052437904,0.09926121709970949,1,False,False
100000003066385100,,0.0,-1,0.0,,2,0,20000.0,0.0,0.000292843694901976,0.0,1,False,False
100000008744849100,,0.0,-1,0.0,,1,0,44445.0,0.0,0.00029621539589843075,0.0,1,False,False
100000005093521100,,0.0,-1,0.0,,1,0,15200.0,0.0,0.0002899045375694574,0.0,1,False,False
100000006518161100,,0.0,-1,0.0,,3,2,594200.0,595899.0,0.0008142086253494286,1.002859306630764,1,False,False
100000001126374100,,0.0,-1,0.0,,4,2,182500.0,29200.0,0.0003148952571233323,0.16,1,False,False
100000004509286100,,0.0,-1,0.0,,1,0,40000.0,0.0,0.0002948901319759778,0.0,1,False,False
100000005056870100,,0.0,-1,0.0,,1,0,20000.0,0.0,0.00030454130826954175,0.0,1,False,False
100000008708368100,,0.0,-1,0.0,,1,0,23677.0,0.0,0.00029183865135579747,0.0,1,False,False
100000005895525100,,0.0,-1,0.0,,1,0,120000.0,0.0,0.0003930035962415586,0.0,1,False,False
100000008716773100,,0.0,-1,0.0,,1,0,15677.0,0.0,0.00029015269429006816,0.0,1,False,False
100000002778085100,,0.0,-1,0.0,,1,0,66208.0,0.0,0.00029399919721442836,0.0,1,False,False
100000007055802100,,0.0,-1,0.0,,6,1,2024999.0,605000.0,0.0011867330774222946,0.29876557963732325,1,False,False
100000003071930100,,0.0,-1,0.0,,3,1,477610.0,5000.0,0.0003499148355129672,0.010468792529469651,1,False,False
100000002941114100,,0.0,-1,0.0,,2,1,128510.0,15000.0,0.0018398734161550532,0.11672243405182477,1,False,False
100000003888271100,,0.0,-1,0.0,,1,2,12177.0,25590.0,0.00029268831446974553,2.10150283321015,1,False,False
100000007507343100,,0.0,-1,0.0,,1,0,370000.0,0.0,0.0006455234397126382,0.0,1,False,False
100000008002020100,,0.0,-1,0.0,,1,1,73860.0,17000.0,0.0002991586077209444,0.23016517736257786,1,False,False
100000001872484100,,0.0,-1,0.0,,1,3,871400.0,514580.0,0.002310623959101203,0.5905210006885472,1,False,False
100000008769636100,,0.0,-1,0.0,,1,0,23118.0,0.0,0.00029172084510582964,0.0,1,False,False
100000004135268100,,0.0,-1,0.0,,2,3,1239000.0,1000200.0,0.0017518525045470586,0.8072639225181598,1,False,False
100000005316708100,,0.0,-1,0.0,,1,2,90000.0,257500.0,0.0002990219116673905,2.861111111111111,1,False,False
100000008671929100,,0.0,-1,0.0,,1,0,75000.0,0.0,0.0003019262531142123,0.0,1,False,False
100000005287097100,,0.0,-1,0.0,,2,9,127173.0,697300.0,0.00030406133800166924,5.483082100760382,1,False,False
100000007283257100,,0.0,-1,0.0,,1,0,192000.0,0.0,0.00039079015526270175,0.0,1,False,False
100000004847758100,,0.0,-1,0.0,,4,15,115171.0,488800.0,0.0003061000772998295,4.244123954815014,1,False,False
100000008737422100,,0.0,-1,0.0,,1,0,76903.0,0.0,0.00030305574520336103,0.0,1,False,False
100000008555918100,,0.0,-1,0.0,,1,2,139211.0,43300.0,0.0003148347209544174,0.3110386391879952,1,False,False
100000008094734100,,0.0,-1,0.0,,4,0,236249.0,0.0,0.00034565667449792524,0.0,1,False,False
100000006952718100,,0.0,-1,0.0,,1,0,71489.0,0.0,0.00029456953584531875,0.0,1,False,False
100000005339662100,,0.0,-1,0.0,,4,4,202939.0,295160.0,0.00166716269738381,1.4544271924075707,1,False,False
100000001716579100,,0.0,-1,0.0,,1,0,13916.0,0.0,0.0002897815729909745,0.0,1,False,False
100000002774456100,,0.0,-1,0.0,,1,0,50363.0,0.0,0.00029452379116154067,0.0,1,False,False
100000004394765100,,0.0,-1,0.0,,3,2,603844.0,82500.0,0.00038196590482139484,0.13662469114539516,1,False,False
100000004004621100,,0.0,-1,0.0,,3,0,75389.0,0.0,0.0003021154851695287,0.0,1,False,False
100000000907277100,,0.0,-1,0.0,,1,0,17534.0,0.0,0.0002905440470739506,0.0,1,False,False
100000003835149100,,0.0,-1,0.0,,1,2,248500.0,4600440.0,0.0004910490679079407,18.512837022132796,1,False,False
100000004254434100,,0.0,-1,0.0,,1,0,44445.0,0.0,0.00029621539589843075,0.0,1,False,False
100000003635170100,,0.0,-1,0.0,,3,4,268500.0,253500.0,0.001152553467557802,0.9441340782122905,1,False,False
100000006687202100,,0.0,-1,0.0,,1,0,50000.0,0.0,0.0002962692607087853,0.0,1,False,False
100000006030946100,,0.0,-1,0.0,,1,0,73289.0,0.0,0.0003022941140989178,0.0,1,False,False
100000002615479100,,0.0,-1,0.0,,1,0,220000.0,0.0,0.00031057622686223886,0.0,1,False,False
100000002952631100,,0.0,-1,0.0,,1,0,48050.0,0.0,0.0002920381654288371,0.0,1,False,False
100000002890167100,,0.0,-1,0.0,,1,0,118150.0,0.0,0.0002996088410632654,0.0,1,False,False
100000008687671100,,0.0,-1,0.0,,1,0,37500.0,0.0,0.00029475177442074454,0.0,1,False,False
100000000810551100,,0.0,-1,0.0,,1,1,100000.0,7100.0,0.000306952053927237,0.071,1,False,False
100000008724279100,,0.0,-1,0.0,,1,0,11750.0,0.0,0.0002881178298292686,0.0,1,False,False
100000002592567100,,0.0,-1,0.0,,1,2,5297.0,48600.0,0.0002874209172776429,9.175004719652634,1,False,False
100000002670860100,,0.0,-1,0.0,,2,0,450000.0,0.0,0.00031032361986134925,0.0,1,False,False
100000002844897100,,0.0,-1,0.0,,1,0,10800.0,0.0,0.0002880136491425051,0.0,1,False,False
100000007938486100,,0.0,-1,0.0,,1,0,39500.0,0.0,0.00029517326368717683,0.0,1,False,False
100000008438656100,,0.0,-1,0.0,,2,1,80000.0,5000.0,0.00029871902959140905,0.0625,1,False,False
100000008304139100,,0.0,-1,0.0,,4,24,189329.75,1692997.0,0.00031501336655354435,8.942054801213228,1,False,False
100000002597003100,,0.0,-1,0.0,,1,1,17700.0,11000.0,0.00029018367582704934,0.6214689265536724,1,False,False
100000002830055100,,0.0,-1,0.0,,1,0,14000.0,0.0,0.00028979927554016467,0.0,1,False,False
100000004299488100,,0.0,-1,0.0,,6,2,1749000.0,344999.0,0.0014677101163357964,0.19725500285877645,1,False,False
100000002809568100,,0.0,-1,0.0,,1,0,10000.0,0.0,0.00028873293268186776,0.0,1,False,False
100000004784224100,,0.0,-1,0.0,,1,1,23500.0,100000.0,0.0003061595352021841,4.25531914893617,1,False,False
100000003123296100,,0.0,-1,0.0,,1,0,86200.0,0.0,0.0003012152337965638,0.0,1,False,False
100000004130144100,,0.0,-1,0.0,,1,0,200000.0,0.0,0.0002983662476479529,0.0,1,False,False
100000001253557100,,0.0,-1,0.0,,5,0,210200.0,0.0,0.0003526280508538812,0.0,1,False,False
100000008767925100,,0.0,-1,0.0,,1,0,17144.0,0.0,0.00029046185666699623,0.0,1,False,False
100000007181706100,,0.0,-1,0.0,,2,0,176272.0,0.0,0.0003204792128221106,0.0,1,False,False
100000003366154100,,0.0,-1,0.0,,1,3,125000.0,289170.0,0.0003119778547402617,2.31336,1,False,False
100000007641183100,,0.0,-1,0.0,,1,0,28000.0,0.0,0.0002898728009998744,0.0,1,False,False
100000008663007100,,0.0,-1,0.0,,1,0,14000.0,0.0,0.00028979927554016467,0.0,1,False,False
100000007334196100,,0.0,-1,0.0,,1,0,150002.0,0.0,0.00030970802155140303,0.0,1,False,False
100000003873332100,,0.0,-1,0.0,,1,4,23468.0,286000.0,0.0002912704143285309,12.186807567751833,1,False,False
100000001550388100,,0.0,-1,0.0,,1,0,50000.0,0.0,0.0002962692607087853,0.0,1,False,False
100000008718089100,,0.0,-1,0.0,,1,0,15534.0,0.0,0.00029012255780751825,0.0,1,False,False
100000008728457100,,0.0,-1,0.0,,1,0,45000.0,0.0,0.0002937065105025534,0.0,1,False,False
100000004206046100,,0.0,-1,0.0,,1,0,11075.0,0.0,0.0002880449310267973,0.0,1,False,False
100000006579678100,,0.0,-1,0.0,,2,6,192930.0,1668800.0,0.0006283224398262306,8.649769346395066,1,False,False
100000002988894100,,0.0,-1,0.0,,1,3,306121.0,77500.0,0.0003483889775024953,0.25316786499456095,1,False,False
100000008749406100,,0.0,-1,0.0,,1,0,17144.0,0.0,0.00029046185666699623,0.0,1,False,False
100000005584222100,,0.0,-1,0.0,,2,2,192717.0,108587.0,0.0008793968910150205,0.5634531463233653,1,False,False
100000003239859100,,0.0,-1,0.0,,1,0,18600.0,0.0,0.0002899487894925225,0.0,1,False,False
100000003980083100,,0.0,-1,0.0,,1,0,30000.0,0.0,0.0005309030338467371,0.0,1,False,False
100000004351795100,,0.0,-1,0.0,,3,14,118333.0,1715161.0,0.0003149083893976027,14.494359139039828,1,False,False
100000002666248100,,0.0,-1,0.0,,1,0,70032.0,0.0,0.0003009275259766481,0.0,1,False,False
100000005877725100,,0.0,-1,0.0,,1,0,70000.0,0.0,0.0003016009750002698,0.0,1,False,False
100000001697501100,,0.0,-1,0.0,,3,38,123700.0,1482606.0,0.0005941641771451357,11.98549717057397,1,False,False
100000006972210100,,0.0,-1,0.0,,3,0,488775.0,0.0,0.0003478417567552429,0.0,1,False,False
100000008749618100,,0.0,-1,0.0,,1,0,47280.0,0.0,0.0002968128569335986,0.0,1,False,False
100000008671026100,,0.0,-1,0.0,,1,0,23534.0,0.0,0.00029180851487324756,0.0,1,False,False
100000001696818100,,0.0,-1,0.0,,1,0,53550.0,0.0,0.0003001731117842163,0.0,1,False,False
100000008679986100,,0.0,-1,0.0,,1,0,19000.0,0.0,0.0002908529987062455,0.0,1,False,False
100000003616818100,,0.0,-1,0.0,,3,3,78000.0,240100.0,0.0005152127057006632,3.0782051282051284,1,False,False
100000004156082100,,0.0,-1,0.0,,5,26,377366.11,2319556.0,0.0008706976397489585,6.146699288921308,1,False,False
100000008667058100,,0.0,-1,0.0,,1,0,17534.0,0.0,0.0002905440470739506,0.0,1,False,False
100000008628231100,,0.0,-1,0.0,,1,2,50000.0,627870.0,0.00029690045230118767,12.5574,1,False,False
100000008749063100,,0.0,-1,0.0,,1,0,19000.0,0.0,0.0002908529987062455,0.0,1,False,False
100000004494983100,,0.0,-1,0.0,,1,0,35000.0,0.0,0.00029422491283770413,0.0,1,False,False
100000007648946100,,0.0,-1,0.0,,1,1,19550.0,25000.0,0.0002905322309982943,1.278772378516624,1,False,False
100000003037660100,,0.0,-1,0.0,,1,0,53000.0,0.0,0.00029750354839875063,0.0,1,False,False
100000002679516100,,0.0,-1,0.0,,3,0,102335.0,0.0,0.0003282761239237318,0.0,1,False,False
100000005588444100,,0.0,-1,0.0,,1,0,12300.0,0.0,0.0002875571705889665,0.0,1,False,False
100000001307612100,,0.0,-1,0.0,,1,0,38483.0,0.0,0.000294958936395196,0.0,1,False,False
100000003001564100,,0.0,-1,0.0,,1,1,23520.0,180000.0,0.0002893889689479166,7.653061224489796,1,False,False
100000002762076100,,0.0,-1,0.0,,2,1,140350.0,30000.0,0.0003004831723747164,0.21375133594584966,1,False,False
100000005514161100,,0.0,-1,0.0,,4,1,401500.0,50000.0,0.0008096380965182424,0.12453300124533001,1,False,False
100000008746673100,,0.0,-1,0.0,,1,0,53048.0,0.0,0.00029802843197798944,0.0,1,False,False
100000003265158100,,0.0,-1,0.0,,3,2,146100.4,154200.0,0.0003863693139115083,1.055438588806054,1,False,False
100000001567366100,,0.0,-1,0.0,,1,0,824070.0,0.0,0.00037584694867889493,0.0,1,False,False
100000008777088100,,0.0,-1,0.0,,1,0,18000.0,0.0,0.00029064225407302935,0.0,1,False,False
100000002589019100,,0.0,-1,0.0,,1,0,34710.0,0.0,0.0002926337365004826,0.0,1,False,False
100000008666075100,,0.0,-1,0.0,,1,0,26217.0,0.0,0.00029237394272416654,0.0,1,False,False
100000008137435100,,0.0,-1,0.0,,2,6,93906.0,1419700.0,0.00031567491223442575,15.118309799160864,1,False,False
100000004403675100,,0.0,-1,0.0,,4,5,182980.0,264699.0,0.00074315807328016,1.4466007213903158,1,False,False
100000004677680100,,0.0,-1,0.0,,2,1,63000.0,168000.0,0.0010991088713129958,2.6666666666666665,1,False,False
100000005958064100,,0.0,-1,0.0,,1,2,5746.0,163986.84,0.0002874694084810645,28.539303863557258,1,False,False
100000002881669100,,0.0,-1,0.0,,1,0,18600.0,0.0,0.0002899487894925225,0.0,1,False,False
100000002938501100,,0.0,-1,0.0,,1,1,8395.0,5000.0,0.00028775549578142974,0.5955926146515783,1,False,False
100000006734554100,,0.0,-1,0.0,,1,1,16500.0,25000.0,0.0003133229719587716,1.5151515151515151,1,False,False
100000008003034100,,0.0,-1,0.0,,1,4,12201.0,135000.0,0.0002881665370291421,11.064666830587656,1,False,False
100000003970394100,,0.0,-1,0.0,,1,0,85000.0,0.0,0.00030101523774382936,0.0,1,False,False
100000003205210100,,0.0,-1,0.0,,1,0,137563.0,0.0,0.00031450342016482285,0.0,1,False,False
100000004559194100,,0.0,-1,0.0,,1,0,282145.0,0.0,0.0003173200101170182,0.0,1,False,False
100000008173359100,,0.0,-1,0.0,,1,0,6110.0,0.0,0.0002875087198352861,0.0,1,False,False
100000007953156100,,0.0,-1,0.0,,1,1,18000.0,10000.0,0.0004798654843226402,0.5555555555555556,2,False,False
100000002224132100,,0.0,-1,0.0,,5,4,3951020.0,12115000.0,0.0060854616344619755,3.0662968043695047,2,False,False
100000008547844100,,0.0,-1,0.0,,3,19,177600.0,2042199.0,0.000345868828398246,11.498868243243244,2,False,False
100000002635780100,,0.0,-1,0.0,,1,0,163000.02,0.0,0.000557805708628852,0.0,2,False,False
100000001279875100,,0.0,-1,0.0,,1,0,49235.0,0.0,0.0003046278336040146,0.0,2,False,False
100000001961048100,,0.0,-1,0.0,,1,0,150000.0,0.0,0.0003056655581460328,0.0,2,False,False
100000000993112100,,0.0,-1,0.0,,1,0,141000.0,0.0,0.0004430447509175079,0.0,2,False,False
100000005547096100,,0.0,-1,0.0,,1,2,8000.0,226300.0,0.0008957944572170975,28.2875,2,False,False
100000000331309100,,0.0,-1,0.0,,5,99,984635.0,23001375.0,0.0008793827745051868,23.360306103276848,2,False,False
100000006684930100,,0.0,-1,0.0,,1,0,10000.0,0.0,0.0003000651398213456,0.0,2,False,False
100000004479404100,,0.0,-1,0.0,,2,1,1492000.0,300000.0,0.0008705522657429225,0.20107238605898123,2,False,False
100000004134060100,,0.0,-1,0.0,,1,0,88179.0,0.0,0.00032947013371847304,0.0,2,False,False
100000001083990100,,0.0,-1,0.0,,1,0,49900.0,0.0,0.0005043133556429481,0.0,2,False,False
100000004573782100,,0.0,-1,0.0,,1,0,15000.0,0.0,0.0003112747469908201,0.0,2,False,False
100000005660203100,,0.0,-1,0.0,,1,2,572899.0,41000.0,0.0009530464731684012,0.07156584319400104,2,False,False
100000008771627100,,0.0,-1,0.0,,1,0,16500.0,0.0,0.00029247570347654204,0.0,2,False,False
100000000031787100,,0.0,-1,0.0,,1,2,90000.0,90000.0,0.0004334042285692288,1.0,2,False,False
100000001346560100,,0.0,-1,0.0,,2,1,10000.0,22200.0,0.0005891553059540461,2.22,2,False,False
100000001703168100,,0.0,-1,0.0,,1,1,45000.0,90000.0,0.000293972988119775,2.0,2,False,False
100000004904960100,,0.0,-1,0.0,,2,0,32000.0,0.0,0.0007812763224699232,0.0,2,False,False
100000004467157100,,0.0,-1,0.0,,1,1,20000.0,7000.0,0.00038823565156986584,0.35,2,False,False
100000008346837100,,0.0,-1,0.0,,9,25,254359.0,1258643.0,0.0005497850035412785,4.948293553599441,2,False,False
100000006385877100,,0.0,-1,0.0,,1,1,53706.62,36602.93,0.0021366719296378777,0.6815347903107661,2,False,False
100000002459093100,,0.0,-1,0.0,,1,1,500000.0,55000.0,0.0003909707696326593,0.11,2,False,False
100000005053653100,,0.0,-1,0.0,,2,1,63073.0,25000.0,0.00031499740324346945,0.3963661154535221,2,False,False
100000001557930100,,0.0,-1,0.0,,1,0,34610.0,0.0,0.0002934362552844041,0.0,2,False,False
100000002820010100,,0.0,-1,0.0,,1,0,30000.0,0.0,0.00029255882288773506,0.0,2,False,False
100000000769919100,,0.0,-1,0.0,,1,0,250000.0,0.0,0.0007385917129711809,0.0,2,False,False
100000003188607100,,0.0,-1,0.0,,1,1,18000.0,5000.0,0.00031615992625395645,0.2777777777777778,2,False,False
100000002836052100,,0.0,-1,0.0,,1,0,15000.0,0.0,0.00030702799179248394,0.0,2,False,False
100000001102676100,,0.0,-1,0.0,,1,1,50000.0,50000.0,0.0003144267344263659,1.0,2,False,False
100000003390036100,,0.0,-1,0.0,,2,2,231300.0,62000.0,0.0013293331293250184,0.2680501513186338,2,False,False
100000008335401100,,0.0,-1,0.0,,1,0,150000.0,0.0,0.0005536444343072919,0.0,2,False,False
100000006994985100,,0.0,-1,0.0,,1,1,48500.0,10200.0,0.0005035182505388559,0.21030927835051547,2,False,False
100000008356606100,,0.0,-1,0.0,,2,0,168500.0,0.0,0.0006295168076387285,0.0,2,False,False
100000007930878100,,0.0,-1,0.0,,1,0,5000.0,0.0,0.00048566826131267427,0.0,2,False,False
100000008389800100,,0.0,-1,0.0,,3,7,189000.0,401620.0,0.000507290710970135,2.124973544973545,2,False,False
100000005474472100,,0.0,-1,0.0,,1,0,100000.0,0.0,0.0005473363131713985,0.0,2,False,False
100000004486525100,,0.0,-1,0.0,,8,2,360924.0,271045.0,0.0008092867088737128,0.7509752745730403,2,False,False
100000003031890100,,0.0,-1,0.0,,1,0,215000.0,0.0,0.00039383644638884126,0.0,2,False,False
100000008624978100,,0.0,-1,0.0,,1,0,109000.0,0.0,0.0003395339554248348,0.0,2,False,False
100000000790311100,,0.0,-1,0.0,,1,0,46300.0,0.0,0.00030163839286252155,0.0,2,False,False
100000008546855100,,0.0,-1,0.0,,6,2,71790.0,10000.0,0.0014320740761942126,0.1392951664577239,2,False,False
100000002863356100,,0.0,-1,0.0,,1,1,45000.0,20000.0,0.00030219481286078475,0.4444444444444444,2,False,False
100000000332284100,,0.0,-1,0.0,,10,3,107426.0,289500.0,0.0007202107423552581,2.69487833485376,2,False,False
100000002605308100,,0.0,-1,0.0,,3,0,2569521.84,0.0,0.000889148934003877,0.0,2,False,False
100000005931985100,,0.0,-1,0.0,,1,0,76000.0,0.0,0.0003142927971074446,0.0,2,False,False
100000001166289100,,0.0,-1,0.0,,2,1,721039.0,25000.0,0.0020451081794251777,0.0346721883282319,2,False,False
100000008477350100,,0.0,-1,0.0,,11,39,610100.0,3374866.0,0.0010386088331617244,5.531660383543682,2,False,False
100000003824464100,,0.0,-1,0.0,,1,0,200000.0,0.0,0.00032468634510831316,0.0,2,False,False
100000002738256100,,0.0,-1,0.0,,1,1,150200.0,175000.0,0.0005102377719203939,1.1651131824234353,2,False,False
100000001857829100,,0.0,-1,0.0,,6,16,888535.0,2390993.0,0.0006231476278116462,2.690938454872346,2,False,False
100000008672762100,,0.0,-1,0.0,,1,0,13000.0,0.0,0.00029128212863988067,0.0,2,False,False
100000001737722100,,0.0,-1,0.0,,1,0,60460.0,0.0,0.00032019602770712264,0.0,2,False,False
100000005572303100,,0.0,-1,0.0,,1,1,75000.0,20000.0,0.00031467414913640464,0.26666666666666666,2,False,False
100000008733049100,,0.0,-1,0.0,,1,0,10000.0,0.0,0.00029004313624476756,0.0,2,False,False
100000000850297100,,0.0,-1,0.0,,1,1,17520.0,17520.0,0.00029523091616549607,1.0,2,False,False
100000005140601100,,0.0,-1,0.0,,3,2,52685.0,195300.0,0.0027224677339201656,3.706937458479643,2,False,False
100000004410489100,,0.0,-1,0.0,,1,0,54000.0,0.0,0.00031562085779525466,0.0,2,False,False
100000006852430100,,0.0,-1,0.0,,1,0,37000.0,0.0,0.0005385501553326393,0.0,2,False,False
100000003166755100,,0.0,-1,0.0,,1,0,24010.0,0.0,0.00029064997378726564,0.0,2,False,False
100000008258083100,,0.0,-1,0.0,,2,2,3149500.0,2045650.0,0.001054431705348694,0.6495157961581204,2,False,False
100000003054328100,,0.0,-1,0.0,,1,2,140000.0,193720.0,0.000337403488839913,1.3837142857142857,2,False,False
100000008473207100,,0.0,-1,0.0,,1,0,202000.0,0.0,0.0005585946177220589,0.0,2,False,False
100000008104567100,,0.0,-1,0.0,,3,3,53550.0,40000.0,0.0005404037708096601,0.7469654528478058,2,False,False
100000002721825100,,0.0,-1,0.0,,1,0,11000.0,0.0,0.0005337416422068964,0.0,2,False,False
100000003509750100,,0.0,-1,0.0,,3,3,82290.0,78400.0,0.0016926685491983375,0.9527281565196257,2,False,False
100000007322059100,,0.0,-1,0.0,,2,1,29000.0,22500.0,0.0006829348691683643,0.7758620689655172,2,False,False
100000004441291100,,0.0,-1,0.0,,1,0,20000.0,0.0,0.0005512351398546671,0.0,2,False,False
100000006122699100,,0.0,-1,0.0,,2,0,45865.0,0.0,0.00040648693382533895,0.0,2,False,False
100000008254069100,,0.0,-1,0.0,,1,5,10200.0,107500.0,0.0003440074767659772,10.53921568627451,2,False,False
100000003336565100,,0.0,-1,0.0,,1,0,16550.0,0.0,0.0002924927545456372,0.0,2,False,False
100000002492277100,,0.0,-1,0.0,,1,0,138500.0,0.0,0.0003087753625880756,0.0,2,False,False
100000001339466100,,0.0,-1,0.0,,1,0,30000.0,0.0,0.0003052558285683319,0.0,2,False,False
100000005022964100,,0.0,-1,0.0,,1,0,20000.0,0.0,0.00032882149919400105,0.0,2,False,False
100000003112436100,,0.0,-1,0.0,,1,0,100000.0,0.0,0.000303482769797766,0.0,2,False,False
100000000489417100,,0.0,-1,0.0,,3,1,73504.0,80000.0,0.0005541705311196952,1.0883761427949499,2,False,False
100000002217161100,,0.0,-1,0.0,,2,7,404750.0,995132.0,0.0008950795792368226,2.4586337245213095,2,False,False
100000002469065100,,0.0,-1,0.0,,1,0,200000.0,0.0,0.00032011668892039367,0.0,2,False,False
100000007337374100,,0.0,-1,0.0,,1,0,20000.0,0.0,0.0002936692783132034,0.0,2,False,False
100000003249054100,,0.0,-1,0.0,,7,1,99700.0,15000.0,0.00043335777474713975,0.15045135406218657,2,False,False
100000003024542100,,0.0,-1,0.0,,1,0,8500.0,0.0,0.0003193616373288561,0.0,2,False,False
100000002718366100,,0.0,-1,0.0,,6,0,2525000.0,0.0,0.0006841578453752235,0.0,2,False,False
100000005059998100,,0.0,-1,0.0,,1,0,18000.0,0.0,0.00029724095996010055,0.0,2,False,False
100000004071070100,,0.0,-1,0.0,,2,1,41000.0,6000.0,0.0011947359230789773,0.14634146341463414,2,False,False
100000001584286100,,0.0,-1,0.0,,2,0,738699.0,0.0,0.0003299418914084697,0.0,2,False,False
100000008701256100,,0.0,-1,0.0,,1,0,58250.0,0.0,0.0003050991958415399,0.0,2,False,False
100000001490461100,,0.0,-1,0.0,,1,1,20000.0,5000.0,0.0003224215951594255,0.25,2,False,False
100000008531186100,,0.0,-1,0.0,,1,0,125000.0,0.0,0.0003635445918967781,0.0,2,False,False
100000004765639100,,0.0,-1,0.0,,1,2,5000.0,11000.0,0.00036341982857224947,2.2,2,False,False
100000002983879100,,0.0,-1,0.0,,2,0,200050.0,0.0,0.0003596532513469963,0.0,2,False,False
100000008734364100,,0.0,-1,0.0,,1,0,26200.0,0.0,0.0002957836108810036,0.0,2,False,False
100000003192220100,,0.0,-1,0.0,,1,0,60000.0,0.0,0.0005055687274859196,0.0,2,False,False
100000008060273100,,0.0,-1,0.0,,1,0,10000.0,0.0,0.0003003016114200354,0.0,2,False,False
100000008205937100,,0.0,-1,0.0,,1,0,35000.0,0.0,0.0003331058626868636,0.0,2,False,False
100000005507142100,,0.0,-1,0.0,,3,3,51000.0,100000.0,0.0005613773840909432,1.9607843137254901,2,False,False
100000005539910100,,0.0,-1,0.0,,1,2,102000.0,22000.0,0.0005009093581213382,0.21568627450980393,2,False,False
100000002459163100,,0.0,-1,0.0,,1,0,20180.0,0.0,0.0003630686982046429,0.0,2,False,False
100000004666651100,,0.0,-1,0.0,,1,0,429250.0,0.0,0.0004595487674556441,0.0,2,False,False
100000003927792100,,0.0,-1,0.0,,1,0,13067.0,0.0,0.00029102282362897285,0.0,2,False,False
100000000607941100,,0.0,-1,0.0,,2,1,50000.0,70000.0,0.0005809708535676367,1.4,2,False,False
100000004158362100,,0.0,-1,0.0,,1,0,12000.0,0.0,0.00029268634096807334,0.0,2,False,False
100000005664922100,,0.0,-1,0.0,,2,3,22000.0,537000.0,0.000809451649809636,24.40909090909091,2,False,False
100000007594394100,,0.0,-1,0.0,,6,1,395385.0,3376312.0,0.00040735504047843195,8.539302199122375,2,False,False
100000000979567100,,0.0,-1,0.0,,1,0,10000.0,0.0,0.0005330555533176562,0.0,2,False,False
100000002831727100,,0.0,-1,0.0,,1,1,6000.0,77000.0,0.0002920478260255396,12.833333333333334,2,False,False
100000003062895100,,0.0,-1,0.0,,2,0,328444.0,0.0,0.0004094487863860898,0.0,2,False,False
100000008376089100,,0.0,-1,0.0,,1,0,135000.0,0.0,0.00030378388739894335,0.0,2,False,False
100000003219438100,,0.0,-1,0.0,,1,0,32000.0,0.0,0.0004490677321067023,0.0,2,False,False
100000000967918100,,0.0,-1,0.0,,1,0,21200.0,0.0,0.0004813696736407533,0.0,2,False,False
100000003254723100,,0.0,-1,0.0,,1,0,269850.0,0.0,0.0005323522975929804,0.0,2,False,False
100000003823811100,,0.0,-1,0.0,,1,3,30000.0,66130.0,0.0003585326715909026,2.2043333333333335,2,False,False
100000008587459100,,0.0,-1,0.0,,2,2,181507.0,686500.0,0.0003021002483098455,3.782223275135394,2,False,False
100000008603331100,,0.0,-1,0.0,,2,6,39500.0,741774.0,0.0003457640344523482,18.779088607594936,2,False,False
100000008758168100,,0.0,-1,0.0,,2,5,75410.0,1533600.0,0.00031978594648258453,20.33682535472749,2,False,False
100000003724440100,,0.0,-1,0.0,,2,0,50000.0,0.0,0.0003094615487046268,0.0,2,False,False
100000000291906100,,0.0,-1,0.0,,2,2,388000.0,455854.0,0.0007661900611786528,1.1748814432989692,2,False,False
100000005077484100,,0.0,-1,0.0,,1,2,150000.0,13550.0,0.0005419664720516559,0.09033333333333333,2,False,False
100000004192107100,,0.0,-1,0.0,,1,0,25000.0,0.0,0.0003006377925507521,0.0,2,False,False
100000002193259100,,0.0,-1,0.0,,2,3,48000.0,58000.0,0.0008946523204913115,1.2083333333333333,2,False,False
100000005481280100,,0.0,-1,0.0,,1,3,32700.0,50000.0,0.00029729416448782584,1.529051987767584,2,False,False
100000004527381100,,0.0,-1,0.0,,1,1,119333.17,273866.11,0.00037716242361583973,2.2949705433954364,2,False,False
100000001578517100,,0.0,-1,0.0,,1,0,30000.0,0.0,0.00029183902641192664,0.0,2,False,False
100000003741418100,,0.0,-1,0.0,,9,3,151900.0,39920.0,0.0006352433648149033,0.2628044766293614,2,False,False
100000008737514100,,0.0,-1,0.0,,1,0,85000.0,0.0,0.0003140002780169866,0.0,2,False,False
100000002870463100,,0.0,-1,0.0,,3,1,207000.0,10000.0,0.001955294276139281,0.04830917874396135,2,False,False
100000008545727100,,0.0,-1,0.0,,1,6,30000.0,1866500.0,0.0003402079674015691,62.21666666666667,2,False,False
100000000425407100,,0.0,-1,0.0,,1,0,20000.0,0.0,0.00030645698099074175,0.0,2,False,False
100000001418900100,,0.0,-1,0.0,,1,0,40140.0,0.0,0.00030053744894473493,0.0,2,False,False
100000001677929100,,0.0,-1,0.0,,3,2,126777.0,286098.0,0.003343108628672498,2.2567027142147236,2,False,False
100000002539625100,,0.0,-1,0.0,,1,0,94700.0,0.0,0.0003465523912473408,0.0,2,False,False
100000001965374100,,0.0,-1,0.0,,2,3,1759720.0,3082100.0,0.001286859255493813,1.7514718250630783,2,False,False
100000001287955100,,0.0,-1,0.0,,1,4,17520.0,310000.0,0.00029523091616549607,17.69406392694064,2,False,False
100000005402643100,,0.0,-1,0.0,,1,1,127800.0,90000.0,0.0002989257603544092,0.704225352112676,2,False,False
100000008752616100,,0.0,-1,0.0,,2,7,64510.0,1265000.0,0.00031445686786814097,19.6093628894745,2,False,False
100000000733373100,,0.0,-1,0.0,,1,0,10710.0,0.0,0.0003071473108163017,0.0,2,False,False
100000008531133100,,0.0,-1,0.0,,1,3,25000.0,158271.68,0.0005350843638155049,6.3308672,2,False,False
100000005933757100,,0.0,-1,0.0,,4,34,1246000.0,3002628.0,0.0010029471243756176,2.409813804173355,2,False,False
100000006490557100,,0.0,-1,0.0,,1,0,5000.0,0.0,0.0002874442727471477,0.0,2,False,False
100000008497298100,,0.0,-1,0.0,,1,0,600000.0,0.0,0.0003435479571505885,0.0,2,False,False
100000005168487100,,0.0,-1,0.0,,1,1,15000.0,103510.0,0.0018378455498938055,6.900666666666667,2,False,False
100000005799271100,,0.0,-1,0.0,,1,0,45000.0,0.0,0.000539019259899427,0.0,2,False,False
100000000912487100,,0.0,-1,0.0,,1,0,10000.0,0.0,0.0002929845099728696,0.0,2,False,False
100000007982908100,,0.0,-1,0.0,,1,0,31080.0,0.0,0.00029744779522469144,0.0,2,False,False
100000005413948100,,0.0,-1,0.0,,2,1,28215.0,5000.0,0.0018767228090608417,0.177210703526493,2,False,False
100000000724540100,,0.0,-1,0.0,,1,1,50000.0,100000.0,0.0003110163299181184,2.0,2,False,False
100000005730108100,,0.0,-1,0.0,,1,0,8000.0,0.0,0.0003602529348131063,0.0,2,False,False
100000002566204100,,0.0,-1,0.0,,1,0,80805.0,0.0,0.00032550825717903974,0.0,2,False,False
100000000625169100,,0.0,-1,0.0,,1,0,10000.0,0.0,0.00029025906449417087,0.0,2,False,False
100000001114385100,,0.0,-1,0.0,,1,0,29500.0,0.0,0.0002915191185555113,0.0,2,False,False
100000002964966100,,0.0,-1,0.0,,1,0,200000.0,0.0,0.00039716038568004836,0.0,2,False,False
100000008771814100,,0.0,-1,0.0,,1,0,23700.0,0.0,0.00029493105742624547,0.0,2,False,False
100000001241318100,,0.0,-1,0.0,,1,0,53000.0,0.0,0.0005331634962668753,0.0,2,False,False
100000001250022100,,0.0,-1,0.0,,1,0,50000.0,0.0,0.0002963654710294662,0.0,2,False,False
100000006534886100,,0.0,-1,0.0,,1,1,71700.0,167500.0,0.0011344436242360517,2.336122733612273,2,False,False
100000008655035100,,0.0,-1,0.0,,1,0,30000.0,0.0,0.0005425057616825969,0.0,2,False,False
100000005932987100,,0.0,-1,0.0,,1,0,25000.0,0.0,0.0004135823517935477,0.0,2,False,False
100000008636603100,,0.0,-1,0.0,,2,6,35460.0,159375.0,0.00034020505875882197,4.494500846023689,2,False,False
100000008710843100,,0.0,-1,0.0,,2,13,33944.0,1985500.0,0.0002941861965161754,58.49340089559274,2,False,False
100000000917179100,,0.0,-1,0.0,,1,0,94465.0,0.0,0.0004277409828661828,0.0,2,False,False
100000004209339100,,0.0,-1,0.0,,1,2,138500.0,238500.0,0.0008229749088728874,1.7220216606498195,2,False,False
100000008765627100,,0.0,-1,0.0,,1,0,60000.0,0.0,0.00029826879510033174,0.0,2,False,False
100000002443664100,,0.0,-1,0.0,,3,0,556880.0,0.0,0.00034027670681484074,0.0,2,False,False
100000008144528100,,0.0,-1,0.0,,5,0,1068202.6,0.0,0.0010603560055125359,0.0,2,False,False
100000003988112100,,0.0,-1,0.0,,1,1,92000.0,64000.0,0.0005066792348168151,0.6956521739130435,2,False,False
100000008008463100,,0.0,-1,0.0,,1,0,54180.0,0.0,0.000297161060491088,0.0,2,False,False
100000006679055100,,0.0,-1,0.0,,1,0,25000.0,0.0,0.0003021879989194663,0.0,2,False,False
100000007382543100,,0.0,-1,0.0,,3,5,218000.0,427000.0,0.001195155233692197,1.9587155963302751,2,False,False
100000007749092100,,0.0,-1,0.0,,1,1,7650.0,70375.0,0.0018294767588865628,9.199346405228757,2,False,False
100000004221668100,,0.0,-1,0.0,,4,3,1128300.0,731440.0,0.003108958178821098,0.6482673047948241,2,False,False
100000008174521100,,0.0,-1,0.0,,1,0,82110.0,0.0,0.0004424703784240573,0.0,2,False,False
100000002692750100,,0.0,-1,0.0,,3,1,112830.0,77000.0,0.002038373959908243,0.682442612780289,2,False,False
100000002173070100,,0.0,-1,0.0,,1,0,30000.0,0.0,0.00029183902641192664,0.0,2,False,False
100000005911352100,,0.0,-1,0.0,,2,3,15000.0,24000.0,0.0005541470664884719,1.6,2,False,False
100000003068941100,,0.0,-1,0.0,,3,1,94000.0,25000.0,0.0003215989750220119,0.26595744680851063,2,False,False
100000001420847100,,0.0,-1,0.0,,1,0,20000.0,0.0,0.0003041787685098091,0.0,2,False,False
100000005602999100,,0.0,-1,0.0,,1,2,5000.0,16000.0,0.0003062035820180174,3.2,2,False,False
100000000723383100,,0.0,-1,0.0,,1,2,6800.0,75000.0,0.00039098538061520943,11.029411764705882,2,False,False
100000006977207100,,0.0,-1,0.0,,1,15,414000.0,4157018.0,0.00034941948425511074,10.041106280193237,2,False,False
100000001273783100,,0.0,-1,0.0,,1,0,23200.0,0.0,0.0002979483894523243,0.0,2,False,False
100000000201868100,,0.0,-1,0.0,,1,1,190000.0,190000.0,0.0009794617939092786,1.0,2,False,False
100000007777377100,,0.0,-1,0.0,,1,2,456290.0,10000.0,0.000362747760239776,0.021915886826360427,2,False,False
100000004192865100,,0.0,-1,0.0,,1,0,66666.0,0.0,0.000558222696883147,0.0,2,False,False
100000006901046100,,0.0,-1,0.0,,1,1,75800.0,5500.0,0.0030447256508331394,0.07255936675461741,2,False,False
100000000437046100,,0.0,-1,0.0,,9,42,1107200.0,7606224.0,0.0007959082210455869,6.86978323699422,2,False,False
100000008765494100,,0.0,-1,0.0,,1,0,24000.0,0.0,0.00029503336384081646,0.0,2,False,False
100000008713270100,,0.0,-1,0.0,,1,3,30000.0,190000.0,0.00029255882288773506,6.333333333333333,2,False,False
100000003603979100,,0.0,-1,0.0,,1,0,165000.0,0.0,0.0005881411619085313,0.0,2,False,False
100000000943371100,,0.0,-1,0.0,,1,0,15500.0,0.0,0.00030733409885175955,0.0,2,False,False
100000008672480100,,0.0,-1,0.0,,1,0,13000.0,0.0,0.00029128212863988067,0.0,2,False,False
100000008691168100,,0.0,-1,0.0,,1,0,24000.0,0.0,0.00029503336384081646,0.0,2,False,False
100000003237045100,,0.0,-1,0.0,,1,1,340200.0,150000.0,0.000395850607128541,0.4409171075837742,2,False,False
100000008736394100,,0.0,-1,0.0,,1,0,16000.0,0.0,0.0002923051927855904,0.0,2,False,False
100000004160650100,,0.0,-1,0.0,,2,10,75100.0,1489827.0,0.0003708466113075059,19.83790945406125,2,False,False
100000000629812100,,0.0,-1,0.0,,2,0,22000.0,0.0,0.00029931490836673845,0.0,2,False,False
100000000955444100,,0.0,-1,0.0,,1,0,6910.0,0.0,0.0003540925761134552,0.0,2,False,False
100000008731444100,,0.0,-1,0.0,,3,9,439000.0,879767.8,0.00035492787307828165,2.0040268792710707,2,False,False
100000008413748100,,0.0,-1,0.0,,2,18,26480.0,1377320.22,0.0003926188919180008,52.01360347432024,2,False,False
100000006787636100,,0.0,-1,0.0,,1,0,20000.0,0.0,0.0003597554762787321,0.0,2,False,False
100000005942793100,,0.0,-1,0.0,,4,0,55000.0,0.0,0.0003337093056770524,0.0,2,False,False
100000008730846100,,0.0,-1,0.0,,7,3,155042.0,363370.0,0.0005383983709869001,2.343687516930896,2,False,False
100000002570206100,,0.0,-1,0.0,,2,0,166959.6,0.0,0.0003199267645471731,0.0,2,False,False
100000000785800100,,0.0,-1,0.0,,1,1,19000.0,19000.0,0.00035861183893383933,1.0,2,False,False
100000007382152100,,0.0,-1,0.0,,1,0,5860.0,0.0,0.00028776428441163376,0.0,2,False,False
100000000910216100,,0.0,-1,0.0,,1,1,71000.0,52010.0,0.00032467871188862456,0.7325352112676057,2,False,False
100000003131016100,,0.0,-1,0.0,,1,1,405700.0,126000.0,0.0016950738653232485,0.31057431599704216,2,False,False
100000003221384100,,0.0,-1,0.0,,1,0,511200.0,0.0,0.000450140728994583,0.0,2,False,False
100000002156381100,,0.0,-1,0.0,,2,1,61000.0,21800.0,0.0010867978830243887,0.35737704918032787,2,False,False
100000002779485100,,0.0,-1,0.0,,1,0,91000.0,0.0,0.0005492997691906776,0.0,2,False,False
100000008774237100,,0.0,-1,0.0,,1,1,50000.0,10000.0,0.0003117296868876274,0.2,2,False,False
100000002628146100,,0.0,-1,0.0,,1,0,30500.0,0.0,0.00032063590711054455,0.0,2,False,False
100000002852402100,,0.0,-1,0.0,,1,0,55000.0,0.0,0.00032847387841670073,0.0,2,False,False
100000006989106100,,0.0,-1,0.0,,1,0,64000.0,0.0,0.0004978155873421434,0.0,2,False,False
100000002958343100,,0.0,-1,0.0,,1,2,2900000.0,1390000.0,0.0006321936524405395,0.4793103448275862,2,False,False
100000008461532100,,0.0,-1,0.0,,2,8,565300.0,2530090.0,0.0007483125003170452,4.475658942154608,2,False,False
100000004400305100,,0.0,-1,0.0,,7,82,222800.0,5830181.0,0.00038751976253122237,26.167778276481148,2,False,False
100000000297649100,,0.0,-1,0.0,,1,1,40000.0,70600.0,0.0008126196235416601,1.765,2,False,False
100000003191430100,,0.0,-1,0.0,,1,0,180000.0,0.0,0.000533064269801058,0.0,2,False,False
100000003275398100,,0.0,-1,0.0,,1,1,300000.0,20000.0,0.00043613386795007266,0.06666666666666667,2,False,False
100000005203590100,,0.0,-1,0.0,,1,0,90000.0,0.0,0.0003039787673129284,0.0,2,False,False
100000008672603100,,0.0,-1,0.0,,1,0,21200.0,0.0,0.0002985418733856588,0.0,2,False,False
100000000718427100,,0.0,-1,0.0,,1,0,6000.0,0.0,0.00028889497896655787,0.0,2,False,False
100000003104347100,,0.0,-1,0.0,,1,1,418000.0,32000.0,0.0003659292140404737,0.07655502392344497,2,False,False
100000002974256100,,0.0,-1,0.0,,1,0,7200.0,0.0,0.00053423602843645,0.0,2,False,False
100000007173936100,,0.0,-1,0.0,,1,0,10000.0,0.0,0.0002881032978398647,0.0,2,False,False
100000002744581100,,0.0,-1,0.0,,1,0,12000.0,0.0,0.0003264051138002018,0.0,2,False,False
100000000596954100,,0.0,-1,0.0,,1,2,120000.0,48100.0,0.0005178616657439633,0.4008333333333333,2,False,False
100000004950490100,,0.0,-1,0.0,,1,0,10000.0,0.0,0.0003321133600975874,0.0,2,False,False
100000008772058100,,0.0,-1,0.0,,1,0,50000.0,0.0,0.000303899919770301,0.0,2,False,False
100000000971908100,,0.0,-1,0.0,,1,0,89000.0,0.0,0.00030378843490584185,0.0,2,False,False
100000008687492100,,0.0,-1,0.0,,1,0,15000.0,0.0,0.00029196417140368717,0.0,2,False,False
100000003159641100,,0.0,-1,0.0,,4,1,64000.0,197800.0,0.00030657557839232434,3.090625,2,False,False
100000005326681100,,0.0,-1,0.0,,1,0,31228.0,0.0,0.00029682396565197645,0.0,2,False,False
100000006888238100,,0.0,-1,0.0,,1,1,18000.0,30000.0,0.0006123269432202909,1.6666666666666667,2,False,False
100000001290243100,,0.0,-1,0.0,,1,0,10000.0,0.0,0.0003213748640726425,0.0,2,False,False
100000008289539100,,0.0,-1,0.0,,1,0,14912.0,0.0,0.00029161216931656946,0.0,2,False,False
100000000821507100,,0.0,-1,0.0,,1,0,400000.0,0.0,0.00033702673726419016,0.0,2,False,False
100000003086040100,,0.0,-1,0.0,,1,0,10500.0,0.0,0.0005510497606358256,0.0,2,False,False
100000002969048100,,0.0,-1,0.0,,1,0,108470.0,0.0,0.0003074942068718171,0.0,2,False,False
100000002826669100,,0.0,-1,0.0,,1,0,159900.0,0.0,0.00047829346095073865,0.0,2,False,False
100000002293421100,,0.0,-1,0.0,,2,2,41000.0,47000.0,0.0009787288750667904,1.146341463414634,2,False,False
100000004732589100,,0.0,-1,0.0,,1,0,227520.0,0.0,0.0003957008792348517,0.0,2,False,False
100000003003821100,,0.0,-1,0.0,,1,0,40000.0,0.0,0.0004398501996338099,0.0,2,False,False
100000005237935150,,0.0,-1,0.0,,1,0,34508.0,0.0,0.00029930984677363866,0.0,2,False,False
100000004463277100,,0.0,-1,0.0,,1,0,35000.0,0.0,0.0006948210120651965,0.0,2,False,False
100000006523053100,,0.0,-1,0.0,,1,0,5000.0,0.0,0.0005410075313508015,0.0,2,False,False
100000001954903100,,0.0,-1,0.0,,1,0,27118.0,0.0,0.0002998228719061612,0.0,2,False,False
100000005328215100,,0.0,-1,0.0,,1,0,27000.0,0.0,0.0002997664173554841,0.0,2,False,False
100000004424023100,,0.0,-1,0.0,,1,1,50000.0,100000.0,0.0009757985999759042,2.0,2,False,False
100000002299948100,,0.0,-1,0.0,,1,0,6750.0,0.0,0.00029432631398461346,0.0,2,False,False
100000005105153100,,0.0,-1,0.0,,1,0,30000.0,0.0,0.00040314809720736947,0.0,2,False,False
100000001985793100,,0.0,-1,0.0,,1,0,420000.0,0.0,0.00037431126259945596,0.0,2,False,False
100000003134934100,,0.0,-1,0.0,,4,0,379354.0,0.0,0.0004263284015335226,0.0,2,False,False
100000006240939100,,0.0,-1,0.0,,1,5,160000.0,778015.0,0.000320167864741545,4.86259375,2,False,False
100000008656043100,,0.0,-1,0.0,,1,0,26200.0,0.0,0.0002957836108810036,0.0,2,False,False
100000002605184100,,0.0,-1,0.0,,1,0,140000.0,0.0,0.00039280346674456975,0.0,2,False,False
100000003157333100,,0.0,-1,0.0,,1,0,30000.0,0.0,0.00029255882288773506,0.0,2,False,False
100000007898453100,,0.0,-1,0.0,,1,2,24750.0,320000.0,0.00033449524378308354,12.929292929292929,2,False,False
100000002710570100,,0.0,-1,0.0,,1,0,225015.0,0.0,0.0005414532929435295,0.0,2,False,False
100000004979498100,,0.0,-1,0.0,,1,1,700000.0,200000.0,0.0013279423584759296,0.2857142857142857,2,False,False
100000001541418100,,0.0,-1,0.0,,2,0,96900.0,0.0,0.0003048959847607107,0.0,2,False,False
100000007797290100,,0.0,-1,0.0,,1,1,100000.0,20000.0,0.0003024705867928069,0.2,2,False,False
100000008683818100,,0.0,-1,0.0,,1,0,17400.0,0.0,0.000292782622720255,0.0,2,False,False
100000006567935100,,0.0,-1,0.0,,1,0,200000.0,0.0,0.0003119377939696643,0.0,2,False,False
100000002132479100,,0.0,-1,0.0,,1,1,30000.0,20000.0,0.0006085432400876414,0.6666666666666666,2,False,False
100000002170580100,,0.0,-1,0.0,,1,0,150000.0,0.0,0.00035861311001039243,0.0,2,False,False
100000001232297100,,0.0,-1,0.0,,1,2,5000.0,45000.0,0.000293456995248242,9.0,2,False,False
100000002028158100,,0.0,-1,0.0,,1,0,34800.0,0.0,0.000297964964457448,0.0,2,False,False
100000005519998100,,0.0,-1,0.0,,3,3,182000.0,188000.0,0.0006551647286806789,1.032967032967033,2,False,False
100000002335358100,,0.0,-1,0.0,,1,0,140000.0,0.0,0.0006151184450136056,0.0,2,False,False
100000007289427100,,0.0,-1,0.0,,1,0,12300.0,0.0,0.0003752814558888946,0.0,2,False,False
100000004592467100,,0.0,-1,0.0,,1,0,7000.0,0.0,0.00028790680824774655,0.0,2,False,False
100000004993576100,,0.0,-1,0.0,,1,0,167000.0,0.0,0.000340193419687946,0.0,2,False,False
100000001648936100,,0.0,-1,0.0,,1,0,92740.0,0.0,0.0003045002781083456,0.0,2,False,False
100000008512552100,,0.0,-1,0.0,,4,6,394360.0,1302275.0,0.00042774201035011497,3.3022492139162187,2,False,False
100000007629096100,,0.0,-1,0.0,,4,1,1075170.0,765205.0,0.002502258548680081,0.7117060557865268,2,False,False
100000001601320100,,0.0,-1,0.0,,2,1,43500.0,46200.0,0.0008152009196827959,1.0620689655172413,2,False,False
100000005782781100,,0.0,-1,0.0,,6,10,171888.0,1263597.0,0.0004896362070138854,7.351281066741134,2,False,False
100000002723538100,,0.0,-1,0.0,,3,12,105647.0,560499.0,0.00032173676844183234,5.305394379395534,2,False,False
100000002340562100,,0.0,-1,0.0,,1,0,36650.0,0.0,0.0005331828016435874,0.0,2,False,False
100000005939154100,,0.0,-1,0.0,,1,0,22000.0,0.0,0.00029501093822377646,0.0,2,False,False
100000004386258100,,0.0,-1,0.0,,3,3,61700.0,40000.0,0.0005359655801261068,0.6482982171799028,2,False,False
100000008406609100,,0.0,-1,0.0,,1,0,34000.0,0.0,0.00043238051504698857,0.0,2,False,False
100000007242833100,,0.0,-1,0.0,,1,1,107500.0,45000.0,0.0005160352036917609,0.4186046511627907,2,False,False
100000004698193100,,0.0,-1,0.0,,2,3,222700.0,38000.0,0.0008287195333211077,0.17063313875168387,2,False,False
100000002733905100,,0.0,-1,0.0,,3,2,100000.0,717839.0,0.002937899779349556,7.17839,2,False,False
100000006912294100,,0.0,-1,0.0,,1,2,6335.09,30000.0,0.0005050490593143352,4.7355286191672095,2,False,False
100000003036198100,,0.0,-1,0.0,,1,0,15000.0,0.0,0.0002892235631566839,0.0,2,False,False
100000004687099100,,0.0,-1,0.0,,1,0,30000.0,0.0,0.00033570064330650185,0.0,2,False,False
100000005242320100,,0.0,-1,0.0,,2,21,365700.0,8936295.0,0.0005023175201394411,24.43613617719442,2,False,False
100000008762832100,,0.0,-1,0.0,,1,1,150000.0,85000.0,0.0003095193700881718,0.5666666666666667,2,False,False
100000002489253100,,0.0,-1,0.0,,1,0,51000.0,0.0,0.00030318950199531336,0.0,2,False,False
100000004756901100,,0.0,-1,0.0,,1,0,153248.0,0.0,0.0003123399990521828,0.0,2,False,False
100000008749989100,,0.0,-1,0.0,,1,0,16000.0,0.0,0.0002923051927855904,0.0,2,False,False
100000001380986100,,0.0,-1,0.0,,1,0,70170.0,0.0,0.00029347981117744225,0.0,2,False,False
100000003089018100,,0.0,-1,0.0,,1,0,230000.0,0.0,0.0003085835081573942,0.0,2,False,False
100000008742266100,,0.0,-1,0.0,,1,0,21000.0,0.0,0.00029401029969510666,0.0,2,False,False
100000003044431100,,0.0,-1,0.0,,2,0,60000.0,0.0,0.0003038093996283426,0.0,2,False,False
100000003321423100,,0.0,-1,0.0,,1,0,100000.0,0.0,0.000673943477532719,0.0,2,False,False
100000002540623100,,0.0,-1,0.0,,1,0,100000.0,0.0,0.0003346916902319744,0.0,2,False,False
100000004225615100,,0.0,-1,0.0,,1,0,90000.0,0.0,0.00029535371664645587,0.0,2,False,False
100000004820260100,,0.0,-1,0.0,,1,3,234200.0,215350.0,0.0014103695688040057,0.9195132365499573,2,False,False
100000000795129100,,0.0,-1,0.0,,1,0,332000.0,0.0,0.00039289913158682774,0.0,2,False,False
100000008213966100,,0.0,-1,0.0,,3,1,187004.0,436900.0,0.0019431352837726214,2.336313661739856,2,False,False
100000008478414100,,0.0,-1,0.0,,1,0,10000.0,0.0,0.00029025906449417087,0.0,2,False,False
100000001330595100,,0.0,-1,0.0,,3,1,87000.0,154000.0,0.0006784467559252045,1.7701149425287357,2,False,False
100000000076451100,,0.0,-1,0.0,,3,4,87707.0,58000.0,0.0014012275295631398,0.661292713238396,2,False,False
100000005664632100,,0.0,-1,0.0,,1,0,198620.0,0.0,0.0003667595262044198,0.0,2,False,False
100000002457464100,,0.0,-1,0.0,,1,0,66647.0,0.0,0.00032360851504249956,0.0,2,False,False
100000002757240100,,0.0,-1,0.0,,1,0,51183.0,0.0,0.00031825299565871584,0.0,2,False,False
100000003718221100,,0.0,-1,0.0,,2,4,350000.0,423500.0,0.0010507940734642523,1.21,2,False,False
100000008629581100,,0.0,-1,0.0,,1,0,54184.0,0.0,0.0003167344517386686,0.0,2,False,False
100000004806903100,,0.0,-1,0.0,,1,0,18000.0,0.0,0.0005358736858678885,0.0,2,False,False
100000000913911100,,0.0,-1,0.0,,2,1,467000.0,600000.0,0.0004614358888210906,1.284796573875803,2,False,False
100000004905207100,,0.0,-1,0.0,,1,0,380000.0,0.0,0.000436738349886462,0.0,2,False,False
100000003831201100,,0.0,-1,0.0,,1,0,40500.0,0.0,0.0005366717916456754,0.0,2,False,False
100000003073398100,,0.0,-1,0.0,,1,0,92960.0,0.0,0.0003045421512379046,0.0,2,False,False
100000008418934100,,0.0,-1,0.0,,1,0,360000.0,0.0,0.00032086831456040846,0.0,2,False,False
100000002741024100,,0.0,-1,0.0,,5,6,817980.85,434989.0,0.0028814407847201134,0.5317838431058625,2,False,False
100000008106997100,,0.0,-1,0.0,,2,1,35600.0,20600.0,0.0003067342666124052,0.5786516853932584,2,False,False
100000007998965100,,0.0,-1,0.0,,5,1,278000.0,26000.0,0.000473983922472455,0.09352517985611511,2,False,False
100000001822623100,,0.0,-1,0.0,,1,0,201300.0,0.0,0.0003249322888221288,0.0,2,False,False
100000006424479100,,0.0,-1,0.0,,1,2,500000.0,220000.0,0.0009476633079854991,0.44,2,False,False
100000008696692100,,0.0,-1,0.0,,1,0,19000.0,0.0,0.00029332825693130016,0.0,2,False,False
100000002748532100,,0.0,-1,0.0,,3,2,355575.0,646685.0,0.00034062255500050286,1.8187021022287844,2,False,False
100000004456564100,,0.0,-1,0.0,,1,0,10000.0,0.0,0.00039408031381263944,0.0,2,False,False
100000001530740100,,0.0,-1,0.0,,1,0,15000.0,0.0,0.0005321421608384045,0.0,2,False,False
100000001386612100,,0.0,-1,0.0,,1,0,62264.0,0.0,0.00043562623152510973,0.0,2,False,False
100000003360542100,,0.0,-1,0.0,,2,2,317000.0,51800.0,0.001462123233616894,0.16340694006309148,2,False,False
100000008352542100,,0.0,-1,0.0,,1,0,50220.0,0.0,0.00033294857833076393,0.0,2,False,False
100000001138376100,,0.0,-1,0.0,,1,0,15300.0,0.0,0.00029173610759667106,0.0,2,False,False
100000003246024100,,0.0,-1,0.0,,1,1,25000.0,5000.0,0.00037362633493987277,0.2,2,False,False
100000002680477100,,0.0,-1,0.0,,1,0,25000.0,0.0,0.00029587646463313387,0.0,2,False,False
100000005882013100,,0.0,-1,0.0,,2,1,135000.0,10000.0,0.0005286709305561872,0.07407407407407407,2,False,False
100000005665181100,,0.0,-1,0.0,,4,11,45498.0,181915.0,0.0004002985549973445,3.998307617917271,2,False,False
100000008141170100,,0.0,-1,0.0,,1,0,11000.0,0.0,0.0006245744237647772,0.0,2,False,False
100000001382002100,,0.0,-1,0.0,,1,1,55000.0,56500.0,0.0006660132624212756,1.0272727272727273,2,False,False
100000002481735100,,0.0,-1,0.0,,1,0,22436.0,0.0,0.00036431141433377863,0.0,2,False,False
100000000806727100,,0.0,-1,0.0,,1,1,45000.0,5000.0,0.0003473862740271751,0.1111111111111111,2,False,False
100000003039473100,,0.0,-1,0.0,,1,0,23000.0,0.0,0.0003135944817852381,0.0,2,False,False
100000005205745100,,0.0,-1,0.0,,1,0,6000.0,0.0,0.0003136533125139488,0.0,2,False,False
100000004356593100,,0.0,-1,0.0,,1,1,50000.0,10000.0,0.00029476455894695685,0.2,2,False,False
100000008688881100,,0.0,-1,0.0,,1,0,44211.0,0.0,0.00030192574699046306,0.0,2,False,False
100000008111003100,,0.0,-1,0.0,,6,1,222716.0,35000.0,0.00047167789687580923,0.15715081089818422,2,False,False
100000003016773100,,0.0,-1,0.0,,1,0,46555.0,0.0,0.00031619941383605584,0.0,2,False,False
100000004674799100,,0.0,-1,0.0,,1,0,140000.0,0.0,0.0007939298298890643,0.0,2,False,False
100000005834479100,,0.0,-1,0.0,,1,2,7500.0,14470.0,0.00028803620691591114,1.9293333333333333,2,False,False
100000003278020100,,0.0,-1,0.0,,1,0,190000.0,0.0,0.0003259973532000971,0.0,2,False,False
100000000831684100,,0.0,-1,0.0,,1,1,15000.0,50000.0,0.0019199218378837585,3.3333333333333335,2,False,False
100000000307908100,,0.0,-1,0.0,,1,0,5000.0,0.0,0.00029787536393487927,0.0,2,False,False
100000001782980100,,0.0,-1,0.0,,1,1,50000.0,596200.0,0.0003718880578006442,11.924,2,False,False
100000002454724100,,0.0,-1,0.0,,1,0,125000.0,0.0,0.0003025294402342171,0.0,2,False,False
100000005904580100,,0.0,-1,0.0,,2,0,72000.0,0.0,0.0005249309055138308,0.0,2,False,False
100000008474308100,,0.0,-1,0.0,,1,1,14000.0,10000.0,0.0004469304204716151,0.7142857142857143,2,False,False
100000000795033100,,0.0,-1,0.0,,1,0,18200.0,0.0,0.0005353514037946001,0.0,2,False,False
100000000861294100,,0.0,-1,0.0,,1,0,150000.0,0.0,0.0003153987117381218,0.0,2,False,False
100000006557763100,,0.0,-1,0.0,,1,0,10000.0,0.0,0.00034871423372879323,0.0,2,False,False
100000005608515100,,0.0,-1,0.0,,1,0,64000.0,0.0,0.00029447025319685754,0.0,2,False,False
100000003922499100,,0.0,-1,0.0,,1,0,50000.0,0.0,0.0005375833478114208,0.0,2,False,False
100000008603629100,,0.0,-1,0.0,,19,61,1817300.0,4986156.0,0.0011969051333826275,2.7437165025037142,2,False,False
100000004825069100,,0.0,-1,0.0,,1,0,30000.0,0.0,0.0002970794921322359,0.0,2,False,False
100000004331458100,,0.0,-1,0.0,,2,0,250000.0,0.0,0.0013288678037691965,0.0,2,False,False
100000002911170100,,0.0,-1,0.0,,1,0,300000.0,0.0,0.00032448226561692723,0.0,2,False,False
100000008011159100,,0.0,-1,0.0,,3,5,363000.0,153037.0,0.00048822818856943286,0.4215895316804408,2,False,False
100000003854444100,,0.0,-1,0.0,,1,14,210000.0,2322909.0,0.00046881298793918145,11.061471428571428,2,False,False
100000008547948100,,0.0,-1,0.0,,6,26,212665.0,5185600.0,0.00043046983886426077,24.383890155878966,2,False,False
100000005175148100,,0.0,-1,0.0,,2,1,79000.0,15000.0,0.0007224239433805337,0.189873417721519,2,False,False
100000002087788100,,0.0,-1,0.0,,1,0,100500.0,0.0,0.0006613596572143565,0.0,2,False,False
100000004150593100,,0.0,-1,0.0,,1,11,57000.0,871165.0,0.00030799607750570075,15.28359649122807,2,False,False
100000001597505100,,0.0,-1,0.0,,1,1,26460.0,12920.0,0.0003161605068482809,0.48828420256991684,2,False,False
100000007629121100,,0.0,-1,0.0,,1,0,29000.0,0.0,0.0003977748286701752,0.0,2,False,False
100000005614315100,,0.0,-1,0.0,,1,0,455000.0,0.0,0.0005776190601164823,0.0,2,False,False
100000008324800100,,0.0,-1,0.0,,3,1,526500.0,511000.0,0.0018767530718553356,0.9705603038936372,2,False,False
100000005030592100,,0.0,-1,0.0,,1,0,10000.0,0.0,0.00029004313624476756,0.0,2,False,False
100000001633685100,,0.0,-1,0.0,,3,0,45000.0,0.0,0.0003075538727983914,0.0,2,False,False
100000001848426100,,0.0,-1,0.0,,1,0,95530.0,0.0,0.0003050313055241171,0.0,2,False,False
100000004580202100,,0.0,-1,0.0,,1,3,9000.0,45000.0,0.0003231892346538889,5.0,2,False,False
100000008717375100,,0.0,-1,0.0,,1,0,29506.0,0.0,0.00030312311143441273,0.0,2,False,False
100000007861311100,,0.0,-1,0.0,,1,0,45000.0,0.0,0.00036012653962218364,0.0,2,False,False
100000005578559100,,0.0,-1,0.0,,2,21,131000.0,893163.67,0.00039274226148974404,6.818043282442749,2,False,False
100000008764436100,,0.0,-1,0.0,,1,0,13100.0,0.0,0.000291316230778071,0.0,2,False,False
100000000190228100,,0.0,-1,0.0,,1,1,5000.0,28560.0,0.000584572299626703,5.712,2,False,False
100000003971049100,,0.0,-1,0.0,,1,0,55900.0,0.0,0.0002955814011649151,0.0,2,False,False
100000008743913100,,0.0,-1,0.0,,3,13,149300.0,1850600.0,0.000333585190840509,12.395177494976558,2,False,False
100000004400361100,,0.0,-1,0.0,,1,0,10000.0,0.0,0.0002885122425874011,0.0,2,False,False
100000002175422100,,0.0,-1,0.0,,3,6,68500.0,1621188.0,0.0008493337041109501,23.66697810218978,2,False,False
100000004544958100,,0.0,-1,0.0,,1,2,168000.0,23200.0,0.001220845768505495,0.1380952380952381,2,False,False
100000008466579100,,0.0,-1,0.0,,2,17,36952.0,1933000.0,0.0003559298666444721,52.31110630006495,2,False,False
100000001184915100,,0.0,-1,0.0,,1,0,201000.0,0.0,0.00035105399062468524,0.0,2,False,False
100000004435304100,,0.0,-1,0.0,,1,0,26200.0,0.0,0.0002957836108810036,0.0,2,False,False
100000008762728100,,0.0,-1,0.0,,1,0,17026.0,0.0,0.0003191179059845172,0.0,2,False,False
100000004285800100,,0.0,-1,0.0,,1,1,5000.0,15000.0,0.00034574603210178083,3.0,2,False,False
100000008557672100,,0.0,-1,0.0,,1,0,49125.0,0.0,0.00030360152606113565,0.0,2,False,False
100000005142589100,,0.0,-1,0.0,,1,0,50000.0,0.0,0.0003117547395403754,0.0,2,False,False
100000003747133100,,0.0,-1,0.0,,5,2,237068.0,250000.0,0.0003797416045329042,1.0545497494389795,2,False,False
100000003289405100,,0.0,-1,0.0,,1,0,355000.0,0.0,0.0003405024132859843,0.0,2,False,False
100000002691858100,,0.0,-1,0.0,,1,0,51500.0,0.0,0.0003438991262955783,0.0,2,False,False
100000007534354100,,0.0,-1,0.0,,1,3,50000.0,147810.0,0.00030490407859112926,2.9562,2,False,False
100000000765628100,,0.0,-1,0.0,,1,0,5000.0,0.0,0.00031683162772349065,0.0,2,False,False
100000004962193100,,0.0,-1,0.0,,8,0,900468.0,0.0,0.0006601649087275743,0.0,2,False,False
100000005032294100,,0.0,-1,0.0,,1,0,10000.0,0.0,0.00039408031381263944,0.0,2,False,False
100000001251686100,,0.0,-1,0.0,,1,0,18000.0,0.0,0.0002978930374110545,0.0,2,False,False
100000002398779100,,0.0,-1,0.0,,13,1,1095690.0,66000.0,0.0016072661759540486,0.06023601566136407,2,False,False
100000008512827100,,0.0,-1,0.0,,3,10,107949.0,1944500.0,0.00033674656361513174,18.01313583266172,2,False,False
100000003943483100,,0.0,-1,0.0,,1,0,10000.0,0.0,0.00033042891179093194,0.0,2,False,False
100000005031696100,,0.0,-1,0.0,,1,2,5000.0,115000.0,0.000542069147772073,23.0,2,False,False
100000002703376100,,0.0,-1,0.0,,1,0,46501.0,0.0,0.0002941131141872154,0.0,2,False,False
100000003617552100,,0.0,-1,0.0,,1,0,25000.0,0.0,0.0005534417558517753,0.0,2,False,False
100000007617808100,,0.0,-1,0.0,,1,0,450000.0,0.0,0.0003617014867269627,0.0,2,False,False
100000002613776100,,0.0,-1,0.0,,1,0,30000.0,0.0,0.00030283329907520294,0.0,2,False,False
100000002578405100,,0.0,-1,0.0,,2,116,1200351.0,3108352.0,0.0005724925422578232,2.589535894084314,2,False,False
100000006161893100,,0.0,-1,0.0,,1,0,14000.0,0.0,0.0005341853190630782,0.0,2,False,False
100000002633701100,,0.0,-1,0.0,,1,0,266850.0,0.0,0.0003120657782800948,0.0,2,False,False
100000002432143100,,0.0,-1,0.0,,1,0,81310.0,0.0,0.0003367378964249906,0.0,2,False,False
100000000490383100,,0.0,-1,0.0,,3,8,62600.0,461375.0,0.0005504333625377887,7.37020766773163,2,False,False
100000005809252100,,0.0,-1,0.0,,1,0,25000.0,0.0,0.0005695877439578756,0.0,2,False,False
100000006612238100,,0.0,-1,0.0,,1,1,160000.0,25000.0,0.00034141227177965876,0.15625,2,False,False
100000002593038100,,0.0,-1,0.0,,1,0,28500.0,0.0,0.0006614605263425352,0.0,2,False,False
100000002947299100,,0.0,-1,0.0,,1,0,85000.0,0.0,0.0003390019547058534,0.0,2,False,False
100000004336312100,,0.0,-1,0.0,,3,2,90415.0,72650.0,0.0006989602995804726,0.8035171155228668,2,False,False
100000001308856100,,0.0,-1,0.0,,1,0,27000.0,0.0,0.00029605642798652616,0.0,2,False,False
100000008238989100,,0.0,-1,0.0,,1,0,200000.0,0.0,0.00032468634510831316,0.0,2,False,False
100000005561741100,,0.0,-1,0.0,,1,0,25000.0,0.0,0.0003313147812804973,0.0,2,False,False
100000006248077100,,0.0,-1,0.0,,1,0,50000.0,0.0,0.0002951658102364522,0.0,2,False,False
100000000646541100,,0.0,-1,0.0,,3,0,25300.0,0.0,0.0005080733109951697,0.0,2,False,False
100000006595426100,,0.0,-1,0.0,,1,0,84800.0,0.0,0.0003358072321954047,0.0,2,False,False
100000002956898100,,0.0,-1,0.0,,2,0,290240.0,0.0,0.00037849375109358233,0.0,2,False,False
100000001262647100,,0.0,-1,0.0,,1,0,23650.0,0.0,0.0003047476126040102,0.0,2,False,False
100000005849100100,,0.0,-1,0.0,,1,0,33300.0,0.0,0.0004928605762438091,0.0,2,False,False
100000000533217100,,0.0,-1,0.0,,1,0,53587.0,0.0,0.0006562721839885975,0.0,2,False,False
100000002812641100,,0.0,-1,0.0,,1,1,10000.0,7023.95,0.002098796144747264,0.702395,2,False,False
100000008647905100,,0.0,-1,0.0,,1,2,50000.0,344222.0,0.0003301736452618153,6.88444,2,False,False
100000002842337100,,0.0,-1,0.0,,1,0,50000.0,0.0,0.00036826850506074414,0.0,2,False,False
100000002445750100,,0.0,-1,0.0,,1,1,70000.0,10000.0,0.0005396399331413593,0.14285714285714285,2,False,False
100000005619339100,,0.0,-1,0.0,,1,1,5000.0,5442.6,0.00032225534682256554,1.0885200000000002,2,False,False
100000006844768100,,0.0,-1,0.0,,1,2,282000.0,188000.0,0.0013800617680781104,0.6666666666666666,2,False,False
100000002488629100,,0.0,-1,0.0,,1,0,73050.0,0.0,0.0003007526330128113,0.0,2,False,False
100000002796853100,,0.0,-1,0.0,,1,1,199000.0,46167.62,0.002149784294916272,0.23199809045226133,2,False,False
100000006755850100,,0.0,-1,0.0,,1,0,443475.8,0.0,0.0006519969602831516,0.0,2,False,False
100000008733194100,,0.0,-1,0.0,,4,8,251424.0,159695.0,0.0004727805244094759,0.6351621165839378,2,False,False
100000001904863100,,0.0,-1,0.0,,1,0,500000.0,0.0,0.0004840718759531958,0.0,2,False,False
100000001641951100,,0.0,-1,0.0,,1,0,25000.0,0.0,0.00032048075253738104,0.0,2,False,False
100000004816564100,,0.0,-1,0.0,,1,1,285480.0,5000.0,0.00037803931511691275,0.01751436177665686,2,False,False
100000002205022100,,0.0,-1,0.0,,1,3,7100.0,518000.0,0.0005480158521231138,72.95774647887323,2,False,False
100000002267998100,,0.0,-1,0.0,,2,3,420000.0,1115000.0,0.001596336356637094,2.6547619047619047,2,False,False
100000002199091100,,0.0,-1,0.0,,1,0,65000.0,0.0,0.0003090152404988498,0.0,2,False,False
100000008571443100,,0.0,-1,0.0,,2,0,65000.0,0.0,0.00031615005477357013,0.0,2,False,False
100000002742067100,,0.0,-1,0.0,,1,0,12730.0,0.0,0.0002909151762052763,0.0,2,False,False
100000003292979100,,0.0,-1,0.0,,1,0,48950.0,0.0,0.0003317827747839172,0.0,2,False,False
100000002558173100,,0.0,-1,0.0,,1,0,9300.0,0.0,0.0002971511334570819,0.0,2,False,False
100000004687282100,,0.0,-1,0.0,,1,0,20000.0,0.0,0.0003337445070092051,0.0,2,False,False
100000003034546100,,0.0,-1,0.0,,1,0,486715.0,0.0,0.0003328426933554695,0.0,2,False,False
100000003798151100,,0.0,-1,0.0,,1,0,350000.0,0.0,0.0005779100190365989,0.0,2,False,False
100000008710791100,,0.0,-1,0.0,,3,23,181510.0,5521511.0,0.0003357504918816128,30.41987218335078,2,False,False
100000008688476100,,0.0,-1,0.0,,1,0,24000.0,0.0,0.00029503336384081646,0.0,2,False,False
100000003242289100,,0.0,-1,0.0,,3,23,550791.0,2377741.0,0.00044164083204680177,4.316956885642648,2,False,False
100000006564102100,,0.0,-1,0.0,,1,0,233235.0,0.0,0.0004299539003057715,0.0,2,False,False
100000001526235100,,0.0,-1,0.0,,3,8,82000.0,432750.0,0.0008816319237140674,5.277439024390244,2,False,False
100000004398811100,,0.0,-1,0.0,,1,3,426000.0,1040672.0,0.00035123312580815345,2.4428920187793426,2,False,False
100000002957787100,,0.0,-1,0.0,,4,34,84956.0,1276153.96,0.0006165068183473814,15.02135175855737,2,False,False
100000002621915100,,0.0,-1,0.0,,1,0,5000.0,0.0,0.0005343718543091357,0.0,2,False,False
100000008283183100,,0.0,-1,0.0,,1,0,29000.0,0.0,0.0002967384707503327,0.0,2,False,False
100000003843844100,,0.0,-1,0.0,,1,1,16680.0,238000.0,0.0002930486894899771,14.268585131894485,3,False,False
100000000954884100,,0.0,-1,0.0,,1,0,34000.0,0.0,0.0003128824264424135,0.0,3,False,False
100000005893892100,,0.0,-1,0.0,,1,0,102780.0,0.0,0.0002901929711701949,0.0,3,False,False
100000001819396100,,0.0,-1,0.0,,1,0,166080.0,0.0,0.0003286570329794405,0.0,3,False,False
100000008472324100,,0.0,-1,0.0,,1,0,205200.0,0.0,0.0002935253784586138,0.0,3,False,False
100000002646745100,,0.0,-1,0.0,,1,0,12300.0,0.0,0.0002887765123468335,0.0,3,False,False
100000008405209100,,0.0,-1,0.0,,1,0,54400.0,0.0,0.000295446660665207,0.0,3,False,False
100000004417753100,,0.0,-1,0.0,,2,0,192099.0,0.0,0.0003948780666174993,0.0,3,False,False
100000003457710100,,0.0,-1,0.0,,1,1,326555.0,1306000.0,0.0002974738678794894,3.999326300316945,3,False,False
100000007333038100,,0.0,-1,0.0,,1,2,17500.0,34994.0,0.00030102883105703315,1.9996571428571428,3,False,False
100000006444163100,,0.0,-1,0.0,,1,0,6026.0,0.0,0.0003206554253053999,0.0,3,False,False
100000008706947100,,0.0,-1,0.0,,1,0,17200.0,0.0,0.00028954444260628927,0.0,3,False,False
100000008761219100,,0.0,-1,0.0,,2,2,50000.0,375000.0,0.0002941512748559038,7.5,3,False,False
100000005022552100,,0.0,-1,0.0,,1,1,241000.0,5000.0,0.00035934272282234583,0.02074688796680498,3,False,False
100000008735832100,,0.0,-1,0.0,,1,0,17600.0,0.0,0.0002896071307907347,0.0,3,False,False
100000005661528100,,0.0,-1,0.0,,1,0,25000.0,0.0,0.00029239338217592616,0.0,3,False,False
100000002529880100,,0.0,-1,0.0,,2,0,147000.0,0.0,0.000307502631813874,0.0,3,False,False
100000001969496100,,0.0,-1,0.0,,1,0,22740.0,0.0,0.00029330827545839925,0.0,3,False,False
100000003215448100,,0.0,-1,0.0,,1,2,91309.0,124000.0,0.0003055010465210008,1.3580260434349298,3,False,False
100000006894637100,,0.0,-1,0.0,,1,0,52831.0,0.0,0.00029155306650878313,0.0,3,False,False
100000002936322100,,0.0,-1,0.0,,2,0,787133.0,0.0,0.000367992272391502,0.0,3,False,False
100000005061890100,,0.0,-1,0.0,,1,0,90000.0,0.0,0.0005369658745633378,0.0,3,False,False
100000004017410100,,0.0,-1,0.0,,2,5,193650.0,1330915.0,0.0011361307962045452,6.872785954040795,3,False,False
100000002983426100,,0.0,-1,0.0,,1,0,88945.0,0.0,0.00032012701271987715,0.0,3,False,False
100000005530114100,,0.0,-1,0.0,,2,1,136970.0,25000.0,0.0004970436403447192,0.1825217200846901,3,False,False
100000001169666100,,0.0,-1,0.0,,1,1,220000.0,24000.0,0.00032096707027641454,0.10909090909090909,3,False,False
100000001784279100,,0.0,-1,0.0,,1,0,35674.0,0.0,0.0002900253605963862,0.0,3,False,False
100000008744364100,,0.0,-1,0.0,,1,0,23700.0,0.0,0.0002905631256035266,0.0,3,False,False
100000008714412100,,0.0,-1,0.0,,1,0,169000.0,0.0,0.00031305784664157325,0.0,3,False,False
100000007754369100,,0.0,-1,0.0,,1,0,82424.0,0.0,0.0002941881076619896,0.0,3,False,False
100000003122817100,,0.0,-1,0.0,,1,0,444680.0,0.0,0.0003987904601830688,0.0,3,False,False
100000003711830100,,0.0,-1,0.0,,1,0,50000.0,0.0,0.0002970626279839811,0.0,3,False,False
100000001110358100,,0.0,-1,0.0,,2,0,32000.0,0.0,0.000294295035325378,0.0,3,False,False
100000006530134100,,0.0,-1,0.0,,2,0,144663.0,0.0,0.0003004222367253865,0.0,3,False,False
100000001639766100,,0.0,-1,0.0,,1,0,20000.0,0.0,0.0006546676072366184,0.0,3,False,False
100000003242795100,,0.0,-1,0.0,,1,0,111000.0,0.0,0.0002904604227217552,0.0,3,False,False
100000004970752100,,0.0,-1,0.0,,1,0,10000.0,0.0,0.0007460308300494871,0.0,3,False,False
100000004564736100,,0.0,-1,0.0,,1,0,15000.0,0.0,0.00037847187218373,0.0,3,False,False
100000005873152100,,0.0,-1,0.0,,1,1,10000.0,10000.0,0.00046938669267821635,1.0,3,False,False
100000001637376100,,0.0,-1,0.0,,1,1,116700.0,234250.0,0.00029064588182685174,2.0072836332476434,3,False,False
100000006710485100,,0.0,-1,0.0,,1,0,20000.0,0.0,0.0002899832598974069,0.0,3,False,False
100000003582677100,,0.0,-1,0.0,,2,4,29756.989999999998,56000.0,0.00029460359346959513,1.881910771217116,3,False,False
100000008713685100,,0.0,-1,0.0,,1,0,49700.0,0.0,0.00029463785759247565,0.0,3,False,False
100000008070101100,,0.0,-1,0.0,,1,0,100000.0,0.0,0.00029389779906267827,0.0,3,False,False
100000004475818100,,0.0,-1,0.0,,1,3,13000.0,53989.0,0.00031118891379402743,4.153,3,False,False
100000007197866100,,0.0,-1,0.0,,1,1,20000.0,15000.0,0.00029093436159867544,0.75,3,False,False
100000006965162100,,0.0,-1,0.0,,1,0,10000.0,0.0,0.0003106766055378161,0.0,3,False,False
100000005995391100,,0.0,-1,0.0,,1,0,17200.0,0.0,0.00028954444260628927,0.0,3,False,False
100000003834495100,,0.0,-1,0.0,,3,1,602441.0,20000.0,0.0006235433580008246,0.0331982716979754,3,False,False
100000001223977100,,0.0,-1,0.0,,1,1,5000.0,18000.0,0.00030690325196449205,3.6,3,False,False
100000001046057100,,0.0,-1,0.0,,1,0,83420.0,0.0,0.0003199335653266865,0.0,3,False,False
100000002989353100,,0.0,-1,0.0,,1,2,500000.0,321160.0,0.00031076359510193093,0.64232,3,False,False
100000006714366100,,0.0,-1,0.0,,1,1,10500.0,5000.0,0.0002907516269075009,0.47619047619047616,3,False,False
100000001063678100,,0.0,-1,0.0,,1,2,35000.0,90000.0,0.00032936727215717636,2.5714285714285716,3,False,False
100000004889043100,,0.0,-1,0.0,,2,0,272000.0,0.0,0.0002998300702347704,0.0,3,False,False
100000002984403100,,0.0,-1,0.0,,1,1,20000.0,25000.0,0.0003215219267154699,1.25,3,False,False
100000003951827100,,0.0,-1,0.0,,1,2,9000.0,17000.0,0.0002873578504393389,1.8888888888888888,3,False,False
100000000933075100,,0.0,-1,0.0,,1,2,40000.0,55000.0,0.000811915898987796,1.375,3,False,False
100000008502995100,,0.0,-1,0.0,,1,0,25000.0,0.0,0.0007299997244644803,0.0,3,False,False
100000008086440100,,0.0,-1,0.0,,1,5,199733.0,161300.0,0.000339159382330415,0.8075781167859092,3,False,False
100000008465789100,,0.0,-1,0.0,,1,16,30099.0,1858100.0,0.0002911860984619856,61.732947938469714,3,False,False
100000002550141100,,0.0,-1,0.0,,1,0,100586.0,0.0,0.0003091569404966681,0.0,3,False,False
100000008739887100,,0.0,-1,0.0,,2,2,214000.0,307000.0,0.00033477057042868727,1.4345794392523366,3,False,False
100000008532050100,,0.0,-1,0.0,,1,0,455156.0,0.0,0.0003016581181206333,0.0,3,False,False
100000008422226100,,0.0,-1,0.0,,1,0,87450.0,0.0,0.0002917946317172872,0.0,3,False,False
100000002369874100,,0.0,-1,0.0,,4,0,600000.0,0.0,0.00033884808674630463,0.0,3,False,False
100000003321895100,,0.0,-1,0.0,,1,2,24000.0,553830.0,0.0003126444685622149,23.07625,3,False,False
100000001875239100,,0.0,-1,0.0,,3,0,712000.0,0.0,0.00033546478413171,0.0,3,False,False
100000002216999100,,0.0,-1,0.0,,1,0,23677.0,0.0,0.00029055952103292093,0.0,3,False,False
100000002653948100,,0.0,-1,0.0,,1,0,85200.0,0.0,0.00028962097624605506,0.0,3,False,False
100000008632060100,,0.0,-1,0.0,,1,9,6000.0,339200.0,0.0002893153080072033,56.53333333333333,3,False,False
100000008746449100,,0.0,-1,0.0,,1,10,10000.0,1009000.0,0.0002882898446572797,100.9,3,False,False
100000003031761100,,0.0,-1,0.0,,1,0,460408.0,0.0,0.0003197773937099228,0.0,3,False,False
100000008388049100,,0.0,-1,0.0,,1,0,496400.0,0.0,0.00031059140894205804,0.0,3,False,False
100000002677201100,,0.0,-1,0.0,,1,1,150000.0,87750.0,0.00031028705701776314,0.585,3,False,False
100000002901457100,,0.0,-1,0.0,,1,3,340000.0,119000.0,0.0003758956319421,0.35,3,False,False
100000001160401100,,0.0,-1,0.0,,1,0,47190.0,0.0,0.0003062475375918293,0.0,3,False,False
100000002842321100,,0.0,-1,0.0,,1,0,160000.0,0.0,0.00029205472029188335,0.0,3,False,False
100000002547110100,,0.0,-1,0.0,,6,0,1500000.0,0.0,0.0005540435816644865,0.0,3,False,False
100000001600934100,,0.0,-1,0.0,,1,1,180300.0,11000.0,0.0024219197960988043,0.06100942872989462,3,False,False
100000002818726100,,0.0,-1,0.0,,1,0,10879.0,0.0,0.00029089249854484045,0.0,3,False,False
100000008712827100,,0.0,-1,0.0,,1,0,76000.0,0.0,0.00029875960571975875,0.0,3,False,False
100000008259451100,,0.0,-1,0.0,,1,0,55000.0,0.0,0.0003024719097375548,0.0,3,False,False
100000003060517100,,0.0,-1,0.0,,1,0,315955.0,0.0,0.0003634828896360661,0.0,3,False,False
100000002621434100,,0.0,-1,0.0,,1,0,81000.0,0.0,0.00029103957755279405,0.0,3,False,False
100000001860090100,,0.0,-1,0.0,,1,0,5000.0,0.0,0.00037966794761907477,0.0,3,False,False
100000004689658100,,0.0,-1,0.0,,1,1,456100.0,7092.0,0.0003880032833755113,0.015549221661916246,3,False,False
100000003486970100,,0.0,-1,0.0,,1,0,150000.0,0.0,0.00029172935344083683,0.0,3,False,False
100000004659919100,,0.0,-1,0.0,,1,1,110000.0,39000.0,0.0007280456790409198,0.35454545454545455,3,False,False
100000006111439100,,0.0,-1,0.0,,3,4,20570.0,24000.0,0.00036710796962674763,1.166747690811862,3,False,False
100000002521039100,,0.0,-1,0.0,,1,0,349370.0,0.0,0.00030660765596611083,0.0,3,False,False
100000008493007100,,0.0,-1,0.0,,1,1,26150.0,26150.0,0.00029094709073325446,1.0,3,False,False
100000007793871100,,0.0,-1,0.0,,1,0,26000.0,0.0,0.0006901649764622732,0.0,3,False,False
100000001650895100,,0.0,-1,0.0,,1,1,153500.0,10000.0,0.000310654062987847,0.06514657980456026,3,False,False
100000002567887100,,0.0,-1,0.0,,1,0,50915.0,0.0,0.0002885054559972419,0.0,3,False,False
100000008055972100,,0.0,-1,0.0,,1,0,28300.0,0.0,0.0002912840397246483,0.0,3,False,False
100000008684452100,,0.0,-1,0.0,,1,0,51800.0,0.0,0.0002949669705608138,0.0,3,False,False
100000000764836100,,0.0,-1,0.0,,1,2,251716.0,50000.0,0.00033826827405659157,0.1986365586613485,3,False,False
100000003072676100,,0.0,-1,0.0,,1,0,31545.0,0.0,0.00029450000593149597,0.0,3,False,False
100000008757369100,,0.0,-1,0.0,,1,1,25961.0,58398.0,0.00028916048867663844,2.249451099726513,3,False,False
100000007618425100,,0.0,-1,0.0,,1,0,39348.0,0.0,0.0002963926026810714,0.0,3,False,False
100000004671609100,,0.0,-1,0.0,,1,0,100000.0,0.0,0.00030158363806341424,0.0,3,False,False
100000004676985100,,0.0,-1,0.0,,1,1,32260.0,27102.0,0.0002886733320521506,0.8401115933044018,3,False,False
100000002531406100,,0.0,-1,0.0,,1,1,520000.0,500000.0,0.00032403943463129876,0.9615384615384616,3,False,False
100000002877262100,,0.0,-1,0.0,,1,0,100000.0,0.0,0.0003012587904965518,0.0,3,False,False
100000007591246100,,0.0,-1,0.0,,1,1,12190.0,120000.0,0.0002992235699210814,9.844134536505333,3,False,False
100000008712184100,,0.0,-1,0.0,,1,0,18000.0,0.0,0.00028966981897518004,0.0,3,False,False
100000002975437100,,0.0,-1,0.0,,1,1,530000.0,8500.0,0.0005231861218705436,0.016037735849056604,3,False,False
100000005008589100,,0.0,-1,0.0,,1,0,42806.68,0.0,0.00030444565896636474,0.0,3,False,False
100000000782285100,,0.0,-1,0.0,,1,0,6151.0,0.0,0.00032135669012929347,0.0,3,False,False
100000005198498100,,0.0,-1,0.0,,1,0,28800.0,0.0,0.00029136239995520506,0.0,3,False,False
100000008517538100,,0.0,-1,0.0,,3,17,155500.0,1439000.0,0.0003083882519562974,9.254019292604502,3,False,False
100000005756535100,,0.0,-1,0.0,,1,0,20000.0,0.0,0.0005439649108890939,0.0,3,False,False
100000004917367100,,0.0,-1,0.0,,2,0,120000.0,0.0,0.0002953405651424841,0.0,3,False,False
100000001222263100,,0.0,-1,0.0,,1,1,745570.0,420000.0,0.00031110722698861684,0.5633273870998028,3,False,False
100000001149815100,,0.0,-1,0.0,,1,0,12000.0,0.0,0.00028872949620849947,0.0,3,False,False
100000006020215100,,0.0,-1,0.0,,1,2,30000.0,33800.0,0.00029799963991045987,1.1266666666666667,3,False,False
100000000673868100,,0.0,-1,0.0,,1,5,2030650.0,383000.0,0.001177679493519308,0.18860955851574618,3,False,False
100000008749900100,,0.0,-1,0.0,,1,0,17150.0,0.0,0.00028953660658323363,0.0,3,False,False
100000002862113100,,0.0,-1,0.0,,1,0,47405.0,0.0,0.00030031450730884477,0.0,3,False,False
100000001066017100,,0.0,-1,0.0,,2,4,136123.0,82500.0,0.00030258114062118436,0.6060695106631503,3,False,False
100000008436257100,,0.0,-1,0.0,,2,0,35000.0,0.0,0.00029589662387434994,0.0,3,False,False
100000003016438100,,0.0,-1,0.0,,1,1,200000.0,300000.0,0.00031809979246530477,1.5,3,False,False
100000002534091100,,0.0,-1,0.0,,1,0,22200.0,0.0,0.00029769131307630804,0.0,3,False,False
100000006882208100,,0.0,-1,0.0,,1,0,18000.0,0.0,0.000643013810976122,0.0,3,False,False
100000005362848100,,0.0,-1,0.0,,1,0,29000.0,0.0,0.0002976990018842836,0.0,3,False,False
100000001073568100,,0.0,-1,0.0,,1,2,707465.0,219503.0,0.00048780825939500087,0.31026693900051594,3,False,False
100000008687733100,,0.0,-1,0.0,,1,0,14650.0,0.0,0.00028914480543045006,0.0,3,False,False
100000007229557100,,0.0,-1,0.0,,3,0,878000.0,0.0,0.00039594913284260246,0.0,3,False,False
100000001052789100,,0.0,-1,0.0,,1,0,70975.0,0.0,0.0002990371668248572,0.0,3,False,False
100000006967370100,,0.0,-1,0.0,,1,1,33225.0,13526.27,0.0002949074854315968,0.40711121143717083,3,False,False
100000001837130100,,0.0,-1,0.0,,1,0,172900.0,0.0,0.0003022443366140224,0.0,3,False,False
100000005820746100,,0.0,-1,0.0,,1,1,1989000.0,60000.0,0.0009937260662196783,0.030165912518853696,3,False,False
100000002883402100,,0.0,-1,0.0,,3,0,300000.0,0.0,0.0003020000110167491,0.0,3,False,False
100000008582730100,,0.0,-1,0.0,,1,1,5000.0,5000.0,0.0008966241150209632,1.0,3,False,False
100000003116106100,,0.0,-1,0.0,,1,0,494050.0,0.0,0.00030292359995109377,0.0,3,False,False
100000001818442100,,0.0,-1,0.0,,1,0,42215.0,0.0,0.0003026433035473476,0.0,3,False,False
100000008690762100,,0.0,-1,0.0,,1,0,26750.0,0.0,0.00029104112300992253,0.0,3,False,False
100000008712991100,,0.0,-1,0.0,,1,0,66100.0,0.0,0.00029720807315473583,0.0,3,False,False
100000003292191100,,0.0,-1,0.0,,1,0,112000.0,0.0,0.0003009679214849633,0.0,3,False,False
100000005367284100,,0.0,-1,0.0,,1,2,13700.0,48300.0,0.00029043691215560125,3.5255474452554743,3,False,False
100000003216073100,,0.0,-1,0.0,,1,1,37001.0,70000.0,0.00028949517528468045,1.891840761060512,3,False,False
100000006169033100,,0.0,-1,0.0,,1,3,49000.0,1140271.0,0.00041986643931873685,23.270836734693876,3,False,False
100000004407753100,,0.0,-1,0.0,,1,1,250000.0,100000.0,0.0008825427222420808,0.4,3,False,False
100000004420041100,,0.0,-1,0.0,,1,7,69638.0,651830.0,0.0003010741911598022,9.360263074758034,3,False,False
100000004715209100,,0.0,-1,0.0,,1,5,5000.0,350450.0,0.000288831871212872,70.09,3,False,False
100000004580254100,,0.0,-1,0.0,,2,0,27940.0,0.0,0.0003136701491016305,0.0,3,False,False
100000001056414100,,0.0,-1,0.0,,1,0,250000.0,0.0,0.00029880622288853465,0.0,3,False,False
100000008686494100,,0.0,-1,0.0,,1,0,15700.0,0.0,0.00028930936191461917,0.0,3,False,False
100000002822472100,,0.0,-1,0.0,,2,0,266722.0,0.0,0.00031363951333356435,0.0,3,False,False
100000001831496100,,0.0,-1,0.0,,1,1,25000.0,373000.0,0.0002939502411580549,14.92,3,False,False
100000008732488100,,0.0,-1,0.0,,1,1,137000.0,10000.0,0.0003148346005013675,0.072992700729927,3,False,False
100000004007197100,,0.0,-1,0.0,,1,0,10048.0,0.0,0.0002889770557156798,0.0,3,False,False
100000002815005100,,0.0,-1,0.0,,1,0,476500.0,0.0,0.0003204370897417662,0.0,3,False,False
100000005756189100,,0.0,-1,0.0,,1,1,65000.0,49050.0,0.00028896373520694105,0.7546153846153846,3,False,False
100000004877085100,,0.0,-1,0.0,,1,3,25000.0,95600.0,0.0002961411750379063,3.824,3,False,False
100000002713074100,,0.0,-1,0.0,,2,1,700000.0,430000.0,0.00043550713978465777,0.6142857142857143,3,False,False
100000002356167100,,0.0,-1,0.0,,1,2,300000.0,29500.0,0.00029660985620653523,0.09833333333333333,3,False,False
100000004140487100,,0.0,-1,0.0,,1,10,24510.0,262600.0,0.000290722606610002,10.713994288045695,3,False,False
100000003147719100,,0.0,-1,0.0,,1,0,100000.0,0.0,0.00029202258756113307,0.0,3,False,False
100000008745884100,,0.0,-1,0.0,,1,0,20000.0,0.0,0.0002899832598974069,0.0,3,False,False
100000002559089100,,0.0,-1,0.0,,2,0,715000.0,0.0,0.0003941569671310518,0.0,3,False,False
100000004984689100,,0.0,-1,0.0,,1,0,53030.0,0.0,0.000297681582888897,0.0,3,False,False
100000004340038100,,0.0,-1,0.0,,1,1,9978.0,49000.0,0.0002905576031748063,4.910803768290238,3,False,False
100000005052998100,,0.0,-1,0.0,,1,1,9500.0,28400.0,0.00028738612820401673,2.9894736842105263,3,False,False
100000007597382100,,0.0,-1,0.0,,1,0,15700.0,0.0,0.00028735967663128144,0.0,3,False,False
100000008697670100,,0.0,-1,0.0,,1,0,25350.0,0.0,0.0002908217143643637,0.0,3,False,False
100000008460102100,,0.0,-1,0.0,,1,31,17500.0,476570.0,0.00030102883105703315,27.23257142857143,3,False,False
100000004399686100,,0.0,-1,0.0,,1,0,806000.0,0.0,0.0005732958269088735,0.0,3,False,False
100000008688155100,,0.0,-1,0.0,,1,0,23600.0,0.0,0.0002905474535574152,0.0,3,False,False
100000004386331100,,0.0,-1,0.0,,1,2,20000.0,17500.0,0.0005148925249118901,0.875,3,False,False
100000007999728100,,0.0,-1,0.0,,1,0,23250.0,0.0,0.00029345314382425074,0.0,3,False,False
100000001597424100,,0.0,-1,0.0,,1,0,48100.0,0.0,0.00030051192596426983,0.0,3,False,False
100000003677936100,,0.0,-1,0.0,,1,1,71000.0,13000.0,0.0003102592371929013,0.18309859154929578,3,False,False
100000002943472100,,0.0,-1,0.0,,1,0,170000.0,0.0,0.00031134574837154115,0.0,3,False,False
100000004892144100,,0.0,-1,0.0,,2,1,4500000.0,180300.0,0.0028272366151119127,0.04006666666666667,3,False,False
100000008077552100,,0.0,-1,0.0,,1,0,214000.0,0.0,0.00033056381755698535,0.0,3,False,False
100000002914245100,,0.0,-1,0.0,,1,0,140611.0,0.0,0.00029690539913794544,0.0,3,False,False
100000004906181100,,0.0,-1,0.0,,1,7,100000.0,2473417.91,0.000290102519185604,24.734179100000002,3,False,False
100000008514970100,,0.0,-1,0.0,,1,1,379966.0,31000.0,0.0003140241534126123,0.0815862471905381,3,False,False
100000008258458100,,0.0,-1,0.0,,1,2,19000.0,1557988.0,0.0002925641352012668,81.99936842105264,3,False,False
100000003484058100,,0.0,-1,0.0,,1,1,110000.0,6000.0,0.0003180949687999712,0.05454545454545454,3,False,False
100000003574895100,,0.0,-1,0.0,,1,1,27968.0,20000.0,0.0002884305957201563,0.7151029748283753,3,False,False
100000000896111100,,0.0,-1,0.0,,1,0,287100.0,0.0,0.000388882258710753,0.0,3,False,False
100000008715887100,,0.0,-1,0.0,,1,0,18000.0,0.0,0.00028966981897518004,0.0,3,False,False
100000000560751100,,0.0,-1,0.0,,1,0,25000.0,0.0,0.0005548595863285818,0.0,3,False,False
100000008708207100,,0.0,-1,0.0,,2,0,465000.0,0.0,0.00036138253938473137,0.0,3,False,False
100000003152964100,,0.0,-1,0.0,,1,1,141847.0,5500.0,0.00031582472407368673,0.03877417217142414,3,False,False
100000004991812100,,0.0,-1,0.0,,1,0,10000.0,0.0,0.0003479308650141994,0.0,3,False,False
100000000291908100,,0.0,-1,0.0,,1,1,295500.0,13300.0,0.0007095144362731588,0.045008460236886635,3,False,False
100000003132484100,,0.0,-1,0.0,,1,0,90000.0,0.0,0.0005411807195730717,0.0,3,False,False
100000004077081100,,0.0,-1,0.0,,1,4,140000.0,615000.0,0.00029140398658979025,4.392857142857143,3,False,False
100000004770073100,,0.0,-1,0.0,,1,1,5462.4,5466.97,0.0002890943134302503,1.0008366285881665,3,False,False
100000003163886100,,0.0,-1,0.0,,1,0,500000.0,0.0,0.0007369599248141944,0.0,3,False,False
100000000795374100,,0.0,-1,0.0,,1,0,50000.0,0.0,0.0002970626279839811,0.0,3,False,False
100000002391278100,,0.0,-1,0.0,,1,1,30000.0,52700.0,0.00039518096097428796,1.7566666666666666,3,False,False
100000004635886100,,0.0,-1,0.0,,1,0,23000.0,0.0,0.00029376735299624113,0.0,3,False,False
100000000413678100,,0.0,-1,0.0,,2,3,306500.0,528198.0,0.0003020408980498882,1.723321370309951,3,False,False
100000008659950100,,0.0,-1,0.0,,1,0,246000.0,0.0,0.0003222973026358153,0.0,3,False,False
100000003964910100,,0.0,-1,0.0,,2,0,1000000.0,0.0,0.0005115658756719716,0.0,3,False,False
100000008764654100,,0.0,-1,0.0,,1,0,26150.0,0.0,0.00029094709073325446,0.0,3,False,False
100000005830339100,,0.0,-1,0.0,,5,1,476341.0,339251.0,0.0003651974647834223,0.7122019729563485,3,False,False
100000002032323100,,0.0,-1,0.0,,1,1,300000.0,1050000.0,0.00040583008293915704,3.5,3,False,False
100000008668099100,,0.0,-1,0.0,,1,0,15700.0,0.0,0.00028930936191461917,0.0,3,False,False
100000008634520100,,0.0,-1,0.0,,1,0,90000.0,0.0,0.00029981779651441044,0.0,3,False,False
100000002103448100,,0.0,-1,0.0,,1,0,27000.0,0.0,0.00029108030312520087,0.0,3,False,False
100000005996909100,,0.0,-1,0.0,,1,0,5500.0,0.0,0.00031743990574272185,0.0,3,False,False
100000007392365100,,0.0,-1,0.0,,1,6,9613.0,1765600.0,0.0002873925189788339,183.66794965151357,3,False,False
100000008279405100,,0.0,-1,0.0,,1,0,234738.0,0.0,0.000334800083833601,0.0,3,False,False
100000008343874100,,0.0,-1,0.0,,2,2,283535.0,176400.0,0.00030902303115203344,0.6221454141464017,3,False,False
100000002548759100,,0.0,-1,0.0,,2,0,375000.0,0.0,0.0003099070264256317,0.0,3,False,False
100000003069463100,,0.0,-1,0.0,,1,1,11500.0,17920.0,0.0002897438054951015,1.5582608695652174,3,False,False
100000008474391100,,0.0,-1,0.0,,1,0,20000.0,0.0,0.0004090128793532605,0.0,3,False,False
100000003097324100,,0.0,-1,0.0,,2,0,294000.0,0.0,0.0003274641786485466,0.0,3,False,False
100000001852140100,,0.0,-1,0.0,,1,0,30000.0,0.0,0.0008079646770475849,0.0,3,False,False
100000003293377100,,0.0,-1,0.0,,1,0,50000.0,0.0,0.0002884756849303712,0.0,3,False,False
100000006048193100,,0.0,-1,0.0,,1,0,41559.0,0.0,0.00029773324827123734,0.0,3,False,False
100000002435265100,,0.0,-1,0.0,,1,0,132628.0,0.0,0.00029434969742251537,0.0,3,False,False
100000004587414100,,0.0,-1,0.0,,2,0,533603.0,0.0,0.00031626908039091055,0.0,3,False,False
100000001726614100,,0.0,-1,0.0,,1,0,138717.0,0.0,0.000299200589385284,0.0,3,False,False
100000003934614100,,0.0,-1,0.0,,2,1,17000.0,11500.0,0.0003148769433899909,0.6764705882352942,3,False,False
100000008772246100,,0.0,-1,0.0,,1,0,44500.0,0.0,0.00029382291119468585,0.0,3,False,False
100000002603371100,,0.0,-1,0.0,,1,0,9300.0,0.0,0.00029067185953983904,0.0,3,False,False
100000004445291100,,0.0,-1,0.0,,1,0,19500.0,0.0,0.0003206550998144616,0.0,3,False,False
100000008571243100,,0.0,-1,0.0,,1,0,134000.0,0.0,0.000307629948068643,0.0,3,False,False
100000001138283100,,0.0,-1,0.0,,1,2,81805.0,50000.0,0.000303559611730136,0.6112095837662734,3,False,False
100000002593344100,,0.0,-1,0.0,,2,0,431000.0,0.0,0.0003605528794105453,0.0,3,False,False
100000007390016100,,0.0,-1,0.0,,1,1,511000.0,346500.0,0.0018696009608486764,0.678082191780822,3,False,False
100000001285440100,,0.0,-1,0.0,,2,0,243000.0,0.0,0.0003217917138189948,0.0,3,False,False
100000006746688100,,0.0,-1,0.0,,1,0,41000.0,0.0,0.0002932743895807888,0.0,3,False,False
100000006471232100,,0.0,-1,0.0,,1,0,41800.0,0.0,0.00029339976594967956,0.0,3,False,False
100000008662805100,,0.0,-1,0.0,,1,0,16500.0,0.0,0.0002894347382835099,0.0,3,False,False
100000004292885100,,0.0,-1,0.0,,1,0,112700.0,0.0,0.00030451124664262146,0.0,3,False,False
100000008190442100,,0.0,-1,0.0,,1,0,13000.0,0.0,0.0002888862166696129,0.0,3,False,False
100000007131370100,,0.0,-1,0.0,,1,1,30000.0,30000.0,0.0009040466780696105,1.0,3,False,False
100000008717802100,,0.0,-1,0.0,,1,0,26150.0,0.0,0.00029094709073325446,0.0,3,False,False
100000005357034100,,0.0,-1,0.0,,1,0,9754.0,0.0,0.00028740049330847306,0.0,3,False,False
100000005532138100,,0.0,-1,0.0,,1,0,25046.0,0.0,0.00029510711181209454,0.0,3,False,False
100000005264874100,,0.0,-1,0.0,,1,2,30000.0,78000.0,0.0004301567178849599,2.6,3,False,False
100000008193258100,,0.0,-1,0.0,,1,1,75000.0,30000.0,0.0002987024490070344,0.4,3,False,False
100000003190207100,,0.0,-1,0.0,,1,1,5000.0,377000.0,0.0003004626618277658,75.4,3,False,False
100000004321983100,,0.0,-1,0.0,,1,2,10840.0,36200.0,0.00032599285319656444,3.339483394833948,3,False,False
100000002633108100,,0.0,-1,0.0,,1,0,320000.0,0.0,0.00037774664885647033,0.0,3,False,False
100000005941908100,,0.0,-1,0.0,,1,0,10000.0,0.0,0.0006952260665446425,0.0,3,False,False
100000001835625100,,0.0,-1,0.0,,1,0,75130.0,0.0,0.00028929333182705117,0.0,3,False,False
100000008671081100,,0.0,-1,0.0,,1,0,37200.0,0.0,0.0002926788518285578,0.0,3,False,False
100000002908521100,,0.0,-1,0.0,,1,0,44500.0,0.0,0.00029382291119468585,0.0,3,False,False
100000000749118100,,0.0,-1,0.0,,1,1,10330.0,16500.0,0.00028743306929338193,1.5972894482090998,3,False,False
100000008652094100,,0.0,-1,0.0,,1,0,35000.0,0.0,0.000288828294202585,0.0,3,False,False
100000007647294100,,0.0,-1,0.0,,1,0,385000.0,0.0,0.0005816408115692833,0.0,3,False,False
100000003270419100,,0.0,-1,0.0,,1,0,150000.0,0.0,0.0008368162852072328,0.0,3,False,False
100000003050771100,,0.0,-1,0.0,,1,0,229000.0,0.0,0.0003719665418380926,0.0,3,False,False
100000008427027100,,0.0,-1,0.0,,1,0,300000.0,0.0,0.0005536646528273149,0.0,3,False,False
100000004291560100,,0.0,-1,0.0,,1,0,47190.0,0.0,0.00028951770610543,0.0,3,False,False
100000003594472100,,0.0,-1,0.0,,1,0,20000.0,0.0,0.0002957672382674178,0.0,3,False,False
100000002575080100,,0.0,-1,0.0,,1,1,13000.0,12500.0,0.0005543012425460762,0.9615384615384616,3,False,False
100000008038077100,,0.0,-1,0.0,,1,0,499850.0,0.0,0.00030311231272470076,0.0,3,False,False
100000003899325100,,0.0,-1,0.0,,1,0,50120.0,0.0,0.00029796452742791776,0.0,3,False,False
100000001155773100,,0.0,-1,0.0,,1,0,21500.0,0.0,0.00029021834058907703,0.0,3,False,False
100000000611474100,,0.0,-1,0.0,,1,0,32000.0,0.0,0.000598202998296713,0.0,3,False,False
100000006704530100,,0.0,-1,0.0,,1,3,450500.0,428000.0,0.00040025555905717184,0.9500554938956715,3,False,False
100000003996562100,,0.0,-1,0.0,,1,0,7700.0,0.0,0.00033004676382698264,0.0,3,False,False
100000002646887100,,0.0,-1,0.0,,1,0,24354.0,0.0,0.0002965077471103314,0.0,3,False,False
100000002556775100,,0.0,-1,0.0,,1,0,300000.0,0.0,0.00029660985620653523,0.0,3,False,False
100000002722108100,,0.0,-1,0.0,,1,0,800000.0,0.0,0.00032511244175800655,0.0,3,False,False
100000002737980100,,0.0,-1,0.0,,1,0,32900.0,0.0,0.00029674531703880277,0.0,3,False,False
100000002913340100,,0.0,-1,0.0,,1,0,23600.0,0.0,0.0002905474535574152,0.0,3,False,False
100000003610172100,,0.0,-1,0.0,,1,0,70000.0,0.0,0.0002891264186324643,0.0,3,False,False
100000001052945100,,0.0,-1,0.0,,1,3,56520.0,1595700.0,0.0003029036742789161,28.23248407643312,3,False,False
100000002369510100,,0.0,-1,0.0,,1,0,37150.0,0.0,0.00029267101580550213,0.0,3,False,False
100000001954534100,,0.0,-1,0.0,,1,1,13000.0,40000.0,0.0003678613251334213,3.076923076923077,3,False,False
100000008488166100,,0.0,-1,0.0,,1,0,5600.0,0.0,0.00028772648525737354,0.0,3,False,False
100000005100475100,,0.0,-1,0.0,,1,0,40000.0,0.0,0.00033925169821846915,0.0,3,False,False
100000002708624100,,0.0,-1,0.0,,1,0,25000.0,0.0,0.0003301901957255528,0.0,3,False,False
100000004591973100,,0.0,-1,0.0,,1,1,10000.0,100000.0,0.00040087068779351426,10.0,3,False,False
100000000802149100,,0.0,-1,0.0,,1,0,104128.0,0.0,0.00029612069081304536,0.0,3,False,False
100000003095610100,,0.0,-1,0.0,,1,0,23665.0,0.0,0.000295702948204946,0.0,3,False,False
100000004183610100,,0.0,-1,0.0,,1,1,22000.0,915000.0,0.0003422699017232171,41.59090909090909,3,False,False
100000005198906100,,0.0,-1,0.0,,1,1,227970.0,60000.0,0.00029426623877844684,0.26319252533228055,3,False,False
100000008599354100,,0.0,-1,0.0,,1,1,177000.0,38200.0,0.0003332055573935272,0.21581920903954802,3,False,False
100000001303311100,,0.0,-1,0.0,,5,0,1324000.0,0.0,0.0005038967777710388,0.0,3,False,False
100000008776420100,,0.0,-1,0.0,,1,0,69500.0,0.0,0.00029774092272252144,0.0,3,False,False
100000004737764100,,0.0,-1,0.0,,1,0,600000.0,0.0,0.0006795006612870166,0.0,3,False,False
100000003154105100,,0.0,-1,0.0,,1,7,60000.0,338000.0,0.0005530271649049961,5.633333333333334,3,False,False
100000008708025100,,0.0,-1,0.0,,1,0,10000.0,0.0,0.0003106766055378161,0.0,3,False,False
100000008740793100,,0.0,-1,0.0,,1,0,21000.0,0.0,0.0002901399803585203,0.0,3,False,False
100000008459449100,,0.0,-1,0.0,,1,0,53700.0,0.0,0.0003009130040693614,0.0,3,False,False
100000008677518100,,0.0,-1,0.0,,1,0,48700.0,0.0,0.0002944811371313622,0.0,3,False,False
100000002212494100,,0.0,-1,0.0,,1,0,160000.0,0.0,0.00035819595141337393,0.0,3,False,False
100000001825934100,,0.0,-1,0.0,,1,1,40000.0,97000.0,0.00047792600695490046,2.425,3,False,False
100000003736419100,,0.0,-1,0.0,,1,1,23300.0,10000.0,0.0002929511742149037,0.4291845493562232,3,False,False
100000008430691100,,0.0,-1,0.0,,1,2,20000.0,604900.0,0.0003083451989143688,30.245,3,False,False
100000003073635100,,0.0,-1,0.0,,1,0,129231.0,0.0,0.0003132475837831195,0.0,3,False,False
100000001686328100,,0.0,-1,0.0,,1,0,140000.0,0.0,0.00031645902449252086,0.0,3,False,False
100000008707810100,,0.0,-1,0.0,,1,0,26200.0,0.0,0.0002909549267563101,0.0,3,False,False
100000001236706100,,0.0,-1,0.0,,3,2,142700.0,36000.0,0.0007695577991874919,0.25227750525578135,3,False,False
100000008536546100,,0.0,-1,0.0,,2,0,250000.0,0.0,0.00031866747443015295,0.0,3,False,False
100000007140834100,,0.0,-1,0.0,,1,0,10200.0,0.0,0.0007152984114162458,0.0,3,False,False
100000007022818100,,0.0,-1,0.0,,1,0,17200.0,0.0,0.00028954444260628927,0.0,3,False,False
100000007484343100,,0.0,-1,0.0,,2,0,26757.0,0.0,0.00029042727942479434,0.0,3,False,False
100000001379511100,,0.0,-1,0.0,,1,0,55000.0,0.0,0.0003086620765902084,0.0,3,False,False
100000004569484100,,0.0,-1,0.0,,2,4,98312.0,156000.0,0.0003208064267479821,1.586784929611848,3,False,False
100000002948492100,,0.0,-1,0.0,,1,0,23660.0,0.0,0.0002935696066281706,0.0,3,False,False
100000002116705100,,0.0,-1,0.0,,1,0,17600.0,0.0,0.0002896071307907347,0.0,3,False,False
100000002481974100,,0.0,-1,0.0,,2,2,89447.0,318000.0,0.00033314047777107053,3.5551779265934016,3,False,False
100000003920950100,,0.0,-1,0.0,,1,0,323290.0,0.0,0.00039344524303186484,0.0,3,False,False
100000000733451100,,0.0,-1,0.0,,1,1,70000.0,300000.0,0.0005435003201234491,4.285714285714286,3,False,False
100000005182219100,,0.0,-1,0.0,,2,0,55000.0,0.0,0.00035569106788317526,0.0,3,False,False
100000008633099100,,0.0,-1,0.0,,1,1,19468.0,13500.0,0.0002932679127135582,0.6934456544072324,3,False,False
100000001380107100,,0.0,-1,0.0,,1,0,6000.0,0.0,0.00029225018356480705,0.0,3,False,False
100000008755168100,,0.0,-1,0.0,,1,0,17600.0,0.0,0.0002896071307907347,0.0,3,False,False
100000002628576100,,0.0,-1,0.0,,2,2,727882.0,539000.0,0.00031277260421456776,0.7405046422359668,3,False,False
100000001611488100,,0.0,-1,0.0,,2,0,779300.0,0.0,0.0008812402243074099,0.0,3,False,False
100000005375968100,,0.0,-1,0.0,,1,2,170082.0,86000.0,0.0002964679282190007,0.5056384567443939,3,False,False
100000003581109100,,0.0,-1,0.0,,1,0,42750.0,0.0,0.00028926659955509106,0.0,3,False,False
100000002933386100,,0.0,-1,0.0,,1,1,15000.0,58000.0,0.0006555879422541299,3.8666666666666667,3,False,False
100000002284426100,,0.0,-1,0.0,,1,0,90000.0,0.0,0.0002897771523345574,0.0,3,False,False
100000008579978100,,0.0,-1,0.0,,1,1,34000.0,77000.0,0.0002879550979686967,2.264705882352941,3,False,False
100000001549194100,,0.0,-1,0.0,,1,0,46500.0,0.0,0.00030005743697336315,0.0,3,False,False
100000001427082100,,0.0,-1,0.0,,1,5,5000.0,124900.0,0.00044117104497772014,24.98,3,False,False
100000004657034100,,0.0,-1,0.0,,1,0,141250.0,0.0,0.00029144465744617104,0.0,3,False,False
100000003796063100,,0.0,-1,0.0,,1,15,35000.0,959150.0,0.000688199194826116,27.404285714285713,3,False,False
100000005268319100,,0.0,-1,0.0,,1,5,19712.8,91000.0,0.00029495231402439337,4.6162899232985675,3,False,False
100000008744799100,,0.0,-1,0.0,,1,0,12600.0,0.0,0.00028882352848516753,0.0,3,False,False
100000008677215100,,0.0,-1,0.0,,1,0,9000.0,0.0,0.00030580136606680075,0.0,3,False,False
100000007593823100,,0.0,-1,0.0,,3,13,25000.0,162900.0,0.0002918918938196882,6.516,3,False,False
100000001282143100,,0.0,-1,0.0,,5,0,1700000.0,0.0,0.00040353415108230643,0.0,3,False,False
100000008029279100,,0.0,-1,0.0,,1,0,17000.0,0.0,0.00029032153496014494,0.0,3,False,False
100000000594783100,,0.0,-1,0.0,,1,2,2635000.0,152500.0,0.0014014693873001065,0.05787476280834915,3,False,False
100000002705460100,,0.0,-1,0.0,,1,0,95000.0,0.0,0.0005601353161873003,0.0,3,False,False
100000002952756100,,0.0,-1,0.0,,1,0,47000.0,0.0,0.0003693378412493604,0.0,3,False,False
100000004634420100,,0.0,-1,0.0,,1,0,26150.0,0.0,0.00029094709073325446,0.0,3,False,False
100000000583220100,,0.0,-1,0.0,,1,1,5000.0,761255.0,0.00029944454409515625,152.251,3,False,False
100000003286537100,,0.0,-1,0.0,,2,0,153000.0,0.0,0.00030244091776767524,0.0,3,False,False
100000002958345100,,0.0,-1,0.0,,1,0,307000.0,0.0,0.000301532503753189,0.0,3,False,False
100000005055454100,,0.0,-1,0.0,,1,0,6500.0,0.0,0.0005081136848480633,0.0,3,False,False
100000008738526100,,0.0,-1,0.0,,1,1,15000.0,140000.0,0.00028873979765859704,9.333333333333334,3,False,False
100000001298099100,,0.0,-1,0.0,,1,0,19000.0,0.0,0.00029395757043285424,0.0,3,False,False
100000006491272100,,0.0,-1,0.0,,1,0,26200.0,0.0,0.0002909549267563101,0.0,3,False,False
100000000552584100,,0.0,-1,0.0,,1,1,2500000.0,57500.0,0.001344363591306038,0.023,3,False,False
100000005187208100,,0.0,-1,0.0,,1,0,14160.0,0.0,0.00031336079634925135,0.0,3,False,False
100000003528285100,,0.0,-1,0.0,,4,4,118870.0,548000.0,0.0004060592827503921,4.6100782367292,3,False,False
100000001484381100,,0.0,-1,0.0,,2,0,95585.0,0.0,0.0003227340395632289,0.0,3,False,False
100000002508637100,,0.0,-1,0.0,,1,1,306410.0,8000.0,0.0003087634022713059,0.02610880845925394,3,False,False
100000003149149100,,0.0,-1,0.0,,1,0,245000.0,0.0,0.00029482033852577913,0.0,3,False,False
100000001538095100,,0.0,-1,0.0,,2,0,280000.0,0.0,0.00033160522100154975,0.0,3,False,False
100000008695133100,,0.0,-1,0.0,,1,0,36610.0,0.0,0.0002925863867565009,0.0,3,False,False
100000008749405100,,0.0,-1,0.0,,1,0,37150.0,0.0,0.00029267101580550213,0.0,3,False,False
100000005815602100,,0.0,-1,0.0,,1,1,20000.0,165000.0,0.0005545821449232094,8.25,3,False,False
100000006641671100,,0.0,-1,0.0,,2,1,22000.0,25000.0,0.0004419288909384845,1.1363636363636365,3,False,False
100000002945031100,,0.0,-1,0.0,,1,0,15000.0,0.0,0.0002924242452927991,0.0,3,False,False
100000003497735100,,0.0,-1,0.0,,1,0,125000.0,0.0,0.0003083147121575596,0.0,3,False,False
100000004644615100,,0.0,-1,0.0,,1,2,50810.0,379665.0,0.0003760247147405899,7.472249557173785,3,False,False
100000002755292100,,0.0,-1,0.0,,1,0,203400.0,0.0,0.0002934668124254254,0.0,3,False,False
100000005142492100,,0.0,-1,0.0,,1,1,10000.0,57000.0,0.0019364373419465068,5.7,3,False,False
100000002893020100,,0.0,-1,0.0,,1,0,18340.0,0.0,0.0002937106359570599,0.0,3,False,False
100000004500444100,,0.0,-1,0.0,,2,1,180000.0,74000.0,0.0004664881535312959,0.4111111111111111,3,False,False
100000008454065100,,0.0,-1,0.0,,1,0,24050.0,0.0,0.00029368038831970413,0.0,3,False,False
100000008416433100,,0.0,-1,0.0,,1,0,20000.0,0.0,0.00029252996306147164,0.0,3,False,False
100000005265073100,,0.0,-1,0.0,,1,1,5000.0,9000.0,0.0003004626618277658,1.8,3,False,False
100000006734214100,,0.0,-1,0.0,,5,3,610000.0,36000.0,0.0006089813456116868,0.05901639344262295,3,False,False
100000002611334100,,0.0,-1,0.0,,1,1,48288.0,15500.0,0.00030669889928359713,0.3209907223326706,3,False,False
100000006225798100,,0.0,-1,0.0,,3,2,722000.0,26300.0,0.0003615536458408237,0.03642659279778394,3,False,False
100000002849158100,,0.0,-1,0.0,,3,1,723000.0,1313000.0,0.0003377410135067874,1.8160442600276625,3,False,False
100000008686214100,,0.0,-1,0.0,,1,0,25000.0,0.0,0.0002990588308566357,0.0,3,False,False
100000004931931100,,0.0,-1,0.0,,1,1,23938.0,45000.0,0.0002931182678809282,1.8798562954298605,3,False,False
100000007510875100,,0.0,-1,0.0,,1,0,5000.0,0.0,0.000357917009167373,0.0,3,False,False
100000005233755100,,0.0,-1,0.0,,1,1,25000.0,5000.0,0.0002929125337123531,0.2,3,False,False
100000008042075100,,0.0,-1,0.0,,1,0,5000.0,0.0,0.0002932622491795621,0.0,3,False,False
100000001680944100,,0.0,-1,0.0,,1,0,393000.0,0.0,0.0003471234176199122,0.0,3,False,False
100000008417029100,,0.0,-1,0.0,,1,0,100000.0,0.0,0.00030799897483041157,0.0,3,False,False
100000004975919100,,0.0,-1,0.0,,1,2,22351.0,15000.0,0.00029141461340773724,0.6711109122634334,3,False,False
100000003087877100,,0.0,-1,0.0,,1,0,91486.0,0.0,0.00029339196175939467,0.0,3,False,False
100000008295429100,,0.0,-1,0.0,,1,0,352000.0,0.0,0.0002983017638319773,0.0,3,False,False
100000003254277100,,0.0,-1,0.0,,1,1,49200.0,44997.0,0.0002896313827194348,0.9145731707317073,3,False,False
100000005314565100,,0.0,-1,0.0,,1,0,218500.0,0.0,0.0003766690051845039,0.0,3,False,False
100000002951898100,,0.0,-1,0.0,,1,0,39990.0,0.0,0.0002982082348916117,0.0,3,False,False
100000001009583100,,0.0,-1,0.0,,1,0,393740.0,0.0,0.00029965984506824566,0.0,3,False,False
100000004064431100,,0.0,-1,0.0,,1,1,26000.0,10000.0,0.0002923557506606158,0.38461538461538464,3,False,False
100000001927599100,,0.0,-1,0.0,,2,0,188000.0,0.0,0.00032870991922145573,0.0,3,False,False
100000007737775100,,0.0,-1,0.0,,1,0,6000.0,0.0,0.0003044690118995232,0.0,3,False,False
100000003157679100,,0.0,-1,0.0,,4,0,541000.0,0.0,0.00037450565257694227,0.0,3,False,False
100000001229743100,,0.0,-1,0.0,,1,1,7000.0,9000.0,0.0002897263842292141,1.2857142857142858,3,False,False
100000003795588100,,0.0,-1,0.0,,1,0,400000.0,0.0,0.00032246593786746703,0.0,3,False,False
100000002301828100,,0.0,-1,0.0,,1,0,46977.0,0.0,0.0002942734705263048,0.0,3,False,False
100000005409156100,,0.0,-1,0.0,,2,0,260080.0,0.0,0.0004257878959058129,0.0,3,False,False
100000002513028100,,0.0,-1,0.0,,1,3,9500.0,332709.0,0.0003069595520475045,35.022,3,False,False
100000003218308100,,0.0,-1,0.0,,1,0,11165.0,0.0,0.00028748029316039386,0.0,3,False,False
100000008489604100,,0.0,-1,0.0,,1,0,11000.0,0.0,0.00028857277574738605,0.0,3,False,False
100000004450649100,,0.0,-1,0.0,,2,2,192528.0,46527.0,0.00030028944226482716,0.24166355023684866,3,False,False
100000008767065100,,0.0,-1,0.0,,1,0,10000.0,0.0,0.00028838255466864403,0.0,3,False,False
100000003035737100,,0.0,-1,0.0,,2,1,809170.0,6544.53,0.0003804662536680154,0.008087954323566123,3,False,False
100000002748761100,,0.0,-1,0.0,,1,0,796800.0,0.0,0.00032495938739367507,0.0,3,False,False
100000008432942100,,0.0,-1,0.0,,1,0,44542.0,0.0,0.0002893679470636963,0.0,3,False,False
100000004278574100,,0.0,-1,0.0,,1,1,25000.0,12500.0,0.0002876622678027548,0.5,3,False,False
100000000926766100,,0.0,-1,0.0,,1,1,18750.0,6000.0,0.0003193548594629492,0.32,3,False,False
100000008661550100,,0.0,-1,0.0,,1,0,22800.0,0.0,0.0002904220771885245,0.0,3,False,False
100000000783406100,,0.0,-1,0.0,,1,0,6066.0,0.0,0.0002914935468693822,0.0,3,False,False
100000008730371100,,0.0,-1,0.0,,2,0,520000.0,0.0,0.000861973196196536,0.0,3,False,False
100000002878467100,,0.0,-1,0.0,,2,0,200000.0,0.0,0.0003158075706411269,0.0,3,False,False
100000003171587100,,0.0,-1,0.0,,2,2,700000.0,431300.0,0.00031742126397983584,0.6161428571428571,3,False,False
100000002696152100,,0.0,-1,0.0,,1,2,21800.0,69000.0,0.0012105361210712142,3.165137614678899,3,False,False
100000002109656100,,0.0,-1,0.0,,1,0,500000.0,0.0,0.00031076359510193093,0.0,3,False,False
100000001317336100,,0.0,-1,0.0,,1,2,131196.0,1752000.0,0.00034535168960297307,13.354065672733924,3,False,False
100000005222360100,,0.0,-1,0.0,,1,1,5000.0,27000.0,0.0006042126473248455,5.4,3,False,False
100000001445848100,,0.0,-1,0.0,,1,1,546000.0,351850.0,0.0007049174497613803,0.6444139194139195,3,False,False
100000008720856100,,0.0,-1,0.0,,1,1,18105.0,46000.0,0.0003207470693495604,2.5407346037006353,3,False,False
100000002448088100,,0.0,-1,0.0,,3,1,20000.0,25000.0,0.0005108708923550089,1.25,3,False,False
100000003109805100,,0.0,-1,0.0,,1,0,36929.0,0.0,0.0002926854044457862,0.0,3,False,False
100000008223661100,,0.0,-1,0.0,,2,5,202000.0,262580.0,0.000316074235622545,1.29990099009901,3,False,False
100000004096559100,,0.0,-1,0.0,,1,0,46200.0,0.0,0.000980603935593979,0.0,3,False,False
100000002257794100,,0.0,-1,0.0,,1,0,154000.0,0.0,0.0008642083851019652,0.0,3,False,False
100000003112578100,,0.0,-1,0.0,,1,0,101080.0,0.0,0.00029168345540845877,0.0,3,False,False
100000007020162100,,0.0,-1,0.0,,1,0,86395.0,0.0,0.0003113898359060014,0.0,3,False,False
100000001934935100,,0.0,-1,0.0,,1,0,118935.0,0.0,0.0002935752825590489,0.0,3,False,False
100000002663511100,,0.0,-1,0.0,,1,0,268940.0,0.0,0.0003107959992489006,0.0,3,False,False
100000003338583100,,0.0,-1,0.0,,1,0,21765.0,0.0,0.0002914587613745198,0.0,3,False,False
100000002904919100,,0.0,-1,0.0,,1,1,60325.0,5500.0,0.00029222035263733144,0.09117281392457521,3,False,False
100000005127767100,,0.0,-1,0.0,,1,0,7000.0,0.0,0.000424377275977656,0.0,3,False,False
100000004066647100,,0.0,-1,0.0,,1,0,51000.0,0.0,0.00029560692215996624,0.0,3,False,False
100000002394199100,,0.0,-1,0.0,,1,1,277398.0,76777.0,0.0030500008120517906,0.2767756076107254,3,False,False
100000003968044100,,0.0,-1,0.0,,1,3,40000.0,311000.0,0.00029732494258889855,7.775,3,False,False
100000001808684100,,0.0,-1,0.0,,1,1,48400.0,37700.0,0.00117697024155392,0.7789256198347108,3,False,False
100000008097580100,,0.0,-1,0.0,,2,0,32000.0,0.0,0.0006776944045104046,0.0,3,False,False
100000008687617100,,0.0,-1,0.0,,1,0,43350.0,0.0,0.00029364268266440536,0.0,3,False,False
100000005667841100,,0.0,-1,0.0,,2,0,186000.0,0.0,0.0003136200047158152,0.0,3,False,False
100000001329153100,,0.0,-1,0.0,,1,0,150687.0,0.0,0.00029537103372714846,0.0,3,False,False
100000007689942100,,0.0,-1,0.0,,1,2,5000.0,25000.0,0.0008966241150209632,5.0,3,False,False
100000006476758100,,0.0,-1,0.0,,1,0,5200.0,0.0,0.0005195206437981551,0.0,3,False,False
100000002184107100,,0.0,-1,0.0,,1,0,6066.0,0.0,0.0002914935468693822,0.0,3,False,False
100000008663723100,,0.0,-1,0.0,,1,0,15600.0,0.0,0.0002892936898685078,0.0,3,False,False
100000000254336100,,0.0,-1,0.0,,2,1,97177.0,60000.0,0.00029324103639831006,0.6174300503205491,3,False,False
100000008750464100,,0.0,-1,0.0,,1,0,8500.0,0.0,0.00028818097459460247,0.0,3,False,False
100000001530709100,,0.0,-1,0.0,,1,0,53961.0,0.0,0.0002899006435946969,0.0,3,False,False
100000000656682100,,0.0,-1,0.0,,1,2,71000.0,80000.0,0.00029086429325938726,1.1267605633802817,3,False,False
100000008755754100,,0.0,-1,0.0,,1,0,7000.0,0.0,0.0002972222331379366,0.0,3,False,False
100000002691583100,,0.0,-1,0.0,,1,0,285200.0,0.0,0.0003586437302102237,0.0,3,False,False
100000005241556100,,0.0,-1,0.0,,1,0,100000.0,0.0,0.0005514699829952025,0.0,3,False,False
100000004713684100,,0.0,-1,0.0,,1,0,37500.0,0.0,0.0002889696830259741,0.0,3,False,False
100000006919124100,,0.0,-1,0.0,,1,0,25000.0,0.0,0.00028826273890902887,0.0,3,False,False
100000003006633100,,0.0,-1,0.0,,1,0,10000.0,0.0,0.00029450578472433697,0.0,3,False,False
100000008306857100,,0.0,-1,0.0,,1,0,125000.0,0.0,0.00029282753678183654,0.0,3,False,False
100000003671721100,,0.0,-1,0.0,,1,0,5000.0,0.0,0.0005611749629013743,0.0,3,False,False
100000002613929100,,0.0,-1,0.0,,1,0,28560.0,0.0,0.0007842467435879506,0.0,3,False,False
100000008669310100,,0.0,-1,0.0,,1,0,59567.0,0.0,0.0002902176938922645,0.0,3,False,False
100000006573438100,,0.0,-1,0.0,,1,0,5000.0,0.0,0.0003004220740061178,0.0,3,False,False
100000006165886100,,0.0,-1,0.0,,2,1,184481.0,75000.0,0.00029989469607229934,0.4065459315593476,3,False,False
100000008491390100,,0.0,-1,0.0,,1,0,36000.0,0.0,0.0002888848497319406,0.0,3,False,False
100000005186131100,,0.0,-1,0.0,,1,1,10000.0,10000.0,0.00028741440596869453,1.0,3,False,False
100000001550419100,,0.0,-1,0.0,,1,0,23000.0,0.0,0.0002933821299194216,0.0,3,False,False
100000004979283100,,0.0,-1,0.0,,1,0,40132.0,0.0,0.00030186396337601485,0.0,3,False,False
100000002537811100,,0.0,-1,0.0,,1,1,52000.0,15000.0,0.001236045629091144,0.28846153846153844,3,False,False
100000002990675100,,0.0,-1,0.0,,1,0,51143.0,0.0,0.0002885128743614458,0.0,3,False,False
100000008763688100,,0.0,-1,0.0,,1,0,21000.0,0.0,0.0002901399803585203,0.0,3,False,False
100000002809896100,,0.0,-1,0.0,,1,0,38000.0,0.0,0.00030106629019057004,0.0,3,False,False
100000008716072100,,0.0,-1,0.0,,1,0,12100.0,0.0,0.0002887451682546108,0.0,3,False,False
100000001279272100,,0.0,-1,0.0,,1,2,250000.0,136758.0,0.0003091095301703438,0.547032,3,False,False
100000001714173100,,0.0,-1,0.0,,1,0,638905.0,0.0,0.0005731701671023901,0.0,3,False,False
100000008729597100,,0.0,-1,0.0,,1,0,83090.0,0.0,0.00030382210580697324,0.0,3,False,False
100000002255058100,,0.0,-1,0.0,,1,0,491500.0,0.0,0.0004279954121703086,0.0,3,False,False
100000006111442100,,0.0,-1,0.0,,1,0,64000.0,0.0,0.0002968491520479916,0.0,3,False,False
100000008686247100,,0.0,-1,0.0,,1,1,22000.0,5000.0,0.00031506780409460284,0.22727272727272727,3,False,False
100000001893287100,,0.0,-1,0.0,,1,1,18000.0,152700.0,0.0006209975996733094,8.483333333333333,3,False,False
100000005172860100,,0.0,-1,0.0,,1,0,15209.2,0.0,0.0002931009911509454,0.0,3,False,False
100000001788284100,,0.0,-1,0.0,,1,5,8000.0,296700.0,0.00030071808109127096,37.0875,3,False,False
100000008755580100,,0.0,-1,0.0,,1,0,16000.0,0.0,0.0002893563780529532,0.0,3,False,False
100000003896956100,,0.0,-1,0.0,,1,1,10000.0,27000.0,0.00028985689516257434,2.7,3,False,False
100000002475601100,,0.0,-1,0.0,,1,0,232301.0,0.0,0.00030346310037436915,0.0,3,False,False
100000008619857100,,0.0,-1,0.0,,1,2,29000.0,13000.0,0.0002884889610264513,0.4482758620689655,3,False,False
100000001373265100,,0.0,-1,0.0,,1,1,142482.0,5000.0,0.000315954439045509,0.0350921519911287,3,False,False
100000004185681100,,0.0,-1,0.0,,1,0,10000.0,0.0,0.0005376395235318489,0.0,3,False,False
100000003031633100,,0.0,-1,0.0,,1,0,414000.0,0.0,0.0003160314969995537,0.0,3,False,False
100000002632742100,,0.0,-1,0.0,,2,0,235500.0,0.0,0.00031898063235621146,0.0,3,False,False
100000005847078100,,0.0,-1,0.0,,1,0,16300.0,0.0,0.00028940339419128723,0.0,3,False,False
100000002807334100,,0.0,-1,0.0,,1,0,54715.0,0.0,0.00028862909540063964,0.0,3,False,False
100000008748795100,,0.0,-1,0.0,,1,0,47057.0,0.0,0.0002895101842200257,0.0,3,False,False
100000003899899100,,0.0,-1,0.0,,2,1,218500.0,10000.0,0.0006568178039271219,0.04576659038901602,3,False,False
100000002308091100,,0.0,-1,0.0,,1,0,186720.0,0.0,0.0005635514183113797,0.0,3,False,False
100000008680912100,,0.0,-1,0.0,,1,1,45112.0,5990.85,0.0005399325205590344,0.13279947685759888,3,False,False
100000008742053100,,0.0,-1,0.0,,1,12,10000.0,2789000.0,0.0002875537455138924,278.9,3,False,False
100000008473765100,,0.0,-1,0.0,,1,0,30000.0,0.0,0.000292977117060444,0.0,3,False,False
100000007472293100,,0.0,-1,0.0,,1,3,5000.0,345900.0,0.00028761570267189123,69.18,3,False,False
100000008753061100,,0.0,-1,0.0,,1,0,28400.0,0.0,0.00029129971177075965,0.0,3,False,False
100000008501413100,,0.0,-1,0.0,,1,1,5000.0,5100.0,0.00036826410450355656,1.02,3,False,False
100000002748581100,,0.0,-1,0.0,,1,0,41180.0,0.0,0.00029854626107859853,0.0,3,False,False
100000001384826100,,0.0,-1,0.0,,1,1,364260.0,10000.0,0.0002987006635913604,0.027452918245209467,3,False,False
100000004099450100,,0.0,-1,0.0,,1,0,31000.0,0.0,0.00029748999748026387,0.0,3,False,False
100000002926970100,,0.0,-1,0.0,,1,0,85000.0,0.0,0.00031865101801228826,0.0,3,False,False
100000002753146100,,0.0,-1,0.0,,1,0,803540.0,0.0,0.00032528175814854825,0.0,3,False,False
100000003943247100,,0.0,-1,0.0,,1,0,40000.0,0.0,0.00028911107184936315,0.0,3,False,False
100000002872399100,,0.0,-1,0.0,,1,0,1090000.0,0.0,0.0007087282249300255,0.0,3,False,False
100000008417359100,,0.0,-1,0.0,,1,2,40810.0,110760.0,0.0002932987886474674,2.714040676304827,3,False,False
100000002614095100,,0.0,-1,0.0,,1,0,5300.0,0.0,0.0002876794691190395,0.0,3,False,False
100000004717647100,,0.0,-1,0.0,,1,5,300000.0,2240000.0,0.0010275743506493783,7.466666666666667,3,False,False
100000008537380100,,0.0,-1,0.0,,1,0,8000.0,0.0,0.0002881026143640458,0.0,3,False,False
100000001534244100,,0.0,-1,0.0,,2,1,366000.0,45000.0,0.0003430261517908006,0.12295081967213115,3,False,False
100000008767950100,,0.0,-1,0.0,,1,0,17350.0,0.0,0.0002895679506754563,0.0,3,False,False
100000004613582100,,0.0,-1,0.0,,1,1,5000.0,9500.0,0.0005558524676659829,1.9,3,False,False
100000008121806100,,0.0,-1,0.0,,1,4,67000.0,248509.0,0.00030170819509724975,3.709089552238806,3,False,False
100000002369443100,,0.0,-1,0.0,,1,0,50000.0,0.0,0.0002946848737308097,0.0,3,False,False
100000008655779100,,0.0,-1,0.0,,1,2,47000.0,24704.0,0.0003988392985297235,0.5256170212765957,3,False,False
100000008561016100,,0.0,-1,0.0,,1,1,180000.0,185000.0,0.0002961615770699288,1.0277777777777777,3,False,False
100000002727288100,,0.0,-1,0.0,,1,0,16000.0,0.0,0.0003677912742739635,0.0,3,False,False
100000001270349100,,0.0,-1,0.0,,1,0,200000.0,0.0,0.00035687547710757967,0.0,3,False,False
100000004722765100,,0.0,-1,0.0,,1,3,230000.0,2284500.0,0.0005841085782283845,9.932608695652174,3,False,False
100000001677389100,,0.0,-1,0.0,,1,1,11000.0,5400.0,0.0002899231881201378,0.4909090909090909,3,False,False
100000005857058100,,0.0,-1,0.0,,3,0,80222.0,0.0,0.0003916439370140794,0.0,3,False,False
100000008760098100,,0.0,-1,0.0,,1,1,7000.0,390000.0,0.00028792244347059236,55.714285714285715,3,False,False
100000002838519100,,0.0,-1,0.0,,1,0,46900.0,0.0,0.0003001710592210898,0.0,3,False,False
100000002597623100,,0.0,-1,0.0,,1,0,16418.0,0.0,0.0002877773793560989,0.0,3,False,False
100000003635660100,,0.0,-1,0.0,,1,0,18985.0,0.0,0.0002918210657997068,0.0,3,False,False
100000008676812100,,0.0,-1,0.0,,1,0,230800.0,0.0,0.0004752074632959982,0.0,3,False,False
100000003213473100,,0.0,-1,0.0,,1,11,57500.0,240000.0,0.00029010079361308644,4.173913043478261,3,False,False
100000003071649100,,0.0,-1,0.0,,1,0,189500.0,0.0,0.0002966530820740983,0.0,3,False,False
100000002433697100,,0.0,-1,0.0,,1,1,130000.0,110000.0,0.0002910786197387437,0.8461538461538461,3,False,False
100000008612257100,,0.0,-1,0.0,,1,0,9500.0,0.0,0.00028915305022928,0.0,3,False,False
100000002736033100,,0.0,-1,0.0,,1,1,34530.0,11000.0,0.0002964994754002138,0.3185635679119606,3,False,False
100000008687990100,,0.0,-1,0.0,,1,0,17600.0,0.0,0.0002896071307907347,0.0,3,False,False
100000008776310100,,0.0,-1,0.0,,1,0,19200.0,0.0,0.00028985788352851616,0.0,3,False,False
100000007267915100,,0.0,-1,0.0,,2,1,21000.0,10000.0,0.00029269814065059136,0.47619047619047616,3,False,False
100000004217419100,,0.0,-1,0.0,,2,1,118200.0,7700.0,0.000586707028047715,0.06514382402707276,3,False,False
100000002773323100,,0.0,-1,0.0,,2,1,285000.0,1171644.0,0.00032694815749070925,4.111031578947369,3,False,False
100000002528544100,,0.0,-1,0.0,,1,0,192912.0,0.0,0.0003006459851600438,0.0,3,False,False
100000003760160100,,0.0,-1,0.0,,1,0,104470.0,0.0,0.0002902479581680218,0.0,3,False,False
100000000640800100,,0.0,-1,0.0,,1,4,80000.0,518135.0,0.00030459135147765937,6.4766875,3,False,False
100000008238112100,,0.0,-1,0.0,,1,0,190000.0,0.0,0.00029303082084502303,0.0,3,False,False
100000008751349100,,0.0,-1,0.0,,1,0,11630.0,0.0,0.00028977653107132716,0.0,3,False,False
100000002963189100,,0.0,-1,0.0,,1,7,490000.0,5219000.0,0.0004260361041403029,10.651020408163266,3,False,False
100000008548853100,,0.0,-1,0.0,,1,0,14000.0,0.0,0.0002890429371307263,0.0,3,False,False
100000003164661100,,0.0,-1,0.0,,1,0,596200.0,0.0,0.0006033023319199546,0.0,3,False,False
100000000791285100,,0.0,-1,0.0,,1,3,1120000.0,650000.0,0.0005687922766193726,0.5803571428571429,3,False,False
100000003192309100,,0.0,-1,0.0,,1,1,17200.0,213000.0,0.00028954444260628927,12.383720930232558,3,False,False
100000002891765100,,0.0,-1,0.0,,1,0,55576.0,0.0,0.0003026355257742812,0.0,3,False,False
100000001740277100,,0.0,-1,0.0,,1,1,8700.0,5000.0,0.0003735092522064287,0.5747126436781609,3,False,False
100000002232266100,,0.0,-1,0.0,,1,0,45000.0,0.0,0.00029604125025309687,0.0,3,False,False
100000006701983100,,0.0,-1,0.0,,1,0,27000.0,0.0,0.00029108030312520087,0.0,3,False,False
100000002871199100,,0.0,-1,0.0,,1,0,23186.0,0.0,0.0002934349642646145,0.0,3,False,False
100000002757791100,,0.0,-1,0.0,,1,0,73050.0,0.0,0.00031242607597958756,0.0,3,False,False
100000000572276100,,0.0,-1,0.0,,1,1,13075.0,34547.0,0.0002888979707041964,2.6422179732313578,3,False,False
100000001853812100,,0.0,-1,0.0,,1,0,70000.0,0.0,0.0003011481389075182,0.0,3,False,False
100000004726132100,,0.0,-1,0.0,,1,1,349000.0,24000.0,0.0003179247592504452,0.06876790830945559,3,False,False
100000001785161100,,0.0,-1,0.0,,2,0,30000.0,0.0,0.0003326849590253383,0.0,3,False,False
100000002612809100,,0.0,-1,0.0,,1,3,30000.0,114000.0,0.0004301567178849599,3.8,3,False,False
100000008769097100,,0.0,-1,0.0,,1,0,31100.0,0.0,0.0002917228570157659,0.0,3,False,False
100000004488265100,,0.0,-1,0.0,,1,0,38740.0,0.0,0.00029476248533402975,0.0,3,False,False
100000002509598100,,0.0,-1,0.0,,1,0,305550.0,0.0,0.0003014631509943513,0.0,3,False,False
100000008706846100,,0.0,-1,0.0,,1,0,14200.0,0.0,0.000289074281222949,0.0,3,False,False
100000001280798100,,0.0,-1,0.0,,1,0,23785.0,0.0,0.0002957478453823632,0.0,3,False,False
100000006664478100,,0.0,-1,0.0,,1,2,55000.0,60000.0,0.0006195113014954258,1.0909090909090908,3,False,False
100000003781406100,,0.0,-1,0.0,,1,0,45000.0,0.0,0.0007259553797550315,0.0,3,False,False
100000008708595100,,0.0,-1,0.0,,1,0,17200.0,0.0,0.00028954444260628927,0.0,3,False,False
100000004611571100,,0.0,-1,0.0,,1,0,22550.0,0.0,0.00028812417786210754,0.0,3,False,False
100000008576243100,,0.0,-1,0.0,,2,0,82920.0,0.0,0.0016582396966117689,0.0,3,False,False
100000008662216100,,0.0,-1,0.0,,1,0,26200.0,0.0,0.0002909549267563101,0.0,3,False,False
100000002681544100,,0.0,-1,0.0,,2,0,166072.0,0.0,0.00033720262368742873,0.0,3,False,False
100000007864477100,,0.0,-1,0.0,,2,6,76000.0,203500.0,0.0003061302993907704,2.6776315789473686,3,False,False
100000004746397100,,0.0,-1,0.0,,1,1,219520.0,7500.0,0.00029399130378931246,0.03416545189504373,3,False,False
100000003814002100,,0.0,-1,0.0,,1,0,30000.0,0.0,0.00028782495122827806,0.0,3,False,False
100000003962994100,,0.0,-1,0.0,,1,0,10000.0,0.0,0.00048331802967873505,0.0,3,False,False
100000003366471100,,0.0,-1,0.0,,2,1,329789.0,20000.0,0.0003620691880891814,0.0606448365470043,3,False,False
100000003561031100,,0.0,-1,0.0,,1,1,13300.0,5000.0,0.00028956571543929053,0.37593984962406013,3,False,False
100000001690439100,,0.0,-1,0.0,,1,0,14200.0,0.0,0.00047912927969830094,0.0,3,False,False
100000002954780100,,0.0,-1,0.0,,1,0,133400.0,0.0,0.0002937506156810553,0.0,3,False,False
100000008720668100,,0.0,-1,0.0,,1,0,16000.0,0.0,0.0002893563780529532,0.0,3,False,False
100000002459164100,,0.0,-1,0.0,,1,0,20000.0,0.0,0.0005441976818028372,0.0,3,False,False
100000005082652100,,0.0,-1,0.0,,1,0,30000.0,0.0,0.0004097826347644142,0.0,3,False,False
100000005041905100,,0.0,-1,0.0,,1,1,5000.0,1080351.0,0.0002876324529807055,216.0702,3,False,False
100000008653041100,,0.0,-1,0.0,,1,0,28000.0,0.0,0.0002912370235863143,0.0,3,False,False
100000008722417100,,0.0,-1,0.0,,1,3,331900.0,720000.0,0.0002976477764613737,2.16932811087677,3,False,False
100000008625905100,,0.0,-1,0.0,,1,2,197800.0,635000.0,0.0005476931582077994,3.210313447927199,3,False,False
100000007487729100,,0.0,-1,0.0,,1,0,25000.0,0.0,0.00029543042067927186,0.0,3,False,False
100000000838385100,,0.0,-1,0.0,,1,2,436900.0,177500.0,0.001939416439649783,0.40627145799954223,3,False,False
100000004750321100,,0.0,-1,0.0,,2,0,50185.0,0.0,0.0003139265645129456,0.0,3,False,False
100000008664774100,,0.0,-1,0.0,,1,0,16300.0,0.0,0.00028940339419128723,0.0,3,False,False
100000006274203100,,0.0,-1,0.0,,2,3,3417512.0,72000.0,0.0006348128592595731,0.02106795821053445,3,False,False
100000002185328100,,0.0,-1,0.0,,1,4,15000.0,55000.0,0.0003533934292326028,3.6666666666666665,3,False,False
100000008254576100,,0.0,-1,0.0,,1,1,8000.0,60000.0,0.00029297439791449724,7.5,3,False,False
100000001689968100,,0.0,-1,0.0,,3,0,344333.75,0.0,0.0003406437502922915,0.0,3,False,False
100000002236528100,,0.0,-1,0.0,,1,0,66000.0,0.0,0.00030861061842404474,0.0,3,False,False
100000002670960100,,0.0,-1,0.0,,1,0,480310.0,0.0,0.00030982183246640386,0.0,3,False,False
100000003557488100,,0.0,-1,0.0,,1,2,664992.0,138000.0,0.000583381670763393,0.20752129348924497,3,False,False
100000003888197100,,0.0,-1,0.0,,1,0,83167.0,0.0,0.00028955482916523726,0.0,3,False,False
100000002799941100,,0.0,-1,0.0,,1,0,600000.0,0.0,0.0003898849857907604,0.0,3,False,False
100000001632325100,,0.0,-1,0.0,,1,0,85600.0,0.0,0.0003002641221464476,0.0,3,False,False
100000008620570100,,0.0,-1,0.0,,2,2,145000.0,31800.0,0.0003500808305991265,0.2193103448275862,3,False,False
100000005308954100,,0.0,-1,0.0,,1,1,69020.0,30000.0,0.0003610327484487227,0.43465662126919735,3,False,False
100000008468762100,,0.0,-1,0.0,,2,0,170000.0,0.0,0.00031179046745662456,0.0,3,False,False
100000002305007100,,0.0,-1,0.0,,1,0,56000.0,0.0,0.00029562519649749025,0.0,3,False,False
100000008314863100,,0.0,-1,0.0,,1,0,12000.0,0.0,0.0005193345948548097,0.0,3,False,False
100000005709551100,,0.0,-1,0.0,,1,0,24560.0,0.0,0.00029597763012912157,0.0,3,False,False
100000008297199100,,0.0,-1,0.0,,1,0,42268.0,0.0,0.0002979189370004088,0.0,3,False,False
100000003271151100,,0.0,-1,0.0,,1,0,127294.0,0.0,0.00031285190205017496,0.0,3,False,False
100000007005380100,,0.0,-1,0.0,,1,0,9400.0,0.0,0.00030444858862264273,0.0,3,False,False
100000004451012100,,0.0,-1,0.0,,1,3,91245.0,65740.0,0.0003025180709228466,0.7204778344018851,3,False,False
100000004779204100,,0.0,-1,0.0,,1,1,30450.0,20000.0,0.00028857096654401695,0.6568144499178982,3,False,False
100000002793881100,,0.0,-1,0.0,,3,0,785600.0,0.0,0.0003767430798288248,0.0,3,False,False
100000008671129100,,0.0,-1,0.0,,1,0,26200.0,0.0,0.0002909549267563101,0.0,3,False,False
100000002095257100,,0.0,-1,0.0,,1,0,8500.0,0.0,0.00039842559844157813,0.0,3,False,False
100000002194329100,,0.0,-1,0.0,,1,0,25170.0,0.0,0.00028827235334901927,0.0,3,False,False
100000001884825100,,0.0,-1,0.0,,3,0,495000.0,0.0,0.00034161127894682334,0.0,3,False,False
100000008692291100,,0.0,-1,0.0,,3,3,160000.0,156000.0,0.00030922893150241496,0.975,3,False,False
100000002697752100,,0.0,-1,0.0,,2,0,190785.0,0.0,0.00033103476484205836,0.0,3,False,False
100000007170072100,,0.0,-1,0.0,,1,2,100000.0,99500.0,0.00030902697667828963,0.995,3,False,False
100000002373144100,,0.0,-1,0.0,,1,1,46468.0,10764.0,0.0002909864876942712,0.2316432813979513,3,False,False
100000000287768100,,0.0,-1,0.0,,1,0,35168.0,0.0,0.0002899803049810879,0.0,3,False,False
100000004508696100,,0.0,-1,0.0,,1,3,7000.0,111000.0,0.000424377275977656,15.857142857142858,3,False,False
100000008688109100,,0.0,-1,0.0,,1,0,12800.0,0.0,0.00028885487257739024,0.0,3,False,False
100000008724461100,,0.0,-1,0.0,,1,1,100111.0,130000.0,0.0002920283304090765,1.298558599954051,3,False,False
100000001714413100,,0.0,-1,0.0,,1,0,250172.0,0.0,0.0002949886182611404,0.0,3,False,False
100000008672493100,,0.0,-1,0.0,,1,0,14000.0,0.0,0.0002890429371307263,0.0,3,False,False
100000003241965100,,0.0,-1,0.0,,1,0,15000.0,0.0,0.00029246099785228244,0.0,3,False,False
100000002241986100,,0.0,-1,0.0,,1,6,280000.0,3077000.0,0.00029595912250444213,10.989285714285714,3,False,False
100000004140994100,,0.0,-1,0.0,,1,0,18650.0,0.0,0.0002897716872749038,0.0,3,False,False
100000008489922100,,0.0,-1,0.0,,3,36,262010.0,3789900.0,0.000588448956595591,14.464715087210411,3,False,False
100000001252290100,,0.0,-1,0.0,,1,1,141005.0,5000.0,0.0002914366859583204,0.03545973547037339,3,False,False
100000008667799100,,0.0,-1,0.0,,1,0,34000.0,0.0,0.00029217734635299486,0.0,3,False,False
100000008684951100,,0.0,-1,0.0,,1,0,17200.0,0.0,0.00028954444260628927,0.0,3,False,False
100000006126743100,,0.0,-1,0.0,,1,0,55000.0,0.0,0.0002886383683558945,0.0,3,False,False
100000003009900100,,0.0,-1,0.0,,1,0,15998.0,0.0,0.00029283439271113516,0.0,3,False,False
100000001745217100,,0.0,-1,0.0,,1,0,50000.0,0.0,0.0002913009865741794,0.0,3,False,False
100000002886166100,,0.0,-1,0.0,,1,0,185000.0,0.0,0.0003260325621102664,0.0,3,False,False
100000002956779100,,0.0,-1,0.0,,1,0,411000.0,0.0,0.0004048778166456673,0.0,3,False,False
100000008568512100,,0.0,-1,0.0,,1,0,199640.0,0.0,0.0002933444744894319,0.0,3,False,False
100000008583360100,,0.0,-1,0.0,,1,1,112843.0,170000.0,0.00032906828560250314,1.5065179054083992,3,False,False
100000001130176100,,0.0,-1,0.0,,1,0,25000.0,0.0,0.0005604774925629045,0.0,3,False,False
100000001145749100,,0.0,-1,0.0,,1,0,10000.0,0.0,0.00048058697082486453,0.0,3,False,False
100000005367445100,,0.0,-1,0.0,,1,1,5000.0,5000.0,0.0018698205928640741,1.0,3,False,False
100000003917461100,,0.0,-1,0.0,,1,2,10000.0,140000.0,0.00040087068779351426,14.0,3,False,False
100000008200810100,,0.0,-1,0.0,,1,0,475000.0,0.0,0.00030956785788059134,0.0,3,False,False
100000002554175100,,0.0,-1,0.0,,1,0,24621.0,0.0,0.00029606062905170266,0.0,3,False,False
100000008751380100,,0.0,-1,0.0,,2,0,345780.0,0.0,0.0003141608550120167,0.0,3,False,False
100000004071444100,,0.0,-1,0.0,,1,1,247350.0,100000.0,0.0003088735669676946,0.40428542551041036,3,False,False
100000001141268100,,0.0,-1,0.0,,2,1,480000.0,10000.0,0.0003664778826493085,0.020833333333333332,3,False,False
100000002645993100,,0.0,-1,0.0,,2,5,49650.0,86980.0,0.0002946201224048177,1.7518630412890233,3,False,False
100000002546921100,,0.0,-1,0.0,,1,0,20000.0,0.0,0.00029252996306147164,0.0,3,False,False
100000008753897100,,0.0,-1,0.0,,1,0,24050.0,0.0,0.00029061797776491625,0.0,3,False,False
100000000870121100,,0.0,-1,0.0,,1,0,12000.0,0.0,0.0003170785148831813,0.0,3,False,False
100000003171006100,,0.0,-1,0.0,,2,0,485000.0,0.0,0.0003364581606542109,0.0,3,False,False
100000001690558100,,0.0,-1,0.0,,1,0,740000.0,0.0,0.00041392675065107223,0.0,3,False,False
100000008667795100,,0.0,-1,0.0,,1,0,34000.0,0.0,0.00029217734635299486,0.0,3,False,False
100000005674387100,,0.0,-1,0.0,,1,0,26200.0,0.0,0.0002909549267563101,0.0,3,False,False
100000003636627100,,0.0,-1,0.0,,1,1,77000.0,10000.0,0.0020084672100121426,0.12987012987012986,3,False,False
100000001275752100,,0.0,-1,0.0,,1,0,151500.0,0.0,0.0002946870620574203,0.0,3,False,False
100000002459240100,,0.0,-1,0.0,,1,0,150000.0,0.0,0.00029172935344083683,0.0,3,False,False
100000002644285100,,0.0,-1,0.0,,1,0,500000.0,0.0,0.00031076359510193093,0.0,3,False,False
100000005186109100,,0.0,-1,0.0,,1,0,5000.0,0.0,0.0006085229555982302,0.0,3,False,False
100000005317181100,,0.0,-1,0.0,,1,1,141250.0,14500.0,0.00032384255024560404,0.10265486725663717,3,False,False
100000003001661100,,0.0,-1,0.0,,1,5,110000.0,439500.0,0.0005489541541645929,3.9954545454545456,3,False,False
100000000288317100,,0.0,-1,0.0,,2,3,100000.0,53500.0,0.0003142257679922481,0.535,3,False,False
100000004368189100,,0.0,-1,0.0,,1,2,384600.0,28200.0,0.00030524407208822724,0.07332293291731669,3,False,False
100000004493586100,,0.0,-1,0.0,,1,0,7500.0,0.0,0.00028993192234021955,0.0,3,False,False
100000004114962100,,0.0,-1,0.0,,2,0,165000.0,0.0,0.0007143353552134958,0.0,3,False,False
100000008088082100,,0.0,-1,0.0,,1,1,39138.0,50000.0,0.0003013961703115388,1.2775307884920026,3,False,False
100000008595687100,,0.0,-1,0.0,,1,1,64395.0,10400.0,0.00030621915315198246,0.161503222299868,3,False,False
100000001248999100,,0.0,-1,0.0,,1,0,23425.0,0.0,0.0002905511245541339,0.0,3,False,False
100000002736316100,,0.0,-1,0.0,,3,0,266921.0,0.0,0.00038550579299362716,0.0,3,False,False
100000008596924100,,0.0,-1,0.0,,1,0,100000.0,0.0,0.00041785596953346536,0.0,3,False,False
100000008598972100,,0.0,-1,0.0,,1,0,120000.0,0.0,0.00029543129312656,0.0,3,False,False
100000002769809100,,0.0,-1,0.0,,1,0,113422.0,0.0,0.00037941388776648657,0.0,3,False,False
100000003089553100,,0.0,-1,0.0,,1,0,150000.0,0.0,0.00030846376040725846,0.0,3,False,False
100000002343825100,,0.0,-1,0.0,,3,2,350000.0,89800.0,0.0003350828207250554,0.25657142857142856,3,False,False
100000002015633100,,0.0,-1,0.0,,1,0,94970.0,0.0,0.00028993885965952754,0.0,3,False,False
100000002906470100,,0.0,-1,0.0,,1,0,130000.0,0.0,0.00030917334661685646,0.0,3,False,False
100000005628518100,,0.0,-1,0.0,,1,0,77000.0,0.0,0.0005353273698316103,0.0,3,False,False
100000002958139100,,0.0,-1,0.0,,1,0,209500.0,0.0,0.0003016163975470345,0.0,3,False,False
100000008754747100,,0.0,-1,0.0,,1,0,45500.0,0.0,0.0002939796316557992,0.0,3,False,False
100000008776720100,,0.0,-1,0.0,,1,0,26150.0,0.0,0.00029094709073325446,0.0,3,False,False
100000008576528100,,0.0,-1,0.0,,1,0,28000.0,0.0,0.00028775987785806874,0.0,3,False,False
100000004603109100,,0.0,-1,0.0,,3,2,2730000.0,400000.0,0.0032273481702142,0.14652014652014653,3,False,False
100000008721637100,,0.0,-1,0.0,,1,2,24041.0,127000.0,0.00029175983908077616,5.282642152988644,3,False,False
100000004491749100,,0.0,-1,0.0,,1,0,50000.0,0.0,0.00035235241010430187,0.0,3,False,False
100000005171642100,,0.0,-1,0.0,,2,1,696800.0,683600.0,0.0028280471273330193,0.9810562571756601,3,False,False
100000008682426100,,0.0,-1,0.0,,1,0,20000.0,0.0,0.00029252996306147164,0.0,3,False,False
100000006209210100,,0.0,-1,0.0,,1,0,229111.0,0.0,0.00036239218962543673,0.0,3,False,False
100000003888527100,,0.0,-1,0.0,,1,0,30000.0,0.0,0.000368288190661015,0.0,3,False,False
100000008490127100,,0.0,-1,0.0,,1,6,431755.0,923000.0,0.00030089672715249917,2.137786476126507,3,False,False
100000004336228100,,0.0,-1,0.0,,1,0,51407.0,0.0,0.00029735004367745195,0.0,3,False,False
100000006844004100,,0.0,-1,0.0,,1,0,20600.0,0.0,0.0005478256591732767,0.0,3,False,False
100000001688676100,,0.0,-1,0.0,,1,0,133700.0,0.0,0.00030980873611673616,0.0,3,False,False
100000008712036100,,0.0,-1,0.0,,1,0,21000.0,0.0,0.0002901399803585203,0.0,3,False,False
100000004697956100,,0.0,-1,0.0,,1,1,10000.0,10000.0,0.00047075822895587834,1.0,3,False,False
100000004921657100,,0.0,-1,0.0,,1,1,8300.0,22190.0,0.0003628873834839632,2.6734939759036145,3,False,False
100000000408846100,,0.0,-1,0.0,,1,0,40500.0,0.0,0.0002970441263454433,0.0,3,False,False
100000003406094100,,0.0,-1,0.0,,1,3,70000.0,47000.0,0.0007813132717932325,0.6714285714285714,3,False,False
100000008695566100,,0.0,-1,0.0,,1,0,33700.0,0.0,0.00029213033021466083,0.0,3,False,False
100000005974542100,,0.0,-1,0.0,,1,0,94500.0,0.0,0.00048585026228759374,0.0,3,False,False
100000001887715100,,0.0,-1,0.0,,3,1,1331500.0,750000.0,0.0007341091806669109,0.5632745024408562,3,False,False
100000002472632100,,0.0,-1,0.0,,2,1,502400.0,20000.0,0.0009897621912287574,0.03980891719745223,3,False,False
100000004629688100,,0.0,-1,0.0,,1,1,5000.0,15000.0,0.00038971515524088374,3.0,3,False,False
100000002459832100,,0.0,-1,0.0,,2,0,880606.0,0.0,0.0003949083752008431,0.0,3,False,False
100000006100920100,,0.0,-1,0.0,,1,0,100000.0,0.0,0.000327956472876221,0.0,3,False,False
100000001439416100,,0.0,-1,0.0,,1,2,10000.0,165000.0,0.0003429500365866245,16.5,3,False,False
100000002121357100,,0.0,-1,0.0,,2,1,255300.0,113000.0,0.0003277289071697353,0.4426165295730513,3,False,False
100000002970466100,,0.0,-1,0.0,,1,2,23317.0,93000.0,0.0002881675559531233,3.9885062400823434,3,False,False
100000002581346100,,0.0,-1,0.0,,1,0,166400.0,0.0,0.00029226295507655316,0.0,3,False,False
100000008738658100,,0.0,-1,0.0,,1,0,29920.0,0.0,0.0002915379268716521,0.0,3,False,False
100000005910114100,,0.0,-1,0.0,,3,19,326144.0,1469993.0,0.00036323669634607506,4.507190075549451,3,False,False
100000001046626100,,0.0,-1,0.0,,1,0,150000.0,0.0,0.00029172935344083683,0.0,3,False,False
100000006492770100,,0.0,-1,0.0,,1,1,269000.0,20000.0,0.0003020622880717998,0.07434944237918216,3,False,False
100000001674850100,,0.0,-1,0.0,,2,0,237000.0,0.0,0.0003154950296520022,0.0,3,False,False
100000000860514100,,0.0,-1,0.0,,1,1,12000.0,50000.0,0.00030765269629933725,4.166666666666667,3,False,False
100000003650146100,,0.0,-1,0.0,,1,0,14400.0,0.0,0.0003014670588081637,0.0,3,False,False
100000001227106100,,0.0,-1,0.0,,1,0,164765.0,0.0,0.00029220975759640703,0.0,3,False,False
100000003647799100,,0.0,-1,0.0,,1,0,100000.0,0.0,0.000290102519185604,0.0,3,False,False
100000008293431100,,0.0,-1,0.0,,1,5,15000.0,297000.0,0.00028818449144485067,19.8,3,False,False
100000002975287100,,0.0,-1,0.0,,1,0,15000.0,0.0,0.0002904870604974672,0.0,3,False,False
100000008507703100,,0.0,-1,0.0,,1,0,28500.0,0.0,0.000291315383816871,0.0,3,False,False
100000001733687100,,0.0,-1,0.0,,1,0,300000.0,0.0,0.00030799569583775816,0.0,3,False,False
100000004552204100,,0.0,-1,0.0,,1,2,22500.0,10000.0,0.0008681325584092661,0.4444444444444444,3,False,False
100000008223756100,,0.0,-1,0.0,,2,0,331682.0,0.0,0.0003578467210306661,0.0,3,False,False
100000002956769100,,0.0,-1,0.0,,3,0,840000.0,0.0,0.00038648464359370327,0.0,3,False,False
100000008555233100,,0.0,-1,0.0,,1,0,440600.0,0.0,0.00036501805850886376,0.0,3,False,False
100000002346166100,,0.0,-1,0.0,,1,0,6000.0,0.0,0.0002877891734418189,0.0,3,False,False
100000000878006100,,0.0,-1,0.0,,1,0,47003.0,0.0,0.0002883781724851125,0.0,3,False,False
100000004997515100,,0.0,-1,0.0,,4,4,395000.0,54500.0,0.0003581975797066338,0.1379746835443038,3,False,False
100000007653003100,,0.0,-1,0.0,,1,0,100000.0,0.0,0.00030265364845099977,0.0,3,False,False
100000000661131100,,0.0,-1,0.0,,1,0,15600.0,0.0,0.0002892936898685078,0.0,3,False,False
100000003880331100,,0.0,-1,0.0,,1,16,100000.0,3904908.0,0.00030902697667828963,39.04908,3,False,False
100000003204491100,,0.0,-1,0.0,,1,1,140000.0,100000.0,0.0002993148311924534,0.7142857142857143,3,False,False
100000008463968100,,0.0,-1,0.0,,1,0,10000.0,0.0,0.00028841605528627263,0.0,3,False,False
100000002712416100,,0.0,-1,0.0,,2,0,116800.0,0.0,0.00030400938066691465,0.0,3,False,False
100000008754997100,,0.0,-1,0.0,,1,0,18000.0,0.0,0.00028966981897518004,0.0,3,False,False
100000008011573100,,0.0,-1,0.0,,1,0,15000.0,0.0,0.0002904870604974672,0.0,3,False,False
100000003178549100,,0.0,-1,0.0,,2,4,250000.0,89080.0,0.00035371176919947423,0.35632,3,False,False
100000000534581100,,0.0,-1,0.0,,2,1,55960.0,40000.0,0.0002997848580850599,0.7147962830593281,3,False,False
100000007138613100,,0.0,-1,0.0,,3,2,1002000.0,179000.0,0.000355738630497913,0.17864271457085829,3,False,False
100000002380341100,,0.0,-1,0.0,,1,0,57566.4,0.0,0.0003105130289019024,0.0,3,False,False
100000008309514100,,0.0,-1,0.0,,1,0,17200.0,0.0,0.00028954444260628927,0.0,3,False,False
100000003134474100,,0.0,-1,0.0,,1,0,116000.0,0.0,0.00029062310614727847,0.0,3,False,False
100000002373386100,,0.0,-1,0.0,,1,0,24000.0,0.0,0.0002906101417418606,0.0,3,False,False
100000008684767100,,0.0,-1,0.0,,1,0,31100.0,0.0,0.0002917228570157659,0.0,3,False,False
100000008332511100,,0.0,-1,0.0,,1,0,100000.0,0.0,0.001117302494274807,0.0,3,False,False
100000005754335100,,0.0,-1,0.0,,1,0,44037.0,0.0,0.00040639365784040667,0.0,3,False,False
100000008547295100,,0.0,-1,0.0,,1,0,15000.0,0.0,0.0005653061415069476,0.0,3,False,False
100000001875167100,,0.0,-1,0.0,,1,0,1000000.0,0.0,0.00031938553577979455,0.0,3,False,False
100000004670388100,,0.0,-1,0.0,,1,2,160354.0,720000.0,0.0005162096537647661,4.490065729573319,3,False,False
100000004097972100,,0.0,-1,0.0,,1,2,118878.0,10000.0,0.000317983272038238,0.0841198539679335,3,False,False
100000000481716100,,0.0,-1,0.0,,1,0,8000.0,0.0,0.000378813732980389,0.0,3,False,False
100000005089460100,,0.0,-1,0.0,,1,0,12300.0,0.0,0.0002887765123468335,0.0,3,False,False
100000003105929100,,0.0,-1,0.0,,1,1,429567.0,156354.0,0.0003008255368854902,0.3639804733603838,3,False,False
100000008379273100,,0.0,-1,0.0,,2,4,36000.0,38000.0,0.00030035218673025706,1.0555555555555556,3,False,False
100000005357705100,,0.0,-1,0.0,,1,4,52595.0,387080.0,0.00029759272302631005,7.35963494628767,3,False,False
100000003111305100,,0.0,-1,0.0,,4,0,509338.0,0.0,0.0004054032372561779,0.0,3,False,False
100000008503177100,,0.0,-1,0.0,,1,0,33951.0,0.0,0.0002937842097433888,0.0,3,False,False
100000000955529100,,0.0,-1,0.0,,1,1,27000.0,63500.0,0.0002969507155939977,2.3518518518518516,3,False,False
100000008695689100,,0.0,-1,0.0,,1,0,26200.0,0.0,0.0002909549267563101,0.0,3,False,False
100000004184158100,,0.0,-1,0.0,,1,0,203805.0,0.0,0.0003049962018132197,0.0,3,False,False
100000005475379100,,0.0,-1,0.0,,1,3,108370.0,81000.0,0.00042347914866647463,0.7474393282273692,3,False,False
100000003093299100,,0.0,-1,0.0,,1,0,15000.0,0.0,0.00028769718361547266,0.0,3,False,False
100000008767027100,,0.0,-1,0.0,,1,0,5000.0,0.0,0.00028761570267189123,0.0,3,False,False
100000004539443100,,0.0,-1,0.0,,2,0,61990.0,0.0,0.0009602399360267059,0.0,3,False,False
100000007863304100,,0.0,-1,0.0,,1,0,25000.0,0.0,0.0002876622678027548,0.0,3,False,False
100000004959752100,,0.0,-1,0.0,,1,0,22200.0,0.0,0.0007881862548134622,0.0,3,False,False
100000002214664100,,0.0,-1,0.0,,1,1,7950.0,76950.0,0.0002880947783409901,9.679245283018869,3,False,False
100000008192264100,,0.0,-1,0.0,,1,1,162810.0,187910.0,0.0002921461483770275,1.1541674344327744,3,False,False
100000000942301100,,0.0,-1,0.0,,1,0,57580.0,0.0,0.00030192918498499617,0.0,3,False,False
100000002578653100,,0.0,-1,0.0,,1,0,20000.0,0.0,0.0003126975226362902,0.0,3,False,False
100000002511581100,,0.0,-1,0.0,,1,0,17600.0,0.0,0.0002896071307907347,0.0,3,False,False
100000005610717100,,0.0,-1,0.0,,4,1,484500.0,265200.0,0.000346058788021741,0.5473684210526316,3,False,False
100000005704413100,,0.0,-1,0.0,,3,32,97834.67,1363593.0,0.0006022795556250632,13.9377278014021,3,False,False
100000000976943100,,0.0,-1,0.0,,1,1,70000.0,84000.0,0.0003751031725298356,1.2,3,False,False
100000008708061100,,0.0,-1,0.0,,1,0,8650.0,0.0,0.00028820448266376954,0.0,3,False,False
100000003986141100,,0.0,-1,0.0,,1,0,5286.32,0.0,0.00028813103343166993,0.0,3,False,False
100000005037490100,,0.0,-1,0.0,,1,2,15000.0,30000.0,0.0003246359309351921,2.0,3,False,False
100000004257714100,,0.0,-1,0.0,,1,0,52220.0,0.0,0.00029503279315448147,0.0,3,False,False
100000000569479100,,0.0,-1,0.0,,1,0,320000.0,0.0,0.000396692946728047,0.0,3,False,False
100000007303047100,,0.0,-1,0.0,,1,0,52250.0,0.0,0.00029503749476831486,0.0,3,False,False
100000008708743100,,0.0,-1,0.0,,1,0,15550.0,0.0,0.00028928585384545215,0.0,3,False,False
100000008745863100,,0.0,-1,0.0,,1,0,22900.0,0.0,0.0002904377492346358,0.0,3,False,False
100000005048668100,,0.0,-1,0.0,,2,8,16668.0,159400.0,0.00028983991163194595,9.563234941204703,3,False,False
100000006522972100,,0.0,-1,0.0,,1,0,9515.0,0.0,0.00030466390456561755,0.0,3,False,False
100000008759857100,,0.0,-1,0.0,,1,2,5000.0,994000.0,0.00028761570267189123,198.8,3,False,False
100000005342513100,,0.0,-1,0.0,,1,1,235000.0,30000.0,0.0011030662406570182,0.1276595744680851,3,False,False
100000004750897100,,0.0,-1,0.0,,1,0,10000.0,0.0,0.0004925814598066292,0.0,3,False,False
100000001140785100,,0.0,-1,0.0,,2,0,215000.0,0.0,0.00031675353054066904,0.0,3,False,False
100000002821425100,,0.0,-1,0.0,,1,0,275000.0,0.0,0.0003000019601098743,0.0,3,False,False
100000003221510100,,0.0,-1,0.0,,1,2,24000.0,120000.0,0.00028820618337967326,5.0,3,False,False
100000003031003100,,0.0,-1,0.0,,3,0,280090.0,0.0,0.0003128878462726621,0.0,3,False,False
100000003060187100,,0.0,-1,0.0,,1,0,93046.0,0.0,0.0003028273510550853,0.0,3,False,False
100000008718811100,,0.0,-1,0.0,,1,0,73300.0,0.0,0.0002983364604747525,0.0,3,False,False
100000008043184100,,0.0,-1,0.0,,1,0,50564.0,0.0,0.00029484038862252494,0.0,3,False,False
100000002530224100,,0.0,-1,0.0,,1,0,113000.0,0.0,0.00029269517335631237,0.0,3,False,False
100000008754608100,,0.0,-1,0.0,,1,0,12300.0,0.0,0.0002887765123468335,0.0,3,False,False
100000006989232100,,0.0,-1,0.0,,1,0,22194.0,0.0,0.0002888250647580047,0.0,3,False,False
100000006532229100,,0.0,-1,0.0,,1,0,105000.0,0.0,0.00030197928748762243,0.0,3,False,False
100000005661829100,,0.0,-1,0.0,,1,2,37790.0,40362.0,0.00029333840991850396,1.0680603334215402,3,False,False
100000004553349100,,0.0,-1,0.0,,1,0,7755.0,0.0,0.0003013686344818295,0.0,3,False,False
100000002945626100,,0.0,-1,0.0,,3,0,584000.0,0.0,0.00033926568679462426,0.0,3,False,False
100000008775471100,,0.0,-1,0.0,,1,0,580000.0,0.0,0.00035996546736887446,0.0,3,False,False
100000000404740100,,0.0,-1,0.0,,1,0,25000.0,0.0,0.0005604163568367298,0.0,4,False,True
100000004268036100,,0.0,-1,0.0,,1,0,5500.0,0.0,0.0002898046971760584,0.0,4,False,True
100000001256409100,,0.0,-1,0.0,,1,0,8000.0,0.0,0.0005495538621161617,0.0,4,False,True
100000005360814100,,0.0,-1,0.0,,1,0,144000.0,0.0,0.00043559649267614604,0.0,4,False,True
100000002369454100,,0.0,-1,0.0,,1,0,25000.0,0.0,0.0004307604037600737,0.0,4,False,True
100000004272302100,,0.0,-1,0.0,,1,0,10000.0,0.0,0.00028902455702792176,0.0,4,False,True
100000008727982100,,0.0,-1,0.0,,1,0,30000.0,0.0,0.0005161702905370309,0.0,4,False,True
100000000600707100,,0.0,-1,0.0,,1,0,89000.0,0.0,0.0005726088761598887,0.0,4,False,True
100000004500781100,,0.0,-1,0.0,,1,0,74000.0,0.0,0.0006837336338697898,0.0,4,False,True
100000008703533100,,0.0,-1,0.0,,1,0,75000.0,0.0,0.0002968487874783173,0.0,4,False,True
100000004549591100,,0.0,-1,0.0,,1,0,49000.0,0.0,0.00044625604853705054,0.0,4,False,True
100000002700161100,,0.0,-1,0.0,,1,0,39000.0,0.0,0.0009064127928751029,0.0,4,False,True
100000003134550100,,0.0,-1,0.0,,1,0,100000.0,0.0,0.00030018209974604364,0.0,4,False,True
100000001957974100,,0.0,-1,0.0,,1,0,500000.0,0.0,0.0003215701793309766,0.0,4,False,True
100000001246806100,,0.0,-1,0.0,,1,0,130000.0,0.0,0.000535310934123788,0.0,4,False,True
100000003622955100,,0.0,-1,0.0,,1,0,15000.0,0.0,0.0013392360951323822,0.0,4,False,True
100000003692843100,,0.0,-1,0.0,,1,0,510000.0,0.0,0.0005318067920204759,0.0,4,False,True
100000008629504100,,0.0,-1,0.0,,1,0,20000.0,0.0,0.00030336003181306723,0.0,4,False,True
100000005621418100,,0.0,-1,0.0,,1,0,30000.0,0.0,0.0003091915026361626,0.0,4,False,True
100000004167082100,,0.0,-1,0.0,,1,0,13300.0,0.0,0.00038661659904842404,0.0,4,False,True
100000004379306100,,0.0,-1,0.0,,1,0,15000.0,0.0,0.0005343806771430133,0.0,4,False,True
100000004856746100,,0.0,-1,0.0,,1,0,20000.0,0.0,0.000301380945887218,0.0,4,False,True
100000004891562100,,0.0,-1,0.0,,1,0,103400.0,0.0,0.00034241876489243583,0.0,4,False,True
100000007042175100,,0.0,-1,0.0,,1,0,60000.0,0.0,0.0005363434676045017,0.0,4,False,True
100000002670463100,,0.0,-1,0.0,,1,0,31500.0,0.0,0.0003037777897258625,0.0,4,False,True
100000005567828100,,0.0,-1,0.0,,1,0,94000.0,0.0,0.0003221789656194473,0.0,4,False,True
100000004200745100,,0.0,-1,0.0,,1,0,130000.0,0.0,0.0006035919445701515,0.0,4,False,True
100000003989033100,,0.0,-1,0.0,,1,0,373400.0,0.0,0.0006015128764964382,0.0,4,False,True
100000005146665100,,0.0,-1,0.0,,1,0,5500.0,0.0,0.00028773710725674384,0.0,4,False,True
100000003096787100,,0.0,-1,0.0,,1,0,16400.0,0.0,0.0002930128281760604,0.0,4,False,True
100000003074515100,,0.0,-1,0.0,,1,0,105000.0,0.0,0.0003007214450238256,0.0,4,False,True
100000004377043100,,0.0,-1,0.0,,1,0,5700.0,0.0,0.00036514381164088624,0.0,4,False,True
100000008680061100,,0.0,-1,0.0,,1,0,41300.0,0.0,0.0003120661265589064,0.0,4,False,True
100000008471634100,,0.0,-1,0.0,,1,0,20000.0,0.0,0.001129186048985322,0.0,4,False,True
100000002119762100,,0.0,-1,0.0,,1,0,77000.0,0.0,0.0005318447623815349,0.0,4,False,True
100000008628818100,,0.0,-1,0.0,,1,0,46310.0,0.0,0.0003042545700695101,0.0,4,False,True
100000007510567100,,0.0,-1,0.0,,1,0,52000.0,0.0,0.00030639316958050076,0.0,4,False,True
100000004780327100,,0.0,-1,0.0,,1,0,12000.0,0.0,0.0002932979703135095,0.0,4,False,True
100000008376785100,,0.0,-1,0.0,,1,0,234250.0,0.0,0.00053413537855294,0.0,4,False,True
100000005745873100,,0.0,-1,0.0,,1,0,223000.0,0.0,0.0003177319865183214,0.0,4,False,True
100000002594214100,,0.0,-1,0.0,,1,0,1000000.0,0.0,0.00036868492302958726,0.0,4,False,True
100000001299323100,,0.0,-1,0.0,,1,0,109000.0,0.0,0.0003012499248085375,0.0,4,False,True
100000003838587100,,0.0,-1,0.0,,1,0,6000.0,0.0,0.000557475227698134,0.0,4,False,True
100000000673915100,,0.0,-1,0.0,,1,0,20200.0,0.0,0.00028886462173996117,0.0,4,False,True
100000003061115100,,0.0,-1,0.0,,1,0,45000.0,0.0,0.0005362399839666948,0.0,4,False,True
100000004326224100,,0.0,-1,0.0,,1,0,60000.0,0.0,0.0005372173236725562,0.0,4,False,True
100000004988240100,,0.0,-1,0.0,,1,0,20000.0,0.0,0.000532249206285726,0.0,4,False,True
100000008525136100,,0.0,-1,0.0,,1,0,14100.0,0.0,0.0002898134653296626,0.0,4,False,True
100000001991973100,,0.0,-1,0.0,,1,0,20800.0,0.0,0.00029802732471498155,0.0,4,False,True
100000004569637100,,0.0,-1,0.0,,1,0,5500.0,0.0,0.0005555676972790809,0.0,4,False,True
100000008675322100,,0.0,-1,0.0,,1,0,340000.0,0.0,0.0003207776705780966,0.0,4,False,True
100000004235471100,,0.0,-1,0.0,,1,0,180000.0,0.0,0.0003501606295614159,0.0,4,False,True
100000003194831100,,0.0,-1,0.0,,1,0,6265.0,0.0,0.000292128363588289,0.0,4,False,True
100000008588665100,,0.0,-1,0.0,,1,0,25000.0,0.0,0.000354045657390344,0.0,4,False,True
100000003230329100,,0.0,-1,0.0,,1,0,110000.0,0.0,0.0003013820447547155,0.0,4,False,True
100000002217806100,,0.0,-1,0.0,,1,0,55000.0,0.0,0.00046577529725483574,0.0,4,False,True
100000004041294100,,0.0,-1,0.0,,1,0,17800.0,0.0,0.00030219869671539186,0.0,4,False,True
100000008583971100,,0.0,-1,0.0,,2,0,51000.0,0.0,0.0003311838791248431,0.0,4,False,True
100000008251939100,,0.0,-1,0.0,,1,0,44360.0,0.0,0.000303521658110559,0.0,4,False,True
100000004049912100,,0.0,-1,0.0,,1,0,10000.0,0.0,0.00032600158075453623,0.0,4,False,True
100000002227960100,,0.0,-1,0.0,,1,0,10000.0,0.0,0.0003007727149863174,0.0,4,False,True
100000008677368100,,0.0,-1,0.0,,1,0,13500.0,0.0,0.0005363664408357486,0.0,4,False,True
100000008631800100,,0.0,-1,0.0,,1,0,12850.0,0.0,0.00029375478295456074,0.0,4,False,True
100000003220685100,,0.0,-1,0.0,,1,0,1306000.0,0.0,0.0005399479209549984,0.0,4,False,True
100000003072205100,,0.0,-1,0.0,,2,0,163000.0,0.0,0.0003203974380679838,0.0,4,False,True
100000001202637100,,0.0,-1,0.0,,1,0,10000.0,0.0,0.0005511624903345256,0.0,4,False,True
100000002835874100,,0.0,-1,0.0,,1,0,58700.0,0.0,0.00029460429151578543,0.0,4,False,True
100000002707106100,,0.0,-1,0.0,,1,0,15000.0,0.0,0.0002878904905348135,0.0,4,False,True
100000008343415100,,0.0,-1,0.0,,1,0,100000.0,0.0,0.00043590039712592483,0.0,4,False,True
100000004981068100,,0.0,-1,0.0,,1,0,10000.0,0.0,0.0003805184609924227,0.0,4,False,True
100000004241142100,,0.0,-1,0.0,,1,0,27102.0,0.0,0.0005324557913868465,0.0,4,False,True
100000008190411100,,0.0,-1,0.0,,1,0,198450.0,0.0,0.00042600553514962554,0.0,4,False,True
100000008699083100,,0.0,-1,0.0,,1,0,238500.0,0.0,0.00030777032217442805,0.0,4,False,True
100000008136608100,,0.0,-1,0.0,,1,0,170000.0,0.0,0.000566834401212237,0.0,4,False,True
100000008695157100,,0.0,-1,0.0,,1,0,425546.0,0.0,0.0004996948511918675,0.0,4,False,True
100000000369781100,,0.0,-1,0.0,,1,0,5000.0,0.0,0.00053480857596583,0.0,4,False,True
100000003133045100,,0.0,-1,0.0,,1,0,68000.0,0.0,0.0003345316652091022,0.0,4,False,True
100000002474570100,,0.0,-1,0.0,,1,0,6750.0,0.0,0.0002904764804717221,0.0,4,False,True
100000002514975100,,0.0,-1,0.0,,1,0,17920.0,0.0,0.0005333676954602626,0.0,4,False,True
100000001089055100,,0.0,-1,0.0,,1,0,13000.0,0.0,0.0003307702046603977,0.0,4,False,True
100000000608031100,,0.0,-1,0.0,,1,0,30000.0,0.0,0.000540991861368623,0.0,4,False,True
100000002659103100,,0.0,-1,0.0,,1,0,165000.0,0.0,0.00035127309228855064,0.0,4,False,True
100000000733940100,,0.0,-1,0.0,,1,0,752000.0,0.0,0.00041298144740675307,0.0,4,False,True
100000001537524100,,0.0,-1,0.0,,1,0,150000.0,0.0,0.00030000700885079225,0.0,4,False,True
100000002971593100,,0.0,-1,0.0,,1,0,49050.0,0.0,0.0005327033972220859,0.0,4,False,True
100000006918814100,,0.0,-1,0.0,,1,0,20000.0,0.0,0.00030568748068319254,0.0,4,False,True
100000007381662100,,0.0,-1,0.0,,1,0,11000.0,0.0,0.00029816151684898534,0.0,4,False,True
100000003199390100,,0.0,-1,0.0,,1,0,260000.0,0.0,0.000378299197955317,0.0,4,False,True
100000007749747100,,0.0,-1,0.0,,1,0,50000.0,0.0,0.0004455907572910854,0.0,4,False,True
100000003447411100,,0.0,-1,0.0,,1,0,302000.0,0.0,0.00030718363040229237,0.0,4,False,True
100000000500040100,,0.0,-1,0.0,,1,0,20000.0,0.0,0.0003074173346275874,0.0,4,False,True
100000008551752100,,0.0,-1,0.0,,1,0,406000.0,0.0,0.00034307554642550747,0.0,4,False,True
100000002876914100,,0.0,-1,0.0,,1,0,12000.0,0.0,0.0002932979703135095,0.0,4,False,True
100000004571634100,,0.0,-1,0.0,,1,0,20000.0,0.0,0.00037582243880426587,0.0,4,False,True
100000004610802100,,0.0,-1,0.0,,1,0,241000.0,0.0,0.00047602996658220755,0.0,4,False,True
100000001311175100,,0.0,-1,0.0,,1,0,300000.0,0.0,0.000533835965592715,0.0,4,False,True
100000008740295100,,0.0,-1,0.0,,1,0,300000.0,0.0,0.0003264848345285306,0.0,4,False,True
100000002596039100,,0.0,-1,0.0,,1,0,280000.0,0.0,0.0003057022888327646,0.0,4,False,True
100000002126791100,,0.0,-1,0.0,,1,0,1313000.0,0.0,0.0005742126611670562,0.0,4,False,True
100000005783452100,,0.0,-1,0.0,,2,0,286500.0,0.0,0.00031582143692040495,0.0,4,False,True
100000006693788100,,0.0,-1,0.0,,1,0,10764.0,0.0,0.0005344248644049865,0.0,4,False,True
100000002832753100,,0.0,-1,0.0,,1,0,12500.0,0.0,0.0007584507539356985,0.0,4,False,True
100000002981489100,,0.0,-1,0.0,,1,0,10000.0,0.0,0.00028962255478302693,0.0,4,False,True
100000003084870100,,0.0,-1,0.0,,1,0,6500.0,0.0,0.0003467111521333522,0.0,4,False,True
100000002791494100,,0.0,-1,0.0,,1,0,85860.0,0.0,0.00031911952800618476,0.0,4,False,True
100000003345947100,,0.0,-1,0.0,,1,0,79500.0,0.0,0.0004969301445873055,0.0,4,False,True
100000002733083100,,0.0,-1,0.0,,1,0,15200.0,0.0,0.0002925618054320905,0.0,4,False,True
100000003247600100,,0.0,-1,0.0,,1,0,58000.0,0.0,0.0008447335511594918,0.0,4,False,True
100000001378288100,,0.0,-1,0.0,,1,0,268000.0,0.0,0.0005257329101252635,0.0,4,False,True
100000002305477100,,0.0,-1,0.0,,1,0,20000.0,0.0,0.0003146965792974964,0.0,4,False,True
100000006638021100,,0.0,-1,0.0,,2,0,388500.0,0.0,0.0005468683892599277,0.0,4,False,True
100000008517061100,,0.0,-1,0.0,,1,0,1844000.0,0.0,0.00041490111075786974,0.0,4,False,True
100000005910895100,,0.0,-1,0.0,,1,0,5100.0,0.0,0.0006001928362077971,0.0,4,False,True
100000002723439100,,0.0,-1,0.0,,1,0,18000.0,0.0,0.0005555216399681357,0.0,4,False,True
100000002320495100,,0.0,-1,0.0,,1,0,13526.27,0.0,0.0005377614199631568,0.0,4,False,True
100000002229615100,,0.0,-1,0.0,,1,0,25000.0,0.0,0.0007215592341440239,0.0,4,False,True
100000008327791100,,0.0,-1,0.0,,1,0,11000.0,0.0,0.0005391167609136597,0.0,4,False,True
100000002208836100,,0.0,-1,0.0,,1,0,90000.0,0.0,0.00033128471942352655,0.0,4,False,True
100000001724740100,,0.0,-1,0.0,,1,0,185000.0,0.0,0.0005388284571255892,0.0,4,False,True
100000004386286100,,0.0,-1,0.0,,1,0,12500.0,0.0,0.0005998215016547858,0.0,4,False,True
100000001714883100,,0.0,-1,0.0,,1,0,6900.0,0.0,0.00029055709446720174,0.0,4,False,True
100000008337304100,,0.0,-1,0.0,,1,0,105465.0,0.0,0.00035583636466686084,0.0,4,False,True
100000000655469100,,0.0,-1,0.0,,1,0,20000.0,0.0,0.0003469593014147207,0.0,4,False,True
100000008722541100,,0.0,-1,0.0,,1,0,280000.0,0.0,0.0003853338400537922,0.0,4,False,True
100000004222274100,,0.0,-1,0.0,,1,0,15500.0,0.0,0.0005477979606695856,0.0,4,False,True
100000006232642100,,0.0,-1,0.0,,1,0,456000.0,0.0,0.00042972241620991923,0.0,4,False,True
100000004066370100,,0.0,-1,0.0,,1,0,65000.0,0.0,0.0005918735969790853,0.0,4,False,True
100000005685783100,,0.0,-1,0.0,,1,0,26150.0,0.0,0.0005343911435542359,0.0,4,False,True
100000006171671100,,0.0,-1,0.0,,1,0,10000.0,0.0,0.0005313843598046136,0.0,4,False,True
100000003481025100,,0.0,-1,0.0,,1,0,9000.0,0.0,0.0005333521824501156,0.0,4,False,True
100000003646145100,,0.0,-1,0.0,,1,0,5000.0,0.0,0.000656348332956897,0.0,4,False,True
100000002659265100,,0.0,-1,0.0,,1,0,141000.0,0.0,0.00032112490854040214,0.0,4,False,True
100000003289281100,,0.0,-1,0.0,,1,0,40000.0,0.0,0.0005996044729221811,0.0,4,False,True
100000004840086100,,0.0,-1,0.0,,1,0,100000.0,0.0,0.0005415136966287572,0.0,4,False,True
100000008554390100,,0.0,-1,0.0,,1,0,14000.0,0.0,0.0002943728235865713,0.0,4,False,True
100000004691350100,,0.0,-1,0.0,,1,0,13300.0,0.0,0.0008906882092165298,0.0,4,False,True
100000004652395100,,0.0,-1,0.0,,3,0,101528.0,0.0,0.00033719811399336665,0.0,4,False,True
100000004979264100,,0.0,-1,0.0,,1,0,39800.0,0.0,0.00041320740834143224,0.0,4,False,True
100000008074304100,,0.0,-1,0.0,,1,0,5500.0,0.0,0.0003338996825151237,0.0,4,False,True
100000002227989100,,0.0,-1,0.0,,1,0,20000.0,0.0,0.0003961933200599245,0.0,4,False,True
100000003207060100,,0.0,-1,0.0,,1,0,53000.0,0.0,0.0004293060809113743,0.0,4,False,True
100000004601193100,,0.0,-1,0.0,,1,0,84000.0,0.0,0.0006060180971723414,0.0,4,False,True
100000004991593100,,0.0,-1,0.0,,1,0,45000.0,0.0,0.00035646615481560467,0.0,4,False,True
100000003128638100,,0.0,-1,0.0,,1,0,300000.0,0.0,0.00035977663336718896,0.0,4,False,True
100000005878334100,,0.0,-1,0.0,,1,0,76400.0,0.0,0.0004007242321635392,0.0,4,False,True
100000002878483100,,0.0,-1,0.0,,1,0,6000.0,0.0,0.00029007341049432393,0.0,4,False,True
100000000981693100,,0.0,-1,0.0,,1,0,16500.0,0.0,0.0005314002435612235,0.0,4,False,True
100000006416061100,,0.0,-1,0.0,,1,0,30000.0,0.0,0.0004367675038067396,0.0,4,False,True
100000008168850100,,0.0,-1,0.0,,1,0,187910.0,0.0,0.0005354125286335144,0.0,4,False,True
100000004747154100,,0.0,-1,0.0,,1,0,67000.0,0.0,0.00033383044734830865,0.0,4,False,True
100000008524903100,,0.0,-1,0.0,,1,0,15000.0,0.0,0.0003332497752012362,0.0,4,False,True
100000005049404100,,0.0,-1,0.0,,1,0,98000.0,0.0,0.00031403115093244654,0.0,4,False,True
100000002258492100,,0.0,-1,0.0,,1,0,9000.0,0.0,0.0005424888658158649,0.0,4,False,True
100000005497148100,,0.0,-1,0.0,,1,0,24000.0,0.0,0.0004921615714314379,0.0,4,False,True
100000004596284100,,0.0,-1,0.0,,1,0,30000.0,0.0,0.0005940440593264011,0.0,4,False,True
100000007960337100,,0.0,-1,0.0,,1,0,35500.0,0.0,0.00030412067655988777,0.0,4,False,True
100000003180305100,,0.0,-1,0.0,,1,0,144000.0,0.0,0.0005303510430199025,0.0,4,False,True
100000007653094100,,0.0,-1,0.0,,1,0,16000.0,0.0,0.0005779124016807729,0.0,4,False,True
100000008175078100,,0.0,-1,0.0,,1,0,1846711.0,0.0,0.00047113333576870276,0.0,4,False,True
100000004263867100,,0.0,-1,0.0,,1,0,9000.0,0.0,0.0002916856904039167,0.0,4,False,True
100000002194320100,,0.0,-1,0.0,,1,0,275000.0,0.0,0.0004886763093074297,0.0,4,False,True
100000001222245100,,0.0,-1,0.0,,1,0,420000.0,0.0,0.0005515537557199481,0.0,4,False,True
100000008151098100,,0.0,-1,0.0,,1,0,30000.0,0.0,0.0003107230064859872,0.0,4,False,True
100000008735802100,,0.0,-1,0.0,,1,0,85000.0,0.0,0.0005109348907519582,0.0,4,False,True
100000004047887100,,0.0,-1,0.0,,1,0,30000.0,0.0,0.00028930393284577185,0.0,4,False,True
100000003146511100,,0.0,-1,0.0,,1,0,10000.0,0.0,0.0003132048427883549,0.0,4,False,True
100000007511780100,,0.0,-1,0.0,,1,0,155000.0,0.0,0.0005605373030244089,0.0,4,False,True
100000007867364100,,0.0,-1,0.0,,1,0,41852.0,0.0,0.0004507108566034343,0.0,4,False,True
100000006288612100,,0.0,-1,0.0,,1,0,30805.0,0.0,0.0002989549226377449,0.0,4,False,True
100000006735545100,,0.0,-1,0.0,,1,0,5000.0,0.0,0.0002945841066907457,0.0,4,False,True
100000004403641100,,0.0,-1,0.0,,1,0,171500.0,0.0,0.000301893011522636,0.0,4,False,True
100000003370425100,,0.0,-1,0.0,,1,0,20000.0,0.0,0.0006506782894321816,0.0,4,False,True
100000004350094100,,0.0,-1,0.0,,1,0,20000.0,0.0,0.0008971220687046569,0.0,4,False,True
100000004911971100,,0.0,-1,0.0,,1,0,35000.0,0.0,0.0002903415233122076,0.0,4,False,True
100000001202787100,,0.0,-1,0.0,,2,0,14850.0,0.0,0.00035270329012986404,0.0,4,False,True
100000008469048100,,0.0,-1,0.0,,1,0,265200.0,0.0,0.0005813053382470212,0.0,4,False,True
100000002635746100,,0.0,-1,0.0,,1,0,5300.0,0.0,0.00028969721184875225,0.0,4,False,True
100000008321975100,,0.0,-1,0.0,,1,0,5900.0,0.0,0.00030458143364331516,0.0,4,False,True
100000003078839100,,0.0,-1,0.0,,1,0,14000.0,0.0,0.00031619592048659126,0.0,4,False,True
100000004006327100,,0.0,-1,0.0,,1,0,300000.0,0.0,0.0005574958046554642,0.0,4,False,True
100000007865484100,,0.0,-1,0.0,,1,0,584600.0,0.0,0.0003678097529797338,0.0,4,False,True
100000005367180100,,0.0,-1,0.0,,1,0,7700.0,0.0,0.0007861065673620736,0.0,4,False,True
100000001669260100,,0.0,-1,0.0,,1,0,500000.0,0.0,0.0005625548425347723,0.0,4,False,True
100000001297206100,,0.0,-1,0.0,,1,0,6758.0,0.0,0.0002998452832971284,0.0,4,False,True
100000002645046100,,0.0,-1,0.0,,1,0,12000.0,0.0,0.0002932979703135095,0.0,4,False,True
100000006308406100,,0.0,-1,0.0,,1,0,183000.0,0.0,0.0005416555675697146,0.0,4,False,True
100000002728246100,,0.0,-1,0.0,,1,0,10000.0,0.0,0.0005409922702021911,0.0,4,False,True
100000001590795100,,0.0,-1,0.0,,1,0,5060.0,0.0,0.00028956822945598484,0.0,4,False,True
100000006257675100,,0.0,-1,0.0,,1,0,70000.0,0.0,0.0003843159008533916,0.0,4,False,True
100000002130400100,,0.0,-1,0.0,,1,0,10000.0,0.0,0.0003189567187071328,0.0,4,False,True
100000000557536100,,0.0,-1,0.0,,1,0,153000.0,0.0,0.0003021168196314696,0.0,4,False,True
100000002689717100,,0.0,-1,0.0,,1,0,47500.0,0.0,0.0003047018342906136,0.0,4,False,True
100000005189258100,,0.0,-1,0.0,,1,0,50000.0,0.0,0.0003173782403649302,0.0,4,False,True
100000002748511100,,0.0,-1,0.0,,1,0,20000.0,0.0,0.0005698407341831303,0.0,4,False,True
100000002371892100,,0.0,-1,0.0,,1,0,43830.0,0.0,0.00030790082434017,0.0,4,False,True
100000008130868100,,0.0,-1,0.0,,1,0,22782.0,0.0,0.00045359052102125687,0.0,4,False,True
100000007153161100,,0.0,-1,0.0,,1,0,44997.0,0.0,0.0005332711575594892,0.0,4,False,True
100000002994441100,,0.0,-1,0.0,,1,0,5000.0,0.0,0.0005556781124537378,0.0,4,False,True
100000001065481100,,0.0,-1,0.0,,1,0,16000.0,0.0,0.00043416376262416407,0.0,4,False,True
100000007731977100,,0.0,-1,0.0,,1,0,50000.0,0.0,0.00033827006055626096,0.0,4,False,True
100000003252446100,,0.0,-1,0.0,,1,0,108600.0,0.0,0.0003013287591661415,0.0,4,False,True
100000002671326100,,0.0,-1,0.0,,1,0,1050000.0,0.0,0.0006321600024575443,0.0,4,False,True
100000005087923100,,0.0,-1,0.0,,1,0,20000.0,0.0,0.0004625720014612528,0.0,4,False,True
100000008770483100,,0.0,-1,0.0,,1,0,5000.0,0.0,0.00029018576583990385,0.0,4,False,True
100000002748040100,,0.0,-1,0.0,,1,0,18000.0,0.0,0.0002936141918346869,0.0,4,False,True
100000004800648100,,0.0,-1,0.0,,1,0,131000.0,0.0,0.00033833060451709444,0.0,4,False,True
100000005025629100,,0.0,-1,0.0,,1,0,5227.0,0.0,0.0003155519288899832,0.0,4,False,True
100000000581682100,,0.0,-1,0.0,,1,0,5000.0,0.0,0.00029216224557313106,0.0,4,False,True
100000004976946100,,0.0,-1,0.0,,1,0,246000.0,0.0,0.0003209172426815196,0.0,4,False,True
100000000957746100,,0.0,-1,0.0,,1,0,5300.0,0.0,0.0003488443902950835,0.0,4,False,True
100000003001138100,,0.0,-1,0.0,,1,0,30000.0,0.0,0.00031872922006309466,0.0,4,False,True
100000001325618100,,0.0,-1,0.0,,1,0,9300.0,0.0,0.00029184691839487595,0.0,4,False,True
100000003792647100,,0.0,-1,0.0,,1,0,8000.0,0.0,0.000402012618331819,0.0,4,False,True
100000004107228100,,0.0,-1,0.0,,1,0,5000.0,0.0,0.00029000125754278497,0.0,4,False,True
100000003500764100,,0.0,-1,0.0,,1,0,21000.0,0.0,0.0005324915548296379,0.0,4,False,True
100000004261340100,,0.0,-1,0.0,,1,0,48500.0,0.0,0.00034892592172266004,0.0,4,False,True
100000008172721100,,0.0,-1,0.0,,1,0,168335.0,0.0,0.00039696133508035906,0.0,4,False,True
100000005079473100,,0.0,-1,0.0,,1,0,39312.0,0.0,0.00032745695694141343,0.0,4,False,True
100000004850609100,,0.0,-1,0.0,,1,0,10000.0,0.0,0.0003144259128225461,0.0,4,False,True
100000005042822100,,0.0,-1,0.0,,1,0,1000000.0,0.0,0.00045457836760547706,0.0,4,False,True
100000002794374100,,0.0,-1,0.0,,1,0,111000.0,0.0,0.0003653757490279972,0.0,4,False,True
100000002860934100,,0.0,-1,0.0,,1,0,279500.0,0.0,0.0005838676254729311,0.0,4,False,True
100000003097947100,,0.0,-1,0.0,,1,0,52980.0,0.0,0.0003215045041268186,0.0,4,False,True
100000004260869100,,0.0,-1,0.0,,1,0,10000.0,0.0,0.0008457607369041788,0.0,4,False,True
100000008762885100,,0.0,-1,0.0,,1,0,7000.0,0.0,0.00028855049893795285,0.0,4,False,True
100000002986245100,,0.0,-1,0.0,,1,0,5750.0,0.0,0.00028993905383519115,0.0,4,False,True
100000001471706100,,0.0,-1,0.0,,1,0,377000.0,0.0,0.0005424888658158649,0.0,4,False,True
100000002304943100,,0.0,-1,0.0,,1,0,15000.0,0.0,0.0003077346471419069,0.0,4,False,True
100000002695812100,,0.0,-1,0.0,,1,0,95000.0,0.0,0.00032255481790608885,0.0,4,False,True
100000008761220100,,0.0,-1,0.0,,1,0,10000.0,0.0,0.0002881700501369181,0.0,4,False,True
100000004890713100,,0.0,-1,0.0,,1,0,40485.0,0.0,0.0003020652304998229,0.0,4,False,True
100000003083865100,,0.0,-1,0.0,,1,0,15000.0,0.0,0.0002924866349747621,0.0,4,False,True
100000004030553100,,0.0,-1,0.0,,1,0,70000.0,0.0,0.0005331552426414794,0.0,4,False,True
100000002653187100,,0.0,-1,0.0,,1,0,15000.0,0.0,0.00047534234389121413,0.0,4,False,True
100000006412162100,,0.0,-1,0.0,,1,0,15000.0,0.0,0.0002949102502231022,0.0,4,False,True
100000004674178100,,0.0,-1,0.0,,1,0,20000.0,0.0,0.0003040958686978951,0.0,4,False,True
100000004070530100,,0.0,-1,0.0,,1,0,20000.0,0.0,0.00028848557212222736,0.0,4,False,True
100000006706519100,,0.0,-1,0.0,,1,0,36000.0,0.0,0.0003924379689056117,0.0,4,False,True
100000005636951100,,0.0,-1,0.0,,1,0,40000.0,0.0,0.0006382951522473674,0.0,4,False,True
100000003040087100,,0.0,-1,0.0,,1,0,29000.0,0.0,0.00029774856698774427,0.0,4,False,True
100000008766764100,,0.0,-1,0.0,,1,0,5000.0,0.0,0.00028750945040602826,0.0,4,False,True
100000000299820100,,0.0,-1,0.0,,1,0,10000.0,0.0,0.00045214259963337317,0.0,4,False,True
100000008349740100,,0.0,-1,0.0,,1,0,70000.0,0.0,0.0002938341959492768,0.0,4,False,True
100000008761132100,,0.0,-1,0.0,,1,0,10000.0,0.0,0.0002881700501369181,0.0,4,False,True
100000002540033100,,0.0,-1,0.0,,1,0,10000.0,0.0,0.0005986691957838233,0.0,4,False,True
100000001845505100,,0.0,-1,0.0,,1,0,20000.0,0.0,0.0005949335340785998,0.0,4,False,True
100000003782913100,,0.0,-1,0.0,,1,0,200000.0,0.0,0.00030073738213747366,0.0,4,False,True
100000008778753100,,0.0,-1,0.0,,1,0,10000.0,0.0,0.00029547235968651676,0.0,4,False,True
100000008710913100,,0.0,-1,0.0,,1,0,14000.0,0.0,0.0002894015760989904,0.0,4,False,True
100000005495211100,,0.0,-1,0.0,,1,0,14500.0,0.0,0.0005623945621466788,0.0,4,False,True
100000004013952100,,0.0,-1,0.0,,1,0,5500.0,0.0,0.0005354750926490612,0.0,4,False,True
100000007330432100,,0.0,-1,0.0,,1,0,584900.0,0.0,0.000540525295317474,0.0,4,False,True
100000000737152100,,0.0,-1,0.0,,1,0,35000.0,0.0,0.00034603341131449075,0.0,4,False,True
100000004674389100,,0.0,-1,0.0,,1,0,15000.0,0.0,0.000353579041771984,0.0,4,False,True
100000002529877100,,0.0,-1,0.0,,1,0,232000.0,0.0,0.0003072001353201497,0.0,4,False,True
100000004035925100,,0.0,-1,0.0,,1,0,1111588.0,0.0,0.00046444598509808423,0.0,4,False,True
100000002188586100,,0.0,-1,0.0,,1,0,38310.0,0.0,0.0003012477517763774,0.0,4,False,True
100000008050986100,,0.0,-1,0.0,,1,0,95000.0,0.0,0.00031319903970008,0.0,4,False,True
100000004777215100,,0.0,-1,0.0,,1,0,60000.0,0.0,0.00046718020289388527,0.0,4,False,True
100000000926078100,,0.0,-1,0.0,,1,0,250000.0,0.0,0.0005188088149532335,0.0,4,False,True
100000003486846100,,0.0,-1,0.0,,1,0,27000.0,0.0,0.0005334629102066386,0.0,4,False,True
100000002516862100,,0.0,-1,0.0,,1,0,81710.0,0.0,0.00035098988379035254,0.0,4,False,True
100000008730238100,,0.0,-1,0.0,,1,0,113000.0,0.0,0.0005656901911760248,0.0,4,False,True
100000000803368100,,0.0,-1,0.0,,1,0,139503.0,0.0,0.0005505683576775047,0.0,4,False,True
100000002528978100,,0.0,-1,0.0,,1,0,15900.0,0.0,0.0002928249020327396,0.0,4,False,True
100000002597074100,,0.0,-1,0.0,,1,0,8000.0,0.0,0.00031181326024781687,0.0,4,False,True
100000003631015100,,0.0,-1,0.0,,1,0,266000.0,0.0,0.0003236870306495181,0.0,4,False,True
100000008255655100,,0.0,-1,0.0,,1,0,5400.0,0.0,0.000533519628047031,0.0,4,False,True
100000004265639100,,0.0,-1,0.0,,1,0,10000.0,0.0,0.0005547248904262286,0.0,4,False,True
100000002726055100,,0.0,-1,0.0,,1,0,10000.0,0.0,0.00034152108536753147,0.0,4,False,True
100000003696422100,,0.0,-1,0.0,,1,0,118000.0,0.0,0.0007114053244004059,0.0,4,False,True
100000007745062100,,0.0,-1,0.0,,1,0,100000.0,0.0,0.000627956797946691,0.0,4,False,True
100000005041147100,,0.0,-1,0.0,,1,0,10000.0,0.0,0.0005360977425857718,0.0,4,False,True
100000003819173100,,0.0,-1,0.0,,1,0,143777.0,0.0,0.0002965298891679563,0.0,4,False,True
100000001275557100,,0.0,-1,0.0,,1,0,20000.0,0.0,0.00034909428805265133,0.0,4,False,True
100000002706810100,,0.0,-1,0.0,,1,0,45000.0,0.0,0.00031103304931902993,0.0,4,False,True
100000002896506100,,0.0,-1,0.0,,1,0,45000.0,0.0,0.0003150275214734872,0.0,4,False,True
100000008766031100,,0.0,-1,0.0,,1,0,5000.0,0.0,0.0002877605383265141,0.0,4,False,True
100000008758607100,,0.0,-1,0.0,,1,0,5000.0,0.0,0.00028750945040602826,0.0,4,False,True
100000008648783100,,0.0,-1,0.0,,1,0,5200.0,0.0,0.00028964346918509916,0.0,4,False,True
100000004291663100,,0.0,-1,0.0,,1,0,25000.0,0.0,0.0003125594556156997,0.0,4,False,True
100000003037476100,,0.0,-1,0.0,,3,0,555000.0,0.0,0.00036095019104252015,0.0,4,False,True
100000008715513100,,0.0,-1,0.0,,1,0,32500.0,0.0,0.0003043152163623934,0.0,4,False,True
100000001276409100,,0.0,-1,0.0,,1,0,94760.0,0.0,0.00032246461335729487,0.0,4,False,True
100000003232675100,,0.0,-1,0.0,,1,0,44000.0,0.0,0.00040281521597329117,0.0,4,False,True
100000007988344100,,0.0,-1,0.0,,1,0,20000.0,0.0,0.00038917124518056363,0.0,4,False,True
100000003047800100,,0.0,-1,0.0,,1,0,12212.0,0.0,0.00037622859250056195,0.0,4,False,True
100000003230328100,,0.0,-1,0.0,,3,0,26572.0,0.0,0.0003532413930268186,0.0,4,False,True
100000002702968100,,0.0,-1,0.0,,1,0,31600.0,0.0,0.00029872578293301243,0.0,4,False,True
100000004788983100,,0.0,-1,0.0,,1,0,27000.0,0.0,0.0003711037329829284,0.0,4,False,True
100000006490615100,,0.0,-1,0.0,,1,0,41600.0,0.0,0.0003964897778661192,0.0,4,False,True
100000008745676100,,0.0,-1,0.0,,1,0,34547.0,0.0,0.0005326470887004865,0.0,4,False,True
100000001598625100,,0.0,-1,0.0,,1,0,25000.0,0.0,0.0004307604037600737,0.0,4,False,True
100000008461217100,,0.0,-1,0.0,,1,0,18000.0,0.0,0.0005479716592571175,0.0,4,False,True
100000005711521100,,0.0,-1,0.0,,1,0,238000.0,0.0,0.0005361799863213344,0.0,4,False,True
100000002713974100,,0.0,-1,0.0,,1,0,50000.0,0.0,0.0003314167722143408,0.0,4,False,True
100000005272139100,,0.0,-1,0.0,,1,0,165000.0,0.0,0.0007587480153171224,0.0,4,False,True
100000002968096100,,0.0,-1,0.0,,1,0,70000.0,0.0,0.00032090597213802445,0.0,4,False,True
100000004449824100,,0.0,-1,0.0,,1,0,9000.0,0.0,0.0002916856904039167,0.0,4,False,True
100000004502048100,,0.0,-1,0.0,,1,0,13888.0,0.0,0.0003412241622094061,0.0,4,False,True
100000002660298100,,0.0,-1,0.0,,1,0,30900.0,0.0,0.00029846268633236333,0.0,4,False,True
100000001299828100,,0.0,-1,0.0,,1,0,100000.0,0.0,0.000549649801269113,0.0,4,False,True
100000000581662100,,0.0,-1,0.0,,1,0,21160.0,0.0,0.0003042696751806581,0.0,4,False,True
100000001249054100,,0.0,-1,0.0,,1,0,17375.0,0.0,0.0002933792841555359,0.0,4,False,True
100000008759795100,,0.0,-1,0.0,,1,0,17000.0,0.0,0.000295985103496164,0.0,4,False,True
100000001299443100,,0.0,-1,0.0,,1,0,8000.0,0.0,0.0002911482637673858,0.0,4,False,True
100000007997939100,,0.0,-1,0.0,,1,0,13000.0,0.0,0.0003595468864431238,0.0,4,False,True
100000003470579100,,0.0,-1,0.0,,1,0,357000.0,0.0,0.0005709513048242393,0.0,4,False,True
100000008649416100,,0.0,-1,0.0,,1,0,5000.0,0.0,0.0005360635952586406,0.0,4,False,True
100000008183752100,,0.0,-1,0.0,,1,0,140000.0,0.0,0.0005325122329931624,0.0,4,False,True
100000003950749100,,0.0,-1,0.0,,1,0,7000.0,0.0,0.0003858960099029355,0.0,4,False,True
100000005979037100,,0.0,-1,0.0,,1,0,60300.0,0.0,0.0003262927144564958,0.0,4,False,True
100000008734279100,,0.0,-1,0.0,,1,0,31650.0,0.0,0.0003026792800913577,0.0,4,False,True
100000005589319100,,0.0,-1,0.0,,1,0,26000.0,0.0,0.0003113390696856088,0.0,4,False,True
100000003626268100,,0.0,-1,0.0,,1,0,5000.0,0.0,0.0005332156666387608,0.0,4,False,True
100000001220124100,,0.0,-1,0.0,,1,0,40000.0,0.0,0.0005419141070387549,0.0,4,False,True
100000003904497100,,0.0,-1,0.0,,1,0,10000.0,0.0,0.0003427704166505118,0.0,4,False,True
100000001270470100,,0.0,-1,0.0,,1,0,28300.0,0.0,0.00043163503890031514,0.0,4,False,True
100000003091142100,,0.0,-1,0.0,,1,0,40000.0,0.0,0.00041167089853853095,0.0,4,False,True
100000001053894100,,0.0,-1,0.0,,1,0,2000000.0,0.0,0.0004505209953840362,0.0,4,False,True
100000004722630100,,0.0,-1,0.0,,1,0,340000.0,0.0,0.0004942926421165502,0.0,4,False,True
100000004655046100,,0.0,-1,0.0,,1,0,24000.0,0.0,0.0005599393884220693,0.0,4,False,True
100000004019056100,,0.0,-1,0.0,,1,0,50000.0,0.0,0.000543284890318607,0.0,4,False,True
100000008071749100,,0.0,-1,0.0,,1,0,24943.0,0.0,0.0002962237342608394,0.0,4,False,True
100000008221765100,,0.0,-1,0.0,,1,0,156354.0,0.0,0.000542801136832251,0.0,4,False,True
100000008778010100,,0.0,-1,0.0,,1,0,76950.0,0.0,0.0005319634725532234,0.0,4,False,True
100000004584730100,,0.0,-1,0.0,,1,0,47000.0,0.0,0.00030519999828623154,0.0,4,False,True
100000004797167100,,0.0,-1,0.0,,1,0,31000.0,0.0,0.00055403113219281,0.0,4,False,True
100000005010159100,,0.0,-1,0.0,,1,0,7092.0,0.0,0.000617004454873688,0.0,4,False,True
100000003025903100,,0.0,-1,0.0,,1,0,386300.0,0.0,0.0005287470846618531,0.0,4,False,True
100000003005167100,,0.0,-1,0.0,,1,0,7000.0,0.0,0.00029061083713085483,0.0,4,False,True
100000002214383100,,0.0,-1,0.0,,1,0,213000.0,0.0,0.0005331973163312106,0.0,4,False,True
100000004800452100,,0.0,-1,0.0,,1,0,6544.53,0.0,0.0006105904186465336,0.0,4,False,True
100000006903193100,,0.0,-1,0.0,,1,0,9000.0,0.0,0.0003029508957691164,0.0,4,False,True
100000007811950100,,0.0,-1,0.0,,1,0,50000.0,0.0,0.0005486110276407326,0.0,4,False,True
100000000375150100,,0.0,-1,0.0,,1,0,300000.0,0.0,0.0007494263644586518,0.0,4,False,True
100000008775747100,,0.0,-1,0.0,,1,0,5000.0,0.0,0.00028750945040602826,0.0,4,False,True
100000006689603100,,0.0,-1,0.0,,1,0,400000.0,0.0,0.0003137823337574615,0.0,4,False,True
100000005075949100,,0.0,-1,0.0,,1,0,2226000.0,0.0,0.0007711610848047263,0.0,4,False,True
100000003985389100,,0.0,-1,0.0,,1,0,422698.0,0.0,0.0004925042382196959,0.0,4,False,True
100000002478829100,,0.0,-1,0.0,,1,0,34000.0,0.0,0.0003890366169324283,0.0,4,False,True
100000003125997100,,0.0,-1,0.0,,1,0,87750.0,0.0,0.0005508476119532824,0.0,4,False,True
100000003214786100,,0.0,-1,0.0,,1,0,5000.0,0.0,0.0004221278003184261,0.0,4,False,True
100000008308418100,,0.0,-1,0.0,,1,0,50000.0,0.0,0.000433500403773018,0.0,4,False,True
100000008619159100,,0.0,-1,0.0,,1,0,446400.0,0.0,0.0003581696645076042,0.0,4,False,True
100000004418967100,,0.0,-1,0.0,,1,0,100000.0,0.0,0.0004555019189629495,0.0,4,False,True
100000003173783100,,0.0,-1,0.0,,1,0,23500.0,0.0,0.00034834948327385526,0.0,4,False,True
100000002242455100,,0.0,-1,0.0,,1,0,110000.0,0.0,0.0005345037605974345,0.0,4,False,True
100000004848236100,,0.0,-1,0.0,,1,0,7500.0,0.0,0.00031025298464952447,0.0,4,False,True
100000004674412100,,0.0,-1,0.0,,1,0,46000.0,0.0,0.0004914881033721316,0.0,4,False,True
100000007071852100,,0.0,-1,0.0,,1,0,195000.0,0.0,0.0004454648215022679,0.0,4,False,True
100000001498732100,,0.0,-1,0.0,,1,0,5500.0,0.0,0.00029070554890950307,0.0,4,False,True
100000000627521100,,0.0,-1,0.0,,1,0,6500.0,0.0,0.00028738078514544226,0.0,4,False,True
100000003105089100,,0.0,-1,0.0,,1,0,10000.0,0.0,0.0003007727149863174,0.0,4,False,True
100000003166017100,,0.0,-1,0.0,,1,0,15000.0,0.0,0.0002924866349747621,0.0,4,False,True
100000002506987100,,0.0,-1,0.0,,1,0,28200.0,0.0,0.00029744788515843104,0.0,4,False,True
100000005767403100,,0.0,-1,0.0,,1,0,1100000.0,0.0,0.0010861140873395208,0.0,4,False,True
100000005553088100,,0.0,-1,0.0,,1,0,17500.0,0.0,0.00029560185272202113,0.0,4,False,True
100000003632533100,,0.0,-1,0.0,,1,0,10000.0,0.0,0.00043080356024598914,0.0,4,False,True
100000008762005100,,0.0,-1,0.0,,1,0,5000.0,0.0,0.00028806431372000585,0.0,4,False,True
100000002214207100,,0.0,-1,0.0,,1,0,97000.0,0.0,0.0006935370503709207,0.0,4,False,True
100000003180820100,,0.0,-1,0.0,,1,0,101000.0,0.0,0.0003001929652391137,0.0,4,False,True
100000003786516100,,0.0,-1,0.0,,1,0,5000.0,0.0,0.0002944715277207131,0.0,4,False,True
100000005226217100,,0.0,-1,0.0,,1,0,17500.0,0.0,0.0003847115911320418,0.0,4,False,True
100000001533161100,,0.0,-1,0.0,,1,0,100000.0,0.0,0.0003258938455923579,0.0,4,False,True
100000007034089100,,0.0,-1,0.0,,2,0,198000.0,0.0,0.0003225499409968402,0.0,4,False,True
100000008336318100,,0.0,-1,0.0,,1,0,170000.0,0.0,0.0003281745942006337,0.0,4,False,True
100000005370558100,,0.0,-1,0.0,,1,0,5000.0,0.0,0.0003006373817488422,0.0,4,False,True
100000002729875100,,0.0,-1,0.0,,1,0,76000.0,0.0,0.00031541362445989873,0.0,4,False,True
100000006512787100,,0.0,-1,0.0,,1,0,20000.0,0.0,0.0005323686713884709,0.0,4,False,True
100000003186579100,,0.0,-1,0.0,,1,0,110000.0,0.0,0.0005174329706222681,0.0,4,False,True
100000004472936100,,0.0,-1,0.0,,1,0,5000.0,0.0,0.0005342248564476527,0.0,4,False,True
100000002231144100,,0.0,-1,0.0,,1,0,15000.0,0.0,0.000368857202713728,0.0,4,False,True
100000002505277100,,0.0,-1,0.0,,1,0,60000.0,0.0,0.00040945353341038953,0.0,4,False,True
100000003177533100,,0.0,-1,0.0,,1,0,20000.0,0.0,0.00033969949065304207,0.0,4,False,True
100000005888829100,,0.0,-1,0.0,,1,0,197000.0,0.0,0.00031287648007219924,0.0,4,False,True
100000002242066100,,0.0,-1,0.0,,1,0,60000.0,0.0,0.0005361178711651817,0.0,4,False,True
100000008027922100,,0.0,-1,0.0,,1,0,70000.0,0.0,0.0005047078814964338,0.0,4,False,True
100000002686226100,,0.0,-1,0.0,,1,0,430000.0,0.0,0.0006574225643339518,0.0,4,False,True
100000001065234100,,0.0,-1,0.0,,1,0,360000.0,0.0,0.0005510593419755925,0.0,4,False,True
100000000424935100,,0.0,-1,0.0,,1,0,15000.0,0.0,0.0003027890353691165,0.0,4,False,True
100000005723580100,,0.0,-1,0.0,,1,0,35000.0,0.0,0.0003458774245758723,0.0,4,False,True
100000000704700100,,0.0,-1,0.0,,1,0,10000.0,0.0,0.0005355899447457876,0.0,4,False,True
100000005293969100,,0.0,-1,0.0,,1,0,5466.97,0.0,0.0005328142094654649,0.0,4,False,True
100000002512742100,,0.0,-1,0.0,,1,0,6000.0,0.0,0.00029007341049432393,0.0,4,False,True
100000001816678100,,0.0,-1,0.0,,1,0,60000.0,0.0,0.0003110373276412963,0.0,4,False,True
100000004586598100,,0.0,-1,0.0,,1,0,761255.0,0.0,0.0005416234594243453,0.0,4,False,True
100000005782886100,,0.0,-1,0.0,,1,0,14000.0,0.0,0.00036513904304066115,0.0,4,False,True
100000002622822100,,0.0,-1,0.0,,1,0,750000.0,0.0,0.0009115195603749141,0.0,4,False,True
100000003718715100,,0.0,-1,0.0,,1,0,915000.0,0.0,0.000578072906388213,0.0,4,False,True
100000006491963100,,0.0,-1,0.0,,1,0,16000.0,0.0,0.0002954476768596331,0.0,4,False,True
100000004526651100,,0.0,-1,0.0,,1,0,33000.0,0.0,0.0002912088088990115,0.0,4,False,True
100000008331280100,,0.0,-1,0.0,,1,0,41000.0,0.0,0.00031947686361663173,0.0,4,False,True
100000004177936100,,0.0,-1,0.0,,1,0,10000.0,0.0,0.0003385045734079768,0.0,4,False,True
100000002922000100,,0.0,-1,0.0,,1,0,448000.0,0.0,0.0004617704279042819,0.0,4,False,True
100000002404112100,,0.0,-1,0.0,,1,0,60000.0,0.0,0.00033153415459718686,0.0,4,False,True
100000000634341100,,0.0,-1,0.0,,1,0,24000.0,0.0,0.000557353900353344,0.0,4,False,True
100000001822650100,,0.0,-1,0.0,,1,0,112000.0,0.0,0.00030727065406595494,0.0,4,False,True
100000004791226100,,0.0,-1,0.0,,1,0,20000.0,0.0,0.0005438507021136137,0.0,4,False,True
100000007841978100,,0.0,-1,0.0,,1,0,449000.0,0.0,0.0005085344625420971,0.0,4,False,True
100000006866831100,,0.0,-1,0.0,,1,0,16500.0,0.0,0.0003693041098975191,0.0,4,False,True
100000002999140100,,0.0,-1,0.0,,1,0,10000.0,0.0,0.0002907787555485701,0.0,4,False,True
100000002884708100,,0.0,-1,0.0,,1,0,1171644.0,0.0,0.0005650270040464912,0.0,4,False,True
100000001130553100,,0.0,-1,0.0,,1,0,18000.0,0.0,0.0005459673279026696,0.0,4,False,True
100000006351075100,,0.0,-1,0.0,,1,0,40000.0,0.0,0.00029238842661113534,0.0,4,False,True
100000005616568100,,0.0,-1,0.0,,1,0,530000.0,0.0,0.00043385516839323363,0.0,4,False,True
100000006381453100,,0.0,-1,0.0,,1,0,45000.0,0.0,0.0005787091993217524,0.0,4,False,True
100000004616845100,,0.0,-1,0.0,,1,0,20200.0,0.0,0.0002901111748475803,0.0,4,False,True
100000004908173100,,0.0,-1,0.0,,1,0,21000.0,0.0,0.00032226599501557874,0.0,4,False,True
100000004433250100,,0.0,-1,0.0,,1,0,8000.0,0.0,0.00030793930150589785,0.0,4,False,True
100000003664994100,,0.0,-1,0.0,,1,0,338271.0,0.0,0.00039283565744491,0.0,4,False,True
100000004673335100,,0.0,-1,0.0,,1,0,80000.0,0.0,0.0004962127063303447,0.0,4,False,True
100000002487222100,,0.0,-1,0.0,,1,0,90000.0,0.0,0.0003118121876461357,0.0,4,False,True
100000000018102100,,0.0,-1,0.0,,1,0,7000.0,0.0,0.00032182986973917867,0.0,4,False,True
100000008638859100,,0.0,-1,0.0,,1,0,34000.0,0.0,0.0005419497123214291,0.0,4,False,True
100000001131403100,,0.0,-1,0.0,,1,0,1570000.0,0.0,0.0005404057294243347,0.0,4,False,True
100000001733216100,,0.0,-1,0.0,,1,0,60000.0,0.0,0.00040945353341038953,0.0,4,False,True
100000004400480100,,0.0,-1,0.0,,1,0,21700.0,0.0,0.00048669684169717523,0.0,4,False,True
100000007539296100,,0.0,-1,0.0,,1,0,46000.0,0.0,0.00055975268698061,0.0,4,False,True
100000008757301100,,0.0,-1,0.0,,1,0,58398.0,0.0,0.0005328706296787659,0.0,4,False,True
100000002752565100,,0.0,-1,0.0,,1,0,57000.0,0.0,0.0003397357225305441,0.0,4,False,True
100000002734815100,,0.0,-1,0.0,,1,0,110000.0,0.0,0.00031358903766222357,0.0,4,False,True
100000008333492100,,0.0,-1,0.0,,1,0,216400.0,0.0,0.00043994092998647763,0.0,4,False,True
100000006527156100,,0.0,-1,0.0,,1,0,48500.0,0.0,0.0002974010264861379,0.0,4,False,True
100000003448713100,,0.0,-1,0.0,,1,0,266750.0,0.0,0.00030481011720566263,0.0,4,False,True
100000004780083100,,0.0,-1,0.0,,1,0,9999.0,0.0,0.00029469790452557316,0.0,4,False,True
100000004798515100,,0.0,-1,0.0,,1,0,200000.0,0.0,0.0003654469481437737,0.0,4,False,True
100000004232712100,,0.0,-1,0.0,,1,0,12500.0,0.0,0.0005315954812987943,0.0,4,False,True
100000005209352100,,0.0,-1,0.0,,1,0,5000.0,0.0,0.0004221278003184261,0.0,4,False,True
100000000561160100,,0.0,-1,0.0,,1,0,240000.0,0.0,0.0004381643803221751,0.0,4,False,True
100000003568904100,,0.0,-1,0.0,,1,0,49000.0,0.0,0.0005340597144097787,0.0,4,False,True
100000000470237100,,0.0,-1,0.0,,1,0,32500.0,0.0,0.0005874891550959069,0.0,4,False,True
100000008560263100,,0.0,-1,0.0,,1,0,100000.0,0.0,0.0003145858917540243,0.0,4,False,True
100000000542087100,,0.0,-1,0.0,,1,0,8506.91,0.0,0.00028769776072608153,0.0,4,False,True
100000004403548100,,0.0,-1,0.0,,1,0,5000.0,0.0,0.0003694957251542558,0.0,4,False,True
100000003010908100,,0.0,-1,0.0,,1,0,17000.0,0.0,0.00040117257173756396,0.0,4,False,True
100000006756956100,,0.0,-1,0.0,,1,0,121200.0,0.0,0.0003123319213225381,0.0,4,False,True
100000007357489100,,0.0,-1,0.0,,2,0,164500.0,0.0,0.00031435760399259007,0.0,4,False,True
100000002599729100,,0.0,-1,0.0,,1,0,65000.0,0.0,0.0004879195236215622,0.0,4,False,True
100000005849862100,,0.0,-1,0.0,,1,0,13000.0,0.0,0.0005508281363852524,0.0,4,False,True
100000008762843100,,0.0,-1,0.0,,1,0,7000.0,0.0,0.00028855049893795285,0.0,4,False,True
100000002723674100,,0.0,-1,0.0,,1,0,30000.0,0.0,0.00032862044360867546,0.0,4,False,True
100000008758106100,,0.0,-1,0.0,,1,0,10000.0,0.0,0.0002881700501369181,0.0,4,False,True
100000001286703100,,0.0,-1,0.0,,1,0,20500.0,0.0,0.0002885264901584046,0.0,4,False,True
