gid,role,role_score,cluster_id,priority_score,evidence
100000000011452100,consolidator,0.738312,1,0.581287,"Признаки консолидации: 3 наблюдаемых отправителей, 7 seed-веток, входящий объём 110000 KZT."
100000000018102100,peripheral,0.444695,2,0.180847,Выраженные признаки функциональной роли по наблюдаемым данным не выявлены. Граница наблюдения depth=4 ограничивает выводы.
100000000031787100,distributor,0.794197,3,0.419539,"Признаки распределения: 2 наблюдаемых получателей, исходящий объём 90000 KZT."
100000000041368100,terminal,0.858811,4,0.514294,Признаки конечного получателя: наблюдаемый входящий объём 160000 KZT; нет наблюдаемых исходящих переводов.
100000000076451100,distributor,0.856833,5,0.562798,"Признаки распределения: 4 наблюдаемых получателей, исходящий объём 58000 KZT."
100000000089154100,distributor,0.968949,6,0.571561,"Признаки распределения: 15 наблюдаемых получателей, исходящий объём 425500 KZT."
100000000190228100,coordinator,0.717787,3,0.576887,"Структурно значимый узел: процентили PageRank 0.79, betweenness 0.79 в своей depth-группе; 8 seed-веток."
100000000201868100,distributor,0.709870,5,0.509875,"Признаки распределения: 1 наблюдаемых получателей, исходящий объём 190000 KZT."
100000000254336100,distributor,0.756187,7,0.494064,"Признаки распределения: 1 наблюдаемых получателей, исходящий объём 60000 KZT."
100000000267734100,distributor,0.937102,3,0.524400,"Признаки распределения: 7 наблюдаемых получателей, исходящий объём 282000 KZT."
100000000274067100,distributor,0.906051,3,0.535658,"Признаки распределения: 3 наблюдаемых получателей, исходящий объём 2969000 KZT."
100000000287768100,terminal,0.711929,8,0.316367,Признаки конечного получателя: наблюдаемый входящий объём 35168 KZT; нет наблюдаемых исходящих переводов.
100000000288317100,distributor,0.893242,2,0.561793,"Признаки распределения: 3 наблюдаемых получателей, исходящий объём 53500 KZT."
100000000291906100,distributor,0.819685,1,0.587885,"Признаки распределения: 2 наблюдаемых получателей, исходящий объём 455854 KZT."
100000000291908100,distributor,0.729537,1,0.558385,"Признаки распределения: 1 наблюдаемых получателей, исходящий объём 13300 KZT."
100000000297649100,distributor,0.693330,9,0.537793,"Признаки распределения: 1 наблюдаемых получателей, исходящий объём 70600 KZT."
100000000299820100,peripheral,0.408578,1,0.209187,Выраженные признаки функциональной роли по наблюдаемым данным не выявлены. Граница наблюдения depth=4 ограничивает выводы.
100000000307908100,peripheral,0.493492,10,0.095282,Выраженные признаки функциональной роли по наблюдаемым данным не выявлены.
100000000331309100,distributor,0.998373,8,0.660380,"Признаки распределения: 99 наблюдаемых получателей, исходящий объём 23001375 KZT."
100000000332284100,distributor,0.861985,6,0.585510,"Признаки распределения: 3 наблюдаемых получателей, исходящий объём 289500 KZT."
100000000343175100,distributor,0.948438,11,0.689500,"Признаки распределения: 31 наблюдаемых получателей, исходящий объём 4000039 KZT."
100000000369781100,peripheral,0.489278,8,0.199106,Выраженные признаки функциональной роли по наблюдаемым данным не выявлены. Граница наблюдения depth=4 ограничивает выводы.
100000000375150100,consolidator,0.819300,4,0.710558,"Признаки консолидации: 1 наблюдаемых отправителей, 10 seed-веток, входящий объём 300000 KZT. Граница наблюдения depth=4 ограничивает выводы."
100000000404740100,peripheral,0.283860,12,0.260799,Выраженные признаки функциональной роли по наблюдаемым данным не выявлены. Граница наблюдения depth=4 ограничивает выводы.
100000000408846100,terminal,0.726523,13,0.341656,Признаки конечного получателя: наблюдаемый входящий объём 40500 KZT; нет наблюдаемых исходящих переводов.
100000000413678100,distributor,0.931313,2,0.605241,"Признаки распределения: 3 наблюдаемых получателей, исходящий объём 528198 KZT."
100000000424935100,peripheral,0.357223,14,0.192317,Выраженные признаки функциональной роли по наблюдаемым данным не выявлены. Граница наблюдения depth=4 ограничивает выводы.
100000000425407100,terminal,0.604121,6,0.277896,Признаки конечного получателя: наблюдаемый входящий объём 20000 KZT; нет наблюдаемых исходящих переводов.
100000000437046100,distributor,0.991866,8,0.655564,"Признаки распределения: 42 наблюдаемых получателей, исходящий объём 7606224 KZT."
100000000440392100,terminal,0.819533,5,0.405860,Признаки конечного получателя: наблюдаемый входящий объём 105705 KZT; нет наблюдаемых исходящих переводов.
100000000456947100,peripheral,0.644531,15,0.167441,Выраженные признаки функциональной роли по наблюдаемым данным не выявлены.
100000000470237100,consolidator,0.560666,5,0.428245,"Признаки консолидации: 1 наблюдаемых отправителей, 7 seed-веток, входящий объём 32500 KZT. Граница наблюдения depth=4 ограничивает выводы."
100000000481716100,peripheral,0.464911,16,0.245747,Выраженные признаки функциональной роли по наблюдаемым данным не выявлены.
100000000489417100,distributor,0.696584,1,0.503351,"Признаки распределения: 1 наблюдаемых получателей, исходящий объём 80000 KZT."
100000000490383100,distributor,0.921095,5,0.595954,"Признаки распределения: 8 наблюдаемых получателей, исходящий объём 461375 KZT."
100000000500040100,peripheral,0.315463,6,0.206352,Выраженные признаки функциональной роли по наблюдаемым данным не выявлены. Граница наблюдения depth=4 ограничивает выводы.
100000000507799100,distributor,0.703556,17,0.394331,"Признаки распределения: 1 наблюдаемых получателей, исходящий объём 8000 KZT."
100000000533217100,terminal,0.746204,1,0.376632,Признаки конечного получателя: наблюдаемый входящий объём 53587 KZT; нет наблюдаемых исходящих переводов.
100000000534581100,distributor,0.747145,1,0.485898,"Признаки распределения: 1 наблюдаемых получателей, исходящий объём 40000 KZT."
100000000542087100,peripheral,0.432280,8,0.157263,Выраженные признаки функциональной роли по наблюдаемым данным не выявлены. Граница наблюдения depth=4 ограничивает выводы.
100000000552584100,terminal,0.790717,9,0.412569,Признаки конечного получателя: наблюдаемый входящий объём 2500000 KZT; наблюдаемый исходящий объём 57500 KZT.
100000000555721100,terminal,0.825902,1,0.419777,Признаки конечного получателя: наблюдаемый входящий объём 113000 KZT; нет наблюдаемых исходящих переводов.
100000000557536100,consolidator,0.636005,8,0.443228,"Признаки консолидации: 1 наблюдаемых отправителей, 7 seed-веток, входящий объём 153000 KZT. Граница наблюдения depth=4 ограничивает выводы."
100000000560751100,terminal,0.663388,6,0.351788,Признаки конечного получателя: наблюдаемый входящий объём 25000 KZT; нет наблюдаемых исходящих переводов.
100000000561160100,consolidator,0.651806,1,0.486738,"Признаки консолидации: 1 наблюдаемых отправителей, 7 seed-веток, входящий объём 240000 KZT. Граница наблюдения depth=4 ограничивает выводы."
100000000569479100,terminal,0.929886,2,0.463907,Признаки конечного получателя: наблюдаемый входящий объём 320000 KZT; нет наблюдаемых исходящих переводов.
100000000572276100,distributor,0.744131,18,0.323388,"Признаки распределения: 1 наблюдаемых получателей, исходящий объём 34547 KZT."
100000000580561100,distributor,0.785938,19,0.511750,"Признаки распределения: 3 наблюдаемых получателей, исходящий объём 1488077 KZT."
100000000581662100,peripheral,0.295711,20,0.119910,Выраженные признаки функциональной роли по наблюдаемым данным не выявлены. Граница наблюдения depth=4 ограничивает выводы.
100000000581682100,peripheral,0.489278,14,0.149501,Выраженные признаки функциональной роли по наблюдаемым данным не выявлены. Граница наблюдения depth=4 ограничивает выводы.
100000000583220100,distributor,0.794575,2,0.557671,"Признаки распределения: 1 наблюдаемых получателей, исходящий объём 761255 KZT."
100000000594783100,distributor,0.873572,9,0.515955,"Признаки распределения: 2 наблюдаемых получателей, исходящий объём 152500 KZT."
100000000596954100,distributor,0.780640,4,0.634479,"Признаки распределения: 2 наблюдаемых получателей, исходящий объём 48100 KZT."
100000000600707100,peripheral,0.150113,21,0.192421,Выраженные признаки функциональной роли по наблюдаемым данным не выявлены. Граница наблюдения depth=4 ограничивает выводы.
100000000607731100,distributor,0.733811,22,0.411837,"Признаки распределения: 1 наблюдаемых получателей, исходящий объём 66666 KZT."
100000000607941100,distributor,0.692245,5,0.504751,"Признаки распределения: 1 наблюдаемых получателей, исходящий объём 70000 KZT."
100000000608031100,consolidator,0.554176,23,0.413770,"Признаки консолидации: 1 наблюдаемых отправителей, 7 seed-веток, входящий объём 30000 KZT. Граница наблюдения depth=4 ограничивает выводы."
100000000611474100,terminal,0.701777,1,0.368772,Признаки конечного получателя: наблюдаемый входящий объём 32000 KZT; нет наблюдаемых исходящих переводов.
100000000625169100,peripheral,0.457158,24,0.090637,Выраженные признаки функциональной роли по наблюдаемым данным не выявлены.
100000000627521100,peripheral,0.453160,8,0.151261,Выраженные признаки функциональной роли по наблюдаемым данным не выявлены. Граница наблюдения depth=4 ограничивает выводы.
100000000629812100,consolidator,0.727115,25,0.517782,"Признаки консолидации: 2 наблюдаемых отправителей, 10 seed-веток, входящий объём 22000 KZT."
100000000634341100,peripheral,0.290068,8,0.258200,Выраженные признаки функциональной роли по наблюдаемым данным не выявлены. Граница наблюдения depth=4 ограничивает выводы.
100000000640800100,distributor,0.947652,26,0.608877,"Признаки распределения: 4 наблюдаемых получателей, исходящий объём 518135 KZT."
100000000646541100,consolidator,0.641432,6,0.431556,"Признаки консолидации: 3 наблюдаемых отправителей, 7 seed-веток, входящий объём 25300 KZT."
100000000655469100,peripheral,0.315463,25,0.220065,Выраженные признаки функциональной роли по наблюдаемым данным не выявлены. Граница наблюдения depth=4 ограничивает выводы.
100000000656682100,distributor,0.862468,7,0.518477,"Признаки распределения: 2 наблюдаемых получателей, исходящий объём 80000 KZT."
100000000661131100,terminal,0.588515,18,0.156766,Признаки конечного получателя: наблюдаемый входящий объём 15600 KZT; нет наблюдаемых исходящих переводов.
100000000661912100,coordinator,0.873461,1,0.721466,"Структурно значимый узел: процентили PageRank 0.98, betweenness 0.99 в своей depth-группе; 7 seed-веток."
100000000667713100,distributor,0.909501,5,0.587070,"Признаки распределения: 6 наблюдаемых получателей, исходящий объём 79236 KZT."
100000000673868100,distributor,0.956060,20,0.654581,"Признаки распределения: 5 наблюдаемых получателей, исходящий объём 383000 KZT."
100000000673915100,peripheral,0.301919,8,0.192537,Выраженные признаки функциональной роли по наблюдаемым данным не выявлены. Граница наблюдения depth=4 ограничивает выводы.
100000000703894100,distributor,0.721072,22,0.436725,"Признаки распределения: 1 наблюдаемых получателей, исходящий объём 35000 KZT."
100000000703902100,terminal,0.623142,27,0.212203,Признаки конечного получателя: наблюдаемый входящий объём 25499 KZT; нет наблюдаемых исходящих переводов.
100000000704700100,peripheral,0.408578,28,0.116524,Выраженные признаки функциональной роли по наблюдаемым данным не выявлены. Граница наблюдения depth=4 ограничивает выводы.
100000000706545100,consolidator,0.828827,5,0.673807,"Признаки консолидации: 3 наблюдаемых отправителей, 7 seed-веток, входящий объём 1070300 KZT."
100000000718427100,peripheral,0.483731,24,0.085895,Выраженные признаки функциональной роли по наблюдаемым данным не выявлены.
100000000723383100,distributor,0.790401,25,0.502278,"Признаки распределения: 2 наблюдаемых получателей, исходящий объём 75000 KZT."
100000000724540100,distributor,0.699837,29,0.537077,"Признаки распределения: 1 наблюдаемых получателей, исходящий объём 100000 KZT."
100000000733373100,terminal,0.555315,5,0.260081,Признаки конечного получателя: наблюдаемый входящий объём 10710 KZT; нет наблюдаемых исходящих переводов.
100000000733451100,coordinator,0.810533,4,0.764655,"Структурно значимый узел: процентили PageRank 0.88, betweenness 0.87 в своей depth-группе; 10 seed-веток."
100000000733940100,consolidator,0.678330,30,0.507562,"Признаки консолидации: 1 наблюдаемых отправителей, 7 seed-веток, входящий объём 752000 KZT. Граница наблюдения depth=4 ограничивает выводы."
100000000737152100,consolidator,0.564334,7,0.395993,"Признаки консолидации: 1 наблюдаемых отправителей, 7 seed-веток, входящий объём 35000 KZT. Граница наблюдения depth=4 ограничивает выводы."
100000000749118100,distributor,0.732392,7,0.407928,"Признаки распределения: 1 наблюдаемых получателей, исходящий объём 16500 KZT."
100000000764836100,distributor,0.853109,1,0.574860,"Признаки распределения: 2 наблюдаемых получателей, исходящий объём 50000 KZT."
100000000765628100,peripheral,0.493492,5,0.202278,Выраженные признаки функциональной роли по наблюдаемым данным не выявлены.
100000000769919100,terminal,0.917028,31,0.357286,Признаки конечного получателя: наблюдаемый входящий объём 250000 KZT; нет наблюдаемых исходящих переводов.
100000000782285100,peripheral,0.477157,1,0.235923,Выраженные признаки функциональной роли по наблюдаемым данным не выявлены.
100000000783406100,peripheral,0.478109,23,0.204034,Выраженные признаки функциональной роли по наблюдаемым данным не выявлены.
100000000785800100,distributor,0.665672,32,0.305233,"Признаки распределения: 1 наблюдаемых получателей, исходящий объём 19000 KZT."
100000000790311100,terminal,0.710412,5,0.315998,Признаки конечного получателя: наблюдаемый входящий объём 46300 KZT; нет наблюдаемых исходящих переводов.
100000000791285100,distributor,0.933534,13,0.640466,"Признаки распределения: 3 наблюдаемых получателей, исходящий объём 650000 KZT."
100000000795033100,terminal,0.596529,7,0.310060,Признаки конечного получателя: наблюдаемый входящий объём 18200 KZT; нет наблюдаемых исходящих переводов.
100000000795129100,terminal,0.931670,5,0.436323,Признаки конечного получателя: наблюдаемый входящий объём 332000 KZT; нет наблюдаемых исходящих переводов.
100000000795374100,terminal,0.753173,1,0.353677,Признаки конечного получателя: наблюдаемый входящий объём 50000 KZT; нет наблюдаемых исходящих переводов.
100000000802149100,terminal,0.825508,8,0.384524,Признаки конечного получателя: наблюдаемый входящий объём 104128 KZT; нет наблюдаемых исходящих переводов.
100000000803368100,consolidator,0.632054,16,0.487077,"Признаки консолидации: 1 наблюдаемых отправителей, 7 seed-веток, входящий объём 139503 KZT. Граница наблюдения depth=4 ограничивает выводы."
100000000806727100,distributor,0.650759,26,0.519008,"Признаки распределения: 1 наблюдаемых получателей, исходящий объём 5000 KZT."
100000000810551100,coordinator,0.782909,4,0.657511,"Структурно значимый узел: процентили PageRank 0.58, betweenness 0.87 в своей depth-группе; 10 seed-веток."
100000000817146100,terminal,0.762208,5,0.471847,Признаки конечного получателя: наблюдаемый входящий объём 70020 KZT; нет наблюдаемых исходящих переводов.
100000000821507100,terminal,0.947939,20,0.433964,Признаки конечного получателя: наблюдаемый входящий объём 400000 KZT; нет наблюдаемых исходящих переводов.
100000000831684100,distributor,0.685738,9,0.364387,"Признаки распределения: 1 наблюдаемых получателей, исходящий объём 50000 KZT."
100000000838385100,distributor,0.877379,5,0.618423,"Признаки распределения: 2 наблюдаемых получателей, исходящий объём 177500 KZT."
100000000850297100,distributor,0.665130,33,0.275575,"Признаки распределения: 1 наблюдаемых получателей, исходящий объём 17520 KZT."
100000000860514100,distributor,0.751269,12,0.487078,"Признаки распределения: 1 наблюдаемых получателей, исходящий объём 50000 KZT."
100000000861294100,terminal,0.859544,34,0.291608,Признаки конечного получателя: наблюдаемый входящий объём 150000 KZT; нет наблюдаемых исходящих переводов.
100000000870121100,terminal,0.564404,2,0.296451,Признаки конечного получателя: наблюдаемый входящий объём 12000 KZT; нет наблюдаемых исходящих переводов.
100000000878006100,terminal,0.743020,8,0.321992,Признаки конечного получателя: наблюдаемый входящий объём 47003 KZT; нет наблюдаемых исходящих переводов.
100000000896111100,terminal,0.920051,9,0.349857,Признаки конечного получателя: наблюдаемый входящий объём 287100 KZT; нет наблюдаемых исходящих переводов.
100000000907277100,terminal,0.567410,27,0.184217,Признаки конечного получателя: наблюдаемый входящий объём 17534 KZT; нет наблюдаемых исходящих переводов.
100000000910216100,distributor,0.687364,6,0.480152,"Признаки распределения: 1 наблюдаемых получателей, исходящий объём 52010 KZT."
100000000912487100,peripheral,0.456020,6,0.277706,Выраженные признаки функциональной роли по наблюдаемым данным не выявлены.
100000000913911100,distributor,0.727495,4,0.543715,"Признаки распределения: 1 наблюдаемых получателей, исходящий объём 600000 KZT."
100000000917179100,terminal,0.816703,16,0.387451,Признаки конечного получателя: наблюдаемый входящий объём 94465 KZT; нет наблюдаемых исходящих переводов.
100000000922570100,distributor,0.729034,9,0.388158,"Признаки распределения: 1 наблюдаемых получателей, исходящий объём 50000 KZT."
100000000926078100,consolidator,0.653499,1,0.494018,"Признаки консолидации: 1 наблюдаемых отправителей, 7 seed-веток, входящий объём 250000 KZT. Граница наблюдения depth=4 ограничивает выводы."
100000000926766100,distributor,0.718909,12,0.415828,"Признаки распределения: 1 наблюдаемых получателей, исходящий объём 6000 KZT."
100000000933075100,distributor,0.855330,9,0.637941,"Признаки распределения: 2 наблюдаемых получателей, исходящий объём 55000 KZT."
100000000941942100,terminal,0.841826,4,0.502447,Признаки конечного получателя: наблюдаемый входящий объём 130000 KZT; нет наблюдаемых исходящих переводов.
100000000942301100,terminal,0.774746,1,0.369486,Признаки конечного получателя: наблюдаемый входящий объём 57580 KZT; нет наблюдаемых исходящих переводов.
100000000943371100,consolidator,0.582213,4,0.471871,"Признаки консолидации: 1 наблюдаемых отправителей, 10 seed-веток, входящий объём 15500 KZT."
100000000945428100,terminal,0.794055,1,0.404490,Признаки конечного получателя: наблюдаемый входящий объём 89629 KZT; нет наблюдаемых исходящих переводов.
100000000954884100,terminal,0.707170,23,0.348752,Признаки конечного получателя: наблюдаемый входящий объём 34000 KZT; нет наблюдаемых исходящих переводов.
100000000955444100,peripheral,0.478308,19,0.121931,Выраженные признаки функциональной роли по наблюдаемым данным не выявлены.
100000000955529100,distributor,0.757138,4,0.479397,"Признаки распределения: 1 наблюдаемых получателей, исходящий объём 63500 KZT."
100000000957746100,peripheral,0.472348,23,0.180398,Выраженные признаки функциональной роли по наблюдаемым данным не выявлены. Граница наблюдения depth=4 ограничивает выводы.
100000000961900100,terminal,0.665605,1,0.336831,Признаки конечного получателя: наблюдаемый входящий объём 36000 KZT; нет наблюдаемых исходящих переводов.
100000000967918100,terminal,0.612256,7,0.311369,Признаки конечного получателя: наблюдаемый входящий объём 21200 KZT; нет наблюдаемых исходящих переводов.
100000000968253100,peripheral,0.454352,27,0.117951,Выраженные признаки функциональной роли по наблюдаемым данным не выявлены.
100000000971908100,terminal,0.805857,34,0.260607,Признаки конечного получателя: наблюдаемый входящий объём 89000 KZT; нет наблюдаемых исходящих переводов.
100000000976943100,distributor,0.761580,6,0.619343,"Признаки распределения: 1 наблюдаемых получателей, исходящий объём 84000 KZT."
100000000978041100,terminal,0.692144,27,0.253206,Признаки конечного получателя: наблюдаемый входящий объём 44445 KZT; нет наблюдаемых исходящих переводов.
100000000979567100,peripheral,0.457158,27,0.141315,Выраженные признаки функциональной роли по наблюдаемым данным не выявлены.
100000000979923100,terminal,0.808386,11,0.453824,Признаки конечного получателя: наблюдаемый входящий объём 97900 KZT; нет наблюдаемых исходящих переводов.
100000000981693100,peripheral,0.341422,7,0.231730,Выраженные признаки функциональной роли по наблюдаемым данным не выявлены. Граница наблюдения depth=4 ограничивает выводы.
100000000993112100,terminal,0.854664,6,0.474409,Признаки конечного получателя: наблюдаемый входящий объём 141000 KZT; нет наблюдаемых исходящих переводов.
100000000998559100,terminal,0.812633,4,0.490464,Признаки конечного получателя: наблюдаемый входящий объём 100000 KZT; нет наблюдаемых исходящих переводов.
100000001009583100,terminal,0.943528,8,0.445286,Признаки конечного получателя: наблюдаемый входящий объём 393740 KZT; нет наблюдаемых исходящих переводов.
100000001046057100,terminal,0.798858,35,0.392157,Признаки конечного получателя: наблюдаемый входящий объём 83420 KZT; нет наблюдаемых исходящих переводов.
100000001046626100,terminal,0.858820,8,0.389592,Признаки конечного получателя: наблюдаемый входящий объём 150000 KZT; нет наблюдаемых исходящих переводов.
100000001049200100,distributor,0.869427,5,0.556274,"Признаки распределения: 4 наблюдаемых получателей, исходящий объём 36000 KZT."
100000001052789100,terminal,0.786802,2,0.371399,Признаки конечного получателя: наблюдаемый входящий объём 70975 KZT; нет наблюдаемых исходящих переводов.
100000001052945100,distributor,0.940831,16,0.615425,"Признаки распределения: 3 наблюдаемых получателей, исходящий объём 1595700 KZT."
100000001053894100,consolidator,0.686230,8,0.518567,"Признаки консолидации: 1 наблюдаемых отправителей, 7 seed-веток, входящий объём 2000000 KZT. Граница наблюдения depth=4 ограничивает выводы."
100000001056414100,terminal,0.906726,20,0.348947,Признаки конечного получателя: наблюдаемый входящий объём 250000 KZT; нет наблюдаемых исходящих переводов.
100000001063678100,distributor,0.865324,36,0.550904,"Признаки распределения: 2 наблюдаемых получателей, исходящий объём 90000 KZT."
100000001065234100,consolidator,0.665350,5,0.517551,"Признаки консолидации: 1 наблюдаемых отправителей, 7 seed-веток, входящий объём 360000 KZT. Граница наблюдения depth=4 ограничивает выводы."
100000001065481100,peripheral,0.345372,2,0.223442,Выраженные признаки функциональной роли по наблюдаемым данным не выявлены. Граница наблюдения depth=4 ограничивает выводы.
100000001066017100,distributor,0.918782,7,0.570682,"Признаки распределения: 4 наблюдаемых получателей, исходящий объём 82500 KZT."
100000001072022100,terminal,0.994692,4,0.595536,Признаки конечного получателя: наблюдаемый входящий объём 1684000 KZT; нет наблюдаемых исходящих переводов.
100000001073568100,distributor,0.879600,16,0.608582,"Признаки распределения: 2 наблюдаемых получателей, исходящий объём 219503 KZT."
100000001074553100,terminal,0.636943,3,0.269427,Признаки конечного получателя: наблюдаемый входящий объём 28971 KZT; нет наблюдаемых исходящих переводов.
100000001083990100,terminal,0.719089,9,0.424382,Признаки конечного получателя: наблюдаемый входящий объём 49900 KZT; нет наблюдаемых исходящих переводов.
100000001089055100,peripheral,0.379233,23,0.199910,Выраженные признаки функциональной роли по наблюдаемым данным не выявлены. Граница наблюдения depth=4 ограничивает выводы.
100000001102676100,distributor,0.685738,6,0.526697,"Признаки распределения: 1 наблюдаемых получателей, исходящий объём 50000 KZT."
100000001103905100,terminal,0.573248,27,0.186996,Признаки конечного получателя: наблюдаемый входящий объём 18000 KZT; нет наблюдаемых исходящих переводов.
100000001110358100,terminal,0.701777,1,0.326704,Признаки конечного получателя: наблюдаемый входящий объём 32000 KZT; нет наблюдаемых исходящих переводов.
100000001111763100,terminal,0.563163,27,0.181415,Признаки конечного получателя: наблюдаемый входящий объём 17144 KZT; нет наблюдаемых исходящих переводов.
100000001114385100,terminal,0.654013,1,0.283167,Признаки конечного получателя: наблюдаемый входящий объём 29500 KZT; нет наблюдаемых исходящих переводов.
100000001126374100,distributor,0.796975,7,0.556162,"Признаки распределения: 2 наблюдаемых получателей, исходящий объём 29200 KZT."
100000001130176100,terminal,0.663388,7,0.352073,Признаки конечного получателя: наблюдаемый входящий объём 25000 KZT; нет наблюдаемых исходящих переводов.
100000001130553100,peripheral,0.330135,1,0.244935,Выраженные признаки функциональной роли по наблюдаемым данным не выявлены. Граница наблюдения depth=4 ограничивает выводы.
100000001131403100,consolidator,0.684537,16,0.530756,"Признаки консолидации: 1 наблюдаемых отправителей, 7 seed-веток, входящий объём 1570000 KZT. Граница наблюдения depth=4 ограничивает выводы."
100000001138283100,distributor,0.853109,1,0.523512,"Признаки распределения: 2 наблюдаемых получателей, исходящий объём 50000 KZT."
100000001138376100,terminal,0.579176,5,0.252890,Признаки конечного получателя: наблюдаемый входящий объём 15300 KZT; нет наблюдаемых исходящих переводов.
100000001140785100,terminal,0.892766,29,0.516732,Признаки конечного получателя: наблюдаемый входящий объём 215000 KZT; нет наблюдаемых исходящих переводов.
100000001141268100,consolidator,0.927142,29,0.782707,"Признаки консолидации: 2 наблюдаемых отправителей, 9 seed-веток, входящий объём 480000 KZT."
100000001145749100,coordinator,0.644353,4,0.538150,"Структурно значимый узел: процентили PageRank 0.85, betweenness 0.34 в своей depth-группе; 10 seed-веток."
100000001149815100,terminal,0.564404,18,0.145182,Признаки конечного получателя: наблюдаемый входящий объём 12000 KZT; нет наблюдаемых исходящих переводов.
100000001155773100,terminal,0.633883,18,0.179689,Признаки конечного получателя: наблюдаемый входящий объём 21500 KZT; нет наблюдаемых исходящих переводов.
100000001160401100,terminal,0.744607,1,0.360468,Признаки конечного получателя: наблюдаемый входящий объём 47190 KZT; нет наблюдаемых исходящих переводов.
100000001162560100,distributor,0.980361,29,0.545372,"Признаки распределения: 12 наблюдаемых получателей, исходящий объём 2904398 KZT."
100000001164648100,consolidator,0.575053,37,0.372675,"Признаки консолидации: 2 наблюдаемых отправителей, 7 seed-веток, входящий объём 13660 KZT."
100000001166289100,terminal,0.768255,24,0.367950,Признаки конечного получателя: наблюдаемый входящий объём 721039 KZT; наблюдаемый исходящий объём 25000 KZT.
100000001169666100,consolidator,0.742353,33,0.681668,"Признаки консолидации: 1 наблюдаемых отправителей, 9 seed-веток, входящий объём 220000 KZT."
100000001184915100,terminal,0.896963,5,0.414555,Признаки конечного получателя: наблюдаемый входящий объём 201000 KZT; нет наблюдаемых исходящих переводов.
100000001194266100,terminal,0.714968,4,0.438187,Признаки конечного получателя: наблюдаемый входящий объём 50000 KZT; нет наблюдаемых исходящих переводов.
100000001202637100,consolidator,0.633521,33,0.524312,"Признаки консолидации: 1 наблюдаемых отправителей, 9 seed-веток, входящий объём 10000 KZT. Граница наблюдения depth=4 ограничивает выводы."
100000001202787100,consolidator,0.653837,6,0.388646,"Признаки консолидации: 2 наблюдаемых отправителей, 7 seed-веток, входящий объём 14850 KZT. Граница наблюдения depth=4 ограничивает выводы."
100000001220124100,consolidator,0.569977,1,0.428837,"Признаки консолидации: 1 наблюдаемых отправителей, 7 seed-веток, входящий объём 40000 KZT. Граница наблюдения depth=4 ограничивает выводы."
100000001222245100,consolidator,0.669300,8,0.521445,"Признаки консолидации: 1 наблюдаемых отправителей, 7 seed-веток, входящий объём 420000 KZT. Граница наблюдения depth=4 ограничивает выводы."
100000001222263100,distributor,0.787912,8,0.569635,"Признаки распределения: 1 наблюдаемых получателей, исходящий объём 420000 KZT."
100000001223977100,distributor,0.733661,4,0.559565,"Признаки распределения: 1 наблюдаемых получателей, исходящий объём 18000 KZT."
100000001227106100,terminal,0.868020,8,0.395974,Признаки конечного получателя: наблюдаемый входящий объём 164765 KZT; нет наблюдаемых исходящих переводов.
100000001229743100,distributor,0.721447,1,0.395022,"Признаки распределения: 1 наблюдаемых получателей, исходящий объём 9000 KZT."
100000001232297100,distributor,0.777928,4,0.508802,"Признаки распределения: 2 наблюдаемых получателей, исходящий объём 45000 KZT."
100000001236706100,coordinator,0.858820,1,0.632091,"Структурно значимый узел: процентили PageRank 0.95, betweenness 0.91 в своей depth-группе; 7 seed-веток."
100000001241318100,terminal,0.744035,1,0.366903,Признаки конечного получателя: наблюдаемый входящий объём 53000 KZT; нет наблюдаемых исходящих переводов.
100000001246806100,consolidator,0.781659,29,0.650694,"Признаки консолидации: 1 наблюдаемых отправителей, 9 seed-веток, входящий объём 130000 KZT. Граница наблюдения depth=4 ограничивает выводы."
100000001248999100,terminal,0.647208,23,0.293163,Признаки конечного получателя: наблюдаемый входящий объём 23425 KZT; нет наблюдаемых исходящих переводов.
100000001249054100,peripheral,0.337472,33,0.189904,Выраженные признаки функциональной роли по наблюдаемым данным не выявлены. Граница наблюдения depth=4 ограничивает выводы.
100000001250022100,terminal,0.728308,34,0.224921,Признаки конечного получателя: наблюдаемый входящий объём 50000 KZT; нет наблюдаемых исходящих переводов.
100000001251686100,terminal,0.592733,6,0.356239,Признаки конечного получателя: наблюдаемый входящий объём 18000 KZT; нет наблюдаемых исходящих переводов.
100000001252290100,distributor,0.715102,8,0.474591,"Признаки распределения: 1 наблюдаемых получателей, исходящий объём 5000 KZT."
100000001253557100,consolidator,0.912633,2,0.686476,"Признаки консолидации: 5 наблюдаемых отправителей, 10 seed-веток, входящий объём 210200 KZT."
100000001256409100,peripheral,0.435666,26,0.115034,Выраженные признаки функциональной роли по наблюдаемым данным не выявлены. Граница наблюдения depth=4 ограничивает выводы.
100000001262647100,terminal,0.620390,5,0.284159,Признаки конечного получателя: наблюдаемый входящий объём 23650 KZT; нет наблюдаемых исходящих переводов.
100000001270349100,terminal,0.887056,34,0.331412,Признаки конечного получателя: наблюдаемый входящий объём 200000 KZT; нет наблюдаемых исходящих переводов.
100000001270470100,consolidator,0.550790,1,0.394639,"Признаки консолидации: 1 наблюдаемых отправителей, 7 seed-веток, входящий объём 28300 KZT. Граница наблюдения depth=4 ограничивает выводы."
100000001273783100,terminal,0.619306,33,0.184176,Признаки конечного получателя: наблюдаемый входящий объём 23200 KZT; нет наблюдаемых исходящих переводов.
100000001275557100,peripheral,0.315463,36,0.220742,Выраженные признаки функциональной роли по наблюдаемым данным не выявлены. Граница наблюдения depth=4 ограничивает выводы.
100000001275752100,terminal,0.861675,29,0.500194,Признаки конечного получателя: наблюдаемый входящий объём 151500 KZT; нет наблюдаемых исходящих переводов.
100000001276409100,consolidator,0.613995,33,0.435271,"Признаки консолидации: 1 наблюдаемых отправителей, 7 seed-веток, входящий объём 94760 KZT. Граница наблюдения depth=4 ограничивает выводы."
100000001279272100,distributor,0.872303,8,0.584036,"Признаки распределения: 2 наблюдаемых получателей, исходящий объём 136758 KZT."
100000001279875100,terminal,0.718004,20,0.228736,Признаки конечного получателя: наблюдаемый входящий объём 49235 KZT; нет наблюдаемых исходящих переводов.
100000001280798100,terminal,0.651650,33,0.309943,Признаки конечного получателя: наблюдаемый входящий объём 23785 KZT; нет наблюдаемых исходящих переводов.
100000001282143100,terminal,0.995558,29,0.614302,Признаки конечного получателя: наблюдаемый входящий объём 1700000 KZT; нет наблюдаемых исходящих переводов.
100000001285440100,consolidator,0.903871,29,0.691386,"Признаки консолидации: 2 наблюдаемых отправителей, 9 seed-веток, входящий объём 243000 KZT."
100000001286703100,peripheral,0.300226,8,0.192460,Выраженные признаки функциональной роли по наблюдаемым данным не выявлены. Граница наблюдения depth=4 ограничивает выводы.
100000001287955100,distributor,0.885846,20,0.442674,"Признаки распределения: 4 наблюдаемых получателей, исходящий объём 310000 KZT."
100000001290243100,peripheral,0.457158,5,0.209428,Выраженные признаки функциональной роли по наблюдаемым данным не выявлены.
100000001297206100,peripheral,0.449210,8,0.165643,Выраженные признаки функциональной роли по наблюдаемым данным не выявлены. Граница наблюдения depth=4 ограничивает выводы.
100000001298099100,terminal,0.615799,33,0.293587,Признаки конечного получателя: наблюдаемый входящий объём 19000 KZT; нет наблюдаемых исходящих переводов.
100000001299323100,consolidator,0.750000,29,0.573871,"Признаки консолидации: 1 наблюдаемых отправителей, 8 seed-веток, входящий объём 109000 KZT. Граница наблюдения depth=4 ограничивает выводы."
100000001299443100,peripheral,0.435666,37,0.058318,Выраженные признаки функциональной роли по наблюдаемым данным не выявлены. Граница наблюдения depth=4 ограничивает выводы.
100000001299828100,consolidator,0.618792,8,0.474972,"Признаки консолидации: 1 наблюдаемых отправителей, 7 seed-веток, входящий объём 100000 KZT. Граница наблюдения depth=4 ограничивает выводы."
100000001303311100,terminal,0.993655,29,0.604051,Признаки конечного получателя: наблюдаемый входящий объём 1324000 KZT; нет наблюдаемых исходящих переводов.
100000001307612100,terminal,0.673036,27,0.241231,Признаки конечного получателя: наблюдаемый входящий объём 38483 KZT; нет наблюдаемых исходящих переводов.
100000001308856100,terminal,0.645879,24,0.192969,Признаки конечного получателя: наблюдаемый входящий объём 27000 KZT; нет наблюдаемых исходящих переводов.
100000001311175100,consolidator,0.553499,20,0.383544,"Признаки консолидации: 1 наблюдаемых отправителей, 2 seed-веток, входящий объём 300000 KZT. Граница наблюдения depth=4 ограничивает выводы."
100000001317336100,distributor,0.902126,30,0.621459,"Признаки распределения: 2 наблюдаемых получателей, исходящий объём 1752000 KZT."
100000001325618100,peripheral,0.425508,37,0.061586,Выраженные признаки функциональной роли по наблюдаемым данным не выявлены. Граница наблюдения depth=4 ограничивает выводы.
100000001329153100,terminal,0.861041,7,0.399791,Признаки конечного получателя: наблюдаемый входящий объём 150687 KZT; нет наблюдаемых исходящих переводов.
100000001330595100,distributor,0.704718,28,0.427511,"Признаки распределения: 1 наблюдаемых получателей, исходящий объём 154000 KZT."
100000001330685100,consolidator,0.840235,8,0.671099,"Признаки консолидации: 3 наблюдаемых отправителей, 7 seed-веток, входящий объём 2435923 KZT."
100000001339466100,terminal,0.663232,6,0.391624,Признаки конечного получателя: наблюдаемый входящий объём 30000 KZT; нет наблюдаемых исходящих переводов.
100000001346560100,coordinator,0.761822,26,0.638959,"Структурно значимый узел: процентили PageRank 0.80, betweenness 0.81 в своей depth-группе; 11 seed-веток."
100000001362940100,terminal,0.783439,4,0.474183,Признаки конечного получателя: наблюдаемый входящий объём 81000 KZT; нет наблюдаемых исходящих переводов.
100000001363952100,distributor,0.741242,2,0.543264,"Признаки распределения: 1 наблюдаемых получателей, исходящий объём 91000 KZT."
100000001373265100,distributor,0.715102,1,0.504762,"Признаки распределения: 1 наблюдаемых получателей, исходящий объём 5000 KZT."
100000001378288100,consolidator,0.656321,26,0.496727,"Признаки консолидации: 1 наблюдаемых отправителей, 7 seed-веток, входящий объём 268000 KZT. Граница наблюдения depth=4 ограничивает выводы."
100000001379511100,terminal,0.769036,35,0.372046,Признаки конечного получателя: наблюдаемый входящий объём 55000 KZT; нет наблюдаемых исходящих переводов.
100000001380054100,distributor,0.885881,22,0.516008,"Признаки распределения: 3 наблюдаемых получателей, исходящий объём 360000 KZT."
100000001380107100,consolidator,0.582265,25,0.470508,"Признаки консолидации: 1 наблюдаемых отправителей, 10 seed-веток, входящий объём 6000 KZT."
100000001380986100,terminal,0.778742,29,0.240027,Признаки конечного получателя: наблюдаемый входящий объём 70170 KZT; нет наблюдаемых исходящих переводов.
100000001382002100,distributor,0.688449,1,0.465851,"Признаки распределения: 1 наблюдаемых получателей, исходящий объём 56500 KZT."
100000001384826100,terminal,0.731070,8,0.446585,Признаки конечного получателя: наблюдаемый входящий объём 364260 KZT; наблюдаемый исходящий объём 10000 KZT.
100000001386612100,terminal,0.764642,38,0.368547,Признаки конечного получателя: наблюдаемый входящий объём 62264 KZT; нет наблюдаемых исходящих переводов.
100000001389255100,terminal,0.558386,27,0.179098,Признаки конечного получателя: наблюдаемый входящий объём 16136 KZT; нет наблюдаемых исходящих переводов.
100000001411870100,terminal,0.983015,3,0.469013,Признаки конечного получателя: наблюдаемый входящий объём 900000 KZT; нет наблюдаемых исходящих переводов.
100000001415126100,consolidator,0.708750,38,0.518406,"Признаки консолидации: 1 наблюдаемых отправителей, 8 seed-веток, входящий объём 27000 KZT."
100000001418900100,terminal,0.695228,24,0.217364,Признаки конечного получателя: наблюдаемый входящий объём 40140 KZT; нет наблюдаемых исходящих переводов.
100000001420847100,terminal,0.604121,2,0.275944,Признаки конечного получателя: наблюдаемый входящий объём 20000 KZT; нет наблюдаемых исходящих переводов.
100000001427082100,distributor,0.938928,25,0.583940,"Признаки распределения: 5 наблюдаемых получателей, исходящий объём 124900 KZT."
100000001429930100,consolidator,0.705625,2,0.511844,"Признаки консолидации: 1 наблюдаемых отправителей, 8 seed-веток, входящий объём 26000 KZT."
100000001439416100,distributor,0.876269,1,0.561336,"Признаки распределения: 2 наблюдаемых получателей, исходящий объём 165000 KZT."
100000001445848100,distributor,0.785057,23,0.559718,"Признаки распределения: 1 наблюдаемых получателей, исходящий объём 351850 KZT."
100000001463701100,terminal,0.973461,11,0.550950,Признаки конечного получателя: наблюдаемый входящий объём 621000 KZT; нет наблюдаемых исходящих переводов.
100000001471706100,consolidator,0.791761,38,0.658098,"Признаки консолидации: 1 наблюдаемых отправителей, 8 seed-веток, входящий объём 377000 KZT. Граница наблюдения depth=4 ограничивает выводы."
100000001477796100,terminal,0.870488,6,0.348142,Признаки конечного получателя: наблюдаемый входящий объём 182000 KZT; нет наблюдаемых исходящих переводов.
100000001484381100,terminal,0.810914,33,0.400162,Признаки конечного получателя: наблюдаемый входящий объём 95585 KZT; нет наблюдаемых исходящих переводов.
100000001490461100,distributor,0.650759,33,0.494631,"Признаки распределения: 1 наблюдаемых получателей, исходящий объём 5000 KZT."
100000001498732100,peripheral,0.465576,35,0.154190,Выраженные признаки функциональной роли по наблюдаемым данным не выявлены. Граница наблюдения depth=4 ограничивает выводы.
100000001524952100,terminal,0.816348,1,0.414666,Признаки конечного получателя: наблюдаемый входящий объём 103807 KZT; нет наблюдаемых исходящих переводов.
100000001526235100,distributor,0.918926,12,0.611215,"Признаки распределения: 8 наблюдаемых получателей, исходящий объём 432750 KZT."
100000001527186100,terminal,0.974522,4,0.579119,Признаки конечного получателя: наблюдаемый входящий объём 678000 KZT; нет наблюдаемых исходящих переводов.
100000001530709100,terminal,0.765863,7,0.339829,Признаки конечного получателя: наблюдаемый входящий объём 53961 KZT; нет наблюдаемых исходящих переводов.
100000001530740100,terminal,0.574295,5,0.300062,Признаки конечного получателя: наблюдаемый входящий объём 15000 KZT; нет наблюдаемых исходящих переводов.
100000001530983100,distributor,0.977176,25,0.661115,"Признаки распределения: 11 наблюдаемых получателей, исходящий объём 1829538 KZT."
100000001533161100,consolidator,0.618792,1,0.440265,"Признаки консолидации: 1 наблюдаемых отправителей, 7 seed-веток, входящий объём 100000 KZT. Граница наблюдения depth=4 ограничивает выводы."
100000001534244100,consolidator,0.884338,29,0.740612,"Признаки консолидации: 2 наблюдаемых отправителей, 8 seed-веток, входящий объём 366000 KZT."
100000001537524100,consolidator,0.760722,29,0.582167,"Признаки консолидации: 1 наблюдаемых отправителей, 8 seed-веток, входящий объём 150000 KZT. Граница наблюдения depth=4 ограничивает выводы."
100000001538095100,terminal,0.916561,29,0.550243,Признаки конечного получателя: наблюдаемый входящий объём 280000 KZT; нет наблюдаемых исходящих переводов.
100000001541418100,terminal,0.819957,29,0.362674,Признаки конечного получателя: наблюдаемый входящий объём 96900 KZT; нет наблюдаемых исходящих переводов.
100000001549194100,terminal,0.739848,16,0.351735,Признаки конечного получателя: наблюдаемый входящий объём 46500 KZT; нет наблюдаемых исходящих переводов.
100000001550388100,terminal,0.714968,1,0.359976,Признаки конечного получателя: наблюдаемый входящий объём 50000 KZT; нет наблюдаемых исходящих переводов.
100000001550419100,terminal,0.643718,16,0.301639,Признаки конечного получателя: наблюдаемый входящий объём 23000 KZT; нет наблюдаемых исходящих переводов.
100000001554432100,terminal,0.731423,4,0.446300,Признаки конечного получателя: наблюдаемый входящий объём 53920 KZT; нет наблюдаемых исходящих переводов.
100000001557930100,terminal,0.682213,34,0.203894,Признаки конечного получателя: наблюдаемый входящий объём 34610 KZT; нет наблюдаемых исходящих переводов.
100000001567366100,terminal,0.979830,5,0.502659,Признаки конечного получателя: наблюдаемый входящий объём 824070 KZT; нет наблюдаемых исходящих переводов.
100000001578517100,terminal,0.663232,25,0.287259,Признаки конечного получателя: наблюдаемый входящий объём 30000 KZT; нет наблюдаемых исходящих переводов.
100000001584286100,terminal,0.979393,20,0.514837,Признаки конечного получателя: наблюдаемый входящий объём 738699 KZT; нет наблюдаемых исходящих переводов.
100000001590795100,peripheral,0.477427,37,0.044622,Выраженные признаки функциональной роли по наблюдаемым данным не выявлены. Граница наблюдения depth=4 ограничивает выводы.
100000001597424100,terminal,0.746193,16,0.356209,Признаки конечного получателя: наблюдаемый входящий объём 48100 KZT; нет наблюдаемых исходящих переводов.
100000001597505100,distributor,0.661334,6,0.484154,"Признаки распределения: 1 наблюдаемых получателей, исходящий объём 12920 KZT."
100000001598625100,peripheral,0.283860,1,0.238197,Выраженные признаки функциональной роли по наблюдаемым данным не выявлены. Граница наблюдения depth=4 ограничивает выводы.
100000001600934100,distributor,0.727475,1,0.512205,"Признаки распределения: 1 наблюдаемых получателей, исходящий объём 11000 KZT."
100000001601320100,distributor,0.683568,3,0.391849,"Признаки распределения: 1 наблюдаемых получателей, исходящий объём 46200 KZT."
100000001609499100,distributor,0.792728,1,0.528949,"Признаки распределения: 2 наблюдаемых получателей, исходящий объём 21000 KZT."
100000001611488100,terminal,0.983503,6,0.502459,Признаки конечного получателя: наблюдаемый входящий объём 779300 KZT; нет наблюдаемых исходящих переводов.
100000001616816100,coordinator,0.927500,3,0.785737,"Структурно значимый узел: процентили PageRank 1.00, betweenness 0.93 в своей depth-группе; 11 seed-веток."
100000001632325100,terminal,0.800761,18,0.271317,Признаки конечного получателя: наблюдаемый входящий объём 85600 KZT; нет наблюдаемых исходящих переводов.
100000001633685100,terminal,0.704447,6,0.320073,Признаки конечного получателя: наблюдаемый входящий объём 45000 KZT; нет наблюдаемых исходящих переводов.
100000001637376100,distributor,0.778077,8,0.514261,"Признаки распределения: 1 наблюдаемых получателей, исходящий объём 234250 KZT."
100000001639766100,terminal,0.624365,34,0.232560,Признаки конечного получателя: наблюдаемый входящий объём 20000 KZT; нет наблюдаемых исходящих переводов.
100000001641789100,coordinator,0.630361,3,0.543301,"Структурно значимый узел: процентили PageRank 0.86, betweenness 0.34 в своей depth-группе; 11 seed-веток."
100000001641951100,terminal,0.632863,26,0.414911,Признаки конечного получателя: наблюдаемый входящий объём 25000 KZT; нет наблюдаемых исходящих переводов.
100000001648936100,terminal,0.813449,34,0.264398,Признаки конечного получателя: наблюдаемый входящий объём 92740 KZT; нет наблюдаемых исходящих переводов.
100000001650895100,consolidator,0.731752,33,0.661642,"Признаки консолидации: 1 наблюдаемых отправителей, 9 seed-веток, входящий объём 153500 KZT."
100000001660397100,distributor,0.849788,1,0.538503,"Признаки распределения: 3 наблюдаемых получателей, исходящий объём 49000 KZT."
100000001669260100,peripheral,0.025395,26,0.223208,Выраженные признаки функциональной роли по наблюдаемым данным не выявлены. Граница наблюдения depth=4 ограничивает выводы.
100000001674850100,terminal,0.901650,29,0.520025,Признаки конечного получателя: наблюдаемый входящий объём 237000 KZT; нет наблюдаемых исходящих переводов.
100000001677389100,distributor,0.717164,23,0.395707,"Признаки распределения: 1 наблюдаемых получателей, исходящий объём 5400 KZT."
100000001677929100,distributor,0.812636,3,0.477164,"Признаки распределения: 2 наблюдаемых получателей, исходящий объём 286098 KZT."
100000001680944100,terminal,0.942893,29,0.566456,Признаки конечного получателя: наблюдаемый входящий объём 393000 KZT; нет наблюдаемых исходящих переводов.
100000001684867100,terminal,0.645435,5,0.310382,Признаки конечного получателя: наблюдаемый входящий объём 30550 KZT; нет наблюдаемых исходящих переводов.
100000001686328100,terminal,0.849619,29,0.515222,Признаки конечного получателя: наблюдаемый входящий объём 140000 KZT; нет наблюдаемых исходящих переводов.
100000001688676100,terminal,0.845178,2,0.408404,Признаки конечного получателя: наблюдаемый входящий объём 133700 KZT; нет наблюдаемых исходящих переводов.
100000001689968100,terminal,0.935279,1,0.459305,Признаки конечного получателя: наблюдаемый входящий объём 344334 KZT; нет наблюдаемых исходящих переводов.
100000001690439100,terminal,0.577094,6,0.316724,Признаки конечного получателя: наблюдаемый входящий объём 14200 KZT; нет наблюдаемых исходящих переводов.
100000001690558100,terminal,0.982234,2,0.491152,Признаки конечного получателя: наблюдаемый входящий объём 740000 KZT; нет наблюдаемых исходящих переводов.
100000001696818100,terminal,0.730361,6,0.275403,Признаки конечного получателя: наблюдаемый входящий объём 53550 KZT; нет наблюдаемых исходящих переводов.
100000001697501100,distributor,0.993631,24,0.571327,"Признаки распределения: 38 наблюдаемых получателей, исходящий объём 1482606 KZT."
100000001703168100,distributor,0.698210,1,0.447614,"Признаки распределения: 1 наблюдаемых получателей, исходящий объём 90000 KZT."
100000001714173100,terminal,0.975254,29,0.595666,Признаки конечного получателя: наблюдаемый входящий объём 638905 KZT; нет наблюдаемых исходящих переводов.
100000001714413100,terminal,0.908629,8,0.420968,Признаки конечного получателя: наблюдаемый входящий объём 250172 KZT; нет наблюдаемых исходящих переводов.
100000001714883100,peripheral,0.448081,37,0.054475,Выраженные признаки функциональной роли по наблюдаемым данным не выявлены. Граница наблюдения depth=4 ограничивает выводы.
100000001716579100,peripheral,0.462845,27,0.114193,Выраженные признаки функциональной роли по наблюдаемым данным не выявлены.
100000001724740100,consolidator,0.794357,29,0.664323,"Признаки консолидации: 1 наблюдаемых отправителей, 9 seed-веток, входящий объём 185000 KZT. Граница наблюдения depth=4 ограничивает выводы."
100000001726614100,terminal,0.848350,8,0.399886,Признаки конечного получателя: наблюдаемый входящий объём 138717 KZT; нет наблюдаемых исходящих переводов.
100000001732159100,distributor,0.840625,1,0.688000,"Признаки распределения: 4 наблюдаемых получателей, исходящий объём 1505966 KZT."
100000001733216100,consolidator,0.596219,7,0.433239,"Признаки консолидации: 1 наблюдаемых отправителей, 7 seed-веток, входящий объём 60000 KZT. Граница наблюдения depth=4 ограничивает выводы."
100000001733687100,terminal,0.923858,29,0.524737,Признаки конечного получателя: наблюдаемый входящий объём 300000 KZT; нет наблюдаемых исходящих переводов.
100000001737722100,terminal,0.761388,6,0.416426,Признаки конечного получателя: наблюдаемый входящий объём 60460 KZT; нет наблюдаемых исходящих переводов.
100000001740277100,distributor,0.715102,3,0.295720,"Признаки распределения: 1 наблюдаемых получателей, исходящий объём 5000 KZT."
100000001745217100,terminal,0.753173,8,0.340114,Признаки конечного получателя: наблюдаемый входящий объём 50000 KZT; нет наблюдаемых исходящих переводов.
100000001746925100,distributor,0.699045,4,0.569151,"Признаки распределения: 1 наблюдаемых получателей, исходящий объём 5000 KZT."
100000001782980100,distributor,0.726952,22,0.430000,"Признаки распределения: 1 наблюдаемых получателей, исходящий объём 596200 KZT."
100000001784279100,terminal,0.712563,8,0.316929,Признаки конечного получателя: наблюдаемый входящий объём 35674 KZT; нет наблюдаемых исходящих переводов.
100000001785161100,terminal,0.693528,20,0.349575,Признаки конечного получателя: наблюдаемый входящий объём 30000 KZT; нет наблюдаемых исходящих переводов.
100000001788284100,distributor,0.949714,12,0.584293,"Признаки распределения: 5 наблюдаемых получателей, исходящий объём 296700 KZT."
100000001805543100,terminal,0.738854,5,0.362006,Признаки конечного получателя: наблюдаемый входящий объём 59000 KZT; нет наблюдаемых исходящих переводов.
100000001808684100,distributor,0.745717,34,0.381114,"Признаки распределения: 1 наблюдаемых получателей, исходящий объём 37700 KZT."
100000001816678100,consolidator,0.596219,6,0.412839,"Признаки консолидации: 1 наблюдаемых отправителей, 7 seed-веток, входящий объём 60000 KZT. Граница наблюдения depth=4 ограничивает выводы."
100000001818442100,terminal,0.730330,33,0.351212,Признаки конечного получателя: наблюдаемый входящий объём 42215 KZT; нет наблюдаемых исходящих переводов.
100000001819396100,terminal,0.869924,13,0.428211,Признаки конечного получателя: наблюдаемый входящий объём 166080 KZT; нет наблюдаемых исходящих переводов.
100000001822623100,terminal,0.898048,1,0.407381,Признаки конечного получателя: наблюдаемый входящий объём 201300 KZT; нет наблюдаемых исходящих переводов.
100000001822650100,consolidator,0.753386,29,0.581828,"Признаки консолидации: 1 наблюдаемых отправителей, 8 seed-веток, входящий объём 112000 KZT. Граница наблюдения depth=4 ограничивает выводы."
100000001825934100,distributor,0.764753,21,0.417662,"Признаки распределения: 1 наблюдаемых получателей, исходящий объём 97000 KZT."
100000001831496100,distributor,0.785374,11,0.526482,"Признаки распределения: 1 наблюдаемых получателей, исходящий объём 373000 KZT."
100000001835625100,terminal,0.790609,8,0.347167,Признаки конечного получателя: наблюдаемый входящий объём 75130 KZT; нет наблюдаемых исходящих переводов.
100000001837130100,terminal,0.873731,8,0.416447,Признаки конечного получателя: наблюдаемый входящий объём 172900 KZT; нет наблюдаемых исходящих переводов.
100000001845505100,peripheral,0.315463,1,0.255787,Выраженные признаки функциональной роли по наблюдаемым данным не выявлены. Граница наблюдения depth=4 ограничивает выводы.
100000001848426100,terminal,0.818872,34,0.268384,Признаки конечного получателя: наблюдаемый входящий объём 95530 KZT; нет наблюдаемых исходящих переводов.
100000001851289100,terminal,0.822718,5,0.408678,Признаки конечного получателя: наблюдаемый входящий объём 109510 KZT; нет наблюдаемых исходящих переводов.
100000001852140100,terminal,0.693528,39,0.260742,Признаки конечного получателя: наблюдаемый входящий объём 30000 KZT; нет наблюдаемых исходящих переводов.
100000001853812100,terminal,0.784898,1,0.373902,Признаки конечного получателя: наблюдаемый входящий объём 70000 KZT; нет наблюдаемых исходящих переводов.
100000001857829100,distributor,0.964208,26,0.640466,"Признаки распределения: 16 наблюдаемых получателей, исходящий объём 2390993 KZT."
100000001860090100,peripheral,0.493020,34,0.135051,Выраженные признаки функциональной роли по наблюдаемым данным не выявлены.
100000001870116100,terminal,0.615711,27,0.208333,Признаки конечного получателя: наблюдаемый входящий объём 24000 KZT; нет наблюдаемых исходящих переводов.
100000001872484100,distributor,0.891189,32,0.536311,"Признаки распределения: 3 наблюдаемых получателей, исходящий объём 514580 KZT."
100000001875167100,terminal,0.990799,8,0.484979,Признаки конечного получателя: наблюдаемый входящий объём 1000000 KZT; нет наблюдаемых исходящих переводов.
100000001875239100,terminal,0.979061,29,0.582189,Признаки конечного получателя: наблюдаемый входящий объём 712000 KZT; нет наблюдаемых исходящих переводов.
100000001884825100,terminal,0.960025,29,0.556935,Признаки конечного получателя: наблюдаемый входящий объём 495000 KZT; нет наблюдаемых исходящих переводов.
100000001887715100,consolidator,0.917399,29,0.812525,"Признаки консолидации: 3 наблюдаемых отправителей, 9 seed-веток, входящий объём 1331500 KZT."
100000001893287100,distributor,0.772049,34,0.406469,"Признаки распределения: 1 наблюдаемых получателей, исходящий объём 152700 KZT."
100000001899164100,coordinator,0.875902,9,0.751059,"Структурно значимый узел: процентили PageRank 0.95, betweenness 0.90 в своей depth-группе; 8 seed-веток."
100000001904863100,terminal,0.966377,16,0.574306,Признаки конечного получателя: наблюдаемый входящий объём 500000 KZT; нет наблюдаемых исходящих переводов.
100000001924185100,terminal,0.856688,11,0.526215,Признаки конечного получателя: наблюдаемый входящий объём 151000 KZT; нет наблюдаемых исходящих переводов.
100000001927599100,consolidator,0.892132,33,0.682440,"Признаки консолидации: 2 наблюдаемых отправителей, 9 seed-веток, входящий объём 188000 KZT."
100000001929088100,terminal,0.943737,3,0.432500,Признаки конечного получателя: наблюдаемый входящий объём 396010 KZT; нет наблюдаемых исходящих переводов.
100000001934935100,terminal,0.837563,7,0.385295,Признаки конечного получателя: наблюдаемый входящий объём 118935 KZT; нет наблюдаемых исходящих переводов.
100000001937767100,distributor,0.929936,16,0.780218,"Признаки распределения: 4 наблюдаемых получателей, исходящий объём 1933000 KZT."
100000001952325100,terminal,0.778132,27,0.298572,Признаки конечного получателя: наблюдаемый входящий объём 77888 KZT; нет наблюдаемых исходящих переводов.
100000001953577100,terminal,0.554140,27,0.176295,Признаки конечного получателя: наблюдаемый входящий объём 15600 KZT; нет наблюдаемых исходящих переводов.
100000001954534100,distributor,0.747145,8,0.496796,"Признаки распределения: 1 наблюдаемых получателей, исходящий объём 40000 KZT."
100000001954903100,terminal,0.647505,33,0.197093,Признаки конечного получателя: наблюдаемый входящий объём 27118 KZT; нет наблюдаемых исходящих переводов.
100000001957974100,consolidator,0.674097,16,0.488685,"Признаки консолидации: 1 наблюдаемых отправителей, 7 seed-веток, входящий объём 500000 KZT. Граница наблюдения depth=4 ограничивает выводы."
100000001960517100,terminal,0.886943,3,0.414482,Признаки конечного получателя: наблюдаемый входящий объём 200000 KZT; нет наблюдаемых исходящих переводов.
100000001961048100,terminal,0.859544,20,0.380382,Признаки конечного получателя: наблюдаемый входящий объём 150000 KZT; нет наблюдаемых исходящих переводов.
100000001965374100,distributor,0.891811,9,0.519593,"Признаки распределения: 3 наблюдаемых получателей, исходящий объём 3082100 KZT."
100000001969496100,terminal,0.641497,16,0.300292,Признаки конечного получателя: наблюдаемый входящий объём 22740 KZT; нет наблюдаемых исходящих переводов.
100000001985793100,terminal,0.953905,3,0.349249,Признаки конечного получателя: наблюдаемый входящий объём 420000 KZT; нет наблюдаемых исходящих переводов.
100000001987030100,distributor,0.712314,5,0.469841,"Признаки распределения: 1 наблюдаемых получателей, исходящий объём 19000 KZT."
100000001991973100,peripheral,0.299097,37,0.099238,Выраженные признаки функциональной роли по наблюдаемым данным не выявлены. Граница наблюдения depth=4 ограничивает выводы.
100000002015633100,terminal,0.809645,8,0.360682,Признаки конечного получателя: наблюдаемый входящий объём 94970 KZT; нет наблюдаемых исходящих переводов.
100000002028158100,terminal,0.683297,5,0.304366,Признаки конечного получателя: наблюдаемый входящий объём 34800 KZT; нет наблюдаемых исходящих переводов.
100000002032323100,distributor,0.796478,35,0.593058,"Признаки распределения: 1 наблюдаемых получателей, исходящий объём 1050000 KZT."
100000002087788100,terminal,0.828633,8,0.410211,Признаки конечного получателя: наблюдаемый входящий объём 100500 KZT; нет наблюдаемых исходящих переводов.
100000002095257100,coordinator,0.608312,9,0.492376,"Структурно значимый узел: процентили PageRank 0.81, betweenness 0.34 в своей depth-группе; 8 seed-веток."
100000002103448100,terminal,0.680838,18,0.201114,Признаки конечного получателя: наблюдаемый входящий объём 27000 KZT; нет наблюдаемых исходящих переводов.
100000002109656100,terminal,0.962881,20,0.388507,Признаки конечного получателя: наблюдаемый входящий объём 500000 KZT; нет наблюдаемых исходящих переводов.
100000002116705100,terminal,0.607234,18,0.166764,Признаки конечного получателя: наблюдаемый входящий объём 17600 KZT; нет наблюдаемых исходящих переводов.
100000002119762100,consolidator,0.607223,8,0.453725,"Признаки консолидации: 1 наблюдаемых отправителей, 7 seed-веток, входящий объём 77000 KZT. Граница наблюдения depth=4 ограничивает выводы."
100000002121357100,consolidator,0.839828,29,0.721263,"Признаки консолидации: 2 наблюдаемых отправителей, 8 seed-веток, входящий объём 255300 KZT."
100000002126791100,consolidator,0.834989,29,0.714459,"Признаки консолидации: 1 наблюдаемых отправителей, 9 seed-веток, входящий объём 1313000 KZT. Граница наблюдения depth=4 ограничивает выводы."
100000002130400100,peripheral,0.408578,21,0.084526,Выраженные признаки функциональной роли по наблюдаемым данным не выявлены. Граница наблюдения depth=4 ограничивает выводы.
100000002132479100,distributor,0.667299,16,0.498845,"Признаки распределения: 1 наблюдаемых получателей, исходящий объём 20000 KZT."
100000002152857100,distributor,0.937898,3,0.529766,"Признаки распределения: 5 наблюдаемых получателей, исходящий объём 1230000 KZT."
100000002156381100,coordinator,0.766594,11,0.631714,"Структурно значимый узел: процентили PageRank 0.92, betweenness 0.83 в своей depth-группе; 8 seed-веток."
100000002158488100,terminal,0.650743,27,0.228031,Признаки конечного получателя: наблюдаемый входящий объём 31723 KZT; нет наблюдаемых исходящих переводов.
100000002170580100,terminal,0.859544,33,0.305274,Признаки конечного получателя: наблюдаемый входящий объём 150000 KZT; нет наблюдаемых исходящих переводов.
100000002173070100,terminal,0.663232,25,0.287259,Признаки конечного получателя: наблюдаемый входящий объём 30000 KZT; нет наблюдаемых исходящих переводов.
100000002173161100,terminal,0.991507,5,0.571592,Признаки конечного получателя: наблюдаемый входящий объём 1427500 KZT; нет наблюдаемых исходящих переводов.
100000002175422100,distributor,0.923807,30,0.625889,"Признаки распределения: 6 наблюдаемых получателей, исходящий объём 1621188 KZT."
100000002182176100,terminal,0.686837,1,0.343997,Признаки конечного получателя: наблюдаемый входящий объём 42465 KZT; нет наблюдаемых исходящих переводов.
100000002184107100,peripheral,0.478109,23,0.204034,Выраженные признаки функциональной роли по наблюдаемым данным не выявлены.
100000002185328100,distributor,0.911009,25,0.549734,"Признаки распределения: 4 наблюдаемых получателей, исходящий объём 55000 KZT."
100000002188586100,consolidator,0.566591,33,0.379740,"Признаки консолидации: 1 наблюдаемых отправителей, 7 seed-веток, входящий объём 38310 KZT. Граница наблюдения depth=4 ограничивает выводы."
100000002188829100,terminal,0.945860,4,0.557893,Признаки конечного получателя: наблюдаемый входящий объём 400000 KZT; нет наблюдаемых исходящих переводов.
100000002193259100,distributor,0.834056,9,0.612158,"Признаки распределения: 3 наблюдаемых получателей, исходящий объём 58000 KZT."
100000002194320100,consolidator,0.656885,5,0.494865,"Признаки консолидации: 1 наблюдаемых отправителей, 7 seed-веток, входящий объём 275000 KZT. Граница наблюдения depth=4 ограничивает выводы."
100000002194329100,terminal,0.668782,7,0.289889,Признаки конечного получателя: наблюдаемый входящий объём 25170 KZT; нет наблюдаемых исходящих переводов.
100000002199091100,terminal,0.772777,24,0.252237,Признаки конечного получателя: наблюдаемый входящий объём 65000 KZT; нет наблюдаемых исходящих переводов.
100000002205022100,distributor,0.870119,25,0.690119,"Признаки распределения: 3 наблюдаемых получателей, исходящий объём 518000 KZT."
100000002208836100,consolidator,0.612585,7,0.436202,"Признаки консолидации: 1 наблюдаемых отправителей, 7 seed-веток, входящий объём 90000 KZT. Граница наблюдения depth=4 ограничивает выводы."
100000002211413100,terminal,0.666667,27,0.237346,Признаки конечного получателя: наблюдаемый входящий объём 37000 KZT; нет наблюдаемых исходящих переводов.
100000002212494100,terminal,0.865482,30,0.430466,Признаки конечного получателя: наблюдаемый входящий объём 160000 KZT; нет наблюдаемых исходящих переводов.
100000002214207100,peripheral,0.142212,21,0.199007,Выраженные признаки функциональной роли по наблюдаемым данным не выявлены. Граница наблюдения depth=4 ограничивает выводы.
100000002214301100,distributor,0.703556,1,0.436051,"Признаки распределения: 1 наблюдаемых получателей, исходящий объём 8000 KZT."
100000002214383100,peripheral,0.077878,18,0.197635,Выраженные признаки функциональной роли по наблюдаемым данным не выявлены. Граница наблюдения depth=4 ограничивает выводы.
100000002214570100,terminal,0.633758,27,0.217298,Признаки конечного получателя: наблюдаемый входящий объём 26471 KZT; нет наблюдаемых исходящих переводов.
100000002214664100,distributor,0.759676,18,0.339683,"Признаки распределения: 1 наблюдаемых получателей, исходящий объём 76950 KZT."
100000002216999100,terminal,0.650381,18,0.186865,Признаки конечного получателя: наблюдаемый входящий объём 23677 KZT; нет наблюдаемых исходящих переводов.
100000002217161100,distributor,0.924620,23,0.624214,"Признаки распределения: 7 наблюдаемых получателей, исходящий объём 995132 KZT."
100000002217806100,consolidator,0.591422,17,0.434763,"Признаки консолидации: 1 наблюдаемых отправителей, 7 seed-веток, входящий объём 55000 KZT. Граница наблюдения depth=4 ограничивает выводы."
100000002224132100,distributor,0.920553,9,0.573319,"Признаки распределения: 4 наблюдаемых получателей, исходящий объём 12115000 KZT."
100000002227960100,peripheral,0.408578,25,0.177274,Выраженные признаки функциональной роли по наблюдаемым данным не выявлены. Граница наблюдения depth=4 ограничивает выводы.
100000002227989100,peripheral,0.315463,25,0.227006,Выраженные признаки функциональной роли по наблюдаемым данным не выявлены. Граница наблюдения depth=4 ограничивает выводы.
100000002229615100,peripheral,0.283860,25,0.267063,Выраженные признаки функциональной роли по наблюдаемым данным не выявлены. Граница наблюдения depth=4 ограничивает выводы.
100000002231144100,peripheral,0.357223,25,0.213479,Выраженные признаки функциональной роли по наблюдаемым данным не выявлены. Граница наблюдения depth=4 ограничивает выводы.
100000002232266100,terminal,0.736358,1,0.344887,Признаки конечного получателя: наблюдаемый входящий объём 45000 KZT; нет наблюдаемых исходящих переводов.
100000002236528100,terminal,0.779822,6,0.377119,Признаки конечного получателя: наблюдаемый входящий объём 66000 KZT; нет наблюдаемых исходящих переводов.
100000002241986100,distributor,0.979537,8,0.620812,"Признаки распределения: 6 наблюдаемых получателей, исходящий объём 3077000 KZT."
100000002242066100,consolidator,0.596219,23,0.449577,"Признаки консолидации: 1 наблюдаемых отправителей, 7 seed-веток, входящий объём 60000 KZT. Граница наблюдения depth=4 ограничивает выводы."
100000002242455100,consolidator,0.626129,8,0.475141,"Признаки консолидации: 1 наблюдаемых отправителей, 7 seed-веток, входящий объём 110000 KZT. Граница наблюдения depth=4 ограничивает выводы."
100000002243354100,terminal,0.594480,27,0.197505,Признаки конечного получателя: наблюдаемый входящий объём 20879 KZT; нет наблюдаемых исходящих переводов.
100000002255058100,terminal,0.958756,4,0.374023,Признаки конечного получателя: наблюдаемый входящий объём 491500 KZT; нет наблюдаемых исходящих переводов.
100000002257794100,terminal,0.863579,28,0.337379,Признаки конечного получателя: наблюдаемый входящий объём 154000 KZT; нет наблюдаемых исходящих переводов.
100000002258492100,consolidator,0.597630,38,0.483380,"Признаки консолидации: 1 наблюдаемых отправителей, 8 seed-веток, входящий объём 9000 KZT. Граница наблюдения depth=4 ограничивает выводы."
100000002267998100,distributor,0.879338,36,0.614892,"Признаки распределения: 3 наблюдаемых получателей, исходящий объём 1115000 KZT."
100000002284426100,terminal,0.804886,8,0.357755,Признаки конечного получателя: наблюдаемый входящий объём 90000 KZT; нет наблюдаемых исходящих переводов.
100000002289937100,terminal,0.587580,27,0.194185,Признаки конечного получателя: наблюдаемый входящий объём 20000 KZT; нет наблюдаемых исходящих переводов.
100000002293421100,distributor,0.780098,25,0.516480,"Признаки распределения: 2 наблюдаемых получателей, исходящий объём 47000 KZT."
100000002299948100,peripheral,0.480477,6,0.254566,Выраженные признаки функциональной роли по наблюдаемым данным не выявлены.
100000002301828100,terminal,0.741117,23,0.344007,Признаки конечного получателя: наблюдаемый входящий объём 46977 KZT; нет наблюдаемых исходящих переводов.
100000002304943100,peripheral,0.357223,25,0.195872,Выраженные признаки функциональной роли по наблюдаемым данным не выявлены. Граница наблюдения depth=4 ограничивает выводы.
100000002305007100,terminal,0.772208,18,0.251662,Признаки конечного получателя: наблюдаемый входящий объём 56000 KZT; нет наблюдаемых исходящих переводов.
100000002305477100,peripheral,0.315463,25,0.210584,Выраженные признаки функциональной роли по наблюдаемым данным не выявлены. Граница наблюдения depth=4 ограничивает выводы.
100000002306369100,distributor,0.925425,6,0.590255,"Признаки распределения: 6 наблюдаемых получателей, исходящий объём 260900 KZT."
100000002308091100,terminal,0.878807,20,0.339911,Признаки конечного получателя: наблюдаемый входящий объём 186720 KZT; нет наблюдаемых исходящих переводов.
100000002320495100,peripheral,0.373589,1,0.230807,Выраженные признаки функциональной роли по наблюдаемым данным не выявлены. Граница наблюдения depth=4 ограничивает выводы.
100000002324543100,terminal,0.644374,3,0.211407,Признаки конечного получателя: наблюдаемый входящий объём 30202 KZT; нет наблюдаемых исходящих переводов.
100000002335358100,terminal,0.851952,5,0.418728,Признаки конечного получателя: наблюдаемый входящий объём 140000 KZT; нет наблюдаемых исходящих переводов.
100000002340562100,terminal,0.688720,3,0.253742,Признаки конечного получателя: наблюдаемый входящий объём 36650 KZT; нет наблюдаемых исходящих переводов.
100000002343825100,consolidator,0.891073,29,0.760194,"Признаки консолидации: 3 наблюдаемых отправителей, 8 seed-веток, входящий объём 350000 KZT."
100000002346166100,peripheral,0.480647,18,0.079101,Выраженные признаки функциональной роли по наблюдаемым данным не выявлены.
100000002356167100,distributor,0.843115,8,0.551761,"Признаки распределения: 2 наблюдаемых получателей, исходящий объём 29500 KZT."
100000002369443100,terminal,0.753173,18,0.241764,Признаки конечного получателя: наблюдаемый входящий объём 50000 KZT; нет наблюдаемых исходящих переводов.
100000002369454100,peripheral,0.283860,1,0.238197,Выраженные признаки функциональной роли по наблюдаемым данным не выявлены. Граница наблюдения depth=4 ограничивает выводы.
100000002369510100,terminal,0.716688,18,0.220325,Признаки конечного получателя: наблюдаемый входящий объём 37150 KZT; нет наблюдаемых исходящих переводов.
100000002369874100,terminal,0.972716,29,0.580286,Признаки конечного получателя: наблюдаемый входящий объём 600000 KZT; нет наблюдаемых исходящих переводов.
100000002371751100,distributor,0.753450,31,0.473477,"Признаки распределения: 1 наблюдаемых получателей, исходящий объём 250000 KZT."
100000002371892100,consolidator,0.574492,5,0.392269,"Признаки консолидации: 1 наблюдаемых отправителей, 7 seed-веток, входящий объём 43830 KZT. Граница наблюдения depth=4 ограничивает выводы."
100000002373144100,distributor,0.726999,8,0.449749,"Признаки распределения: 1 наблюдаемых получателей, исходящий объём 10764 KZT."
100000002373386100,terminal,0.653553,18,0.188055,Признаки конечного получателя: наблюдаемый входящий объём 24000 KZT; нет наблюдаемых исходящих переводов.
100000002380341100,terminal,0.774112,1,0.375301,Признаки конечного получателя: наблюдаемый входящий объём 57566 KZT; нет наблюдаемых исходящих переводов.
100000002391278100,distributor,0.752062,34,0.366932,"Признаки распределения: 1 наблюдаемых получателей, исходящий объём 52700 KZT."
100000002394199100,distributor,0.759359,3,0.430549,"Признаки распределения: 1 наблюдаемых получателей, исходящий объём 76777 KZT."
100000002398779100,consolidator,0.922172,6,0.741569,"Признаки консолидации: 13 наблюдаемых отправителей, 8 seed-веток, входящий объём 1095690 KZT."
100000002404112100,consolidator,0.596219,13,0.421812,"Признаки консолидации: 1 наблюдаемых отправителей, 7 seed-веток, входящий объём 60000 KZT. Граница наблюдения depth=4 ограничивает выводы."
100000002432143100,terminal,0.793926,6,0.454333,Признаки конечного получателя: наблюдаемый входящий объём 81310 KZT; нет наблюдаемых исходящих переводов.
100000002433697100,distributor,0.766656,8,0.501716,"Признаки распределения: 1 наблюдаемых получателей, исходящий объём 110000 KZT."
100000002435265100,terminal,0.843909,7,0.390815,Признаки конечного получателя: наблюдаемый входящий объём 132628 KZT; нет наблюдаемых исходящих переводов.
100000002443664100,terminal,0.971800,29,0.535613,Признаки конечного получателя: наблюдаемый входящий объём 556880 KZT; нет наблюдаемых исходящих переводов.
100000002445750100,distributor,0.657538,7,0.469496,"Признаки распределения: 1 наблюдаемых получателей, исходящий объём 10000 KZT."
100000002448088100,distributor,0.738103,25,0.495292,"Признаки распределения: 1 наблюдаемых получателей, исходящий объём 25000 KZT."
100000002454724100,terminal,0.841106,20,0.370247,Признаки конечного получателя: наблюдаемый входящий объём 125000 KZT; нет наблюдаемых исходящих переводов.
100000002457464100,terminal,0.774403,6,0.422413,Признаки конечного получателя: наблюдаемый входящий объём 66647 KZT; нет наблюдаемых исходящих переводов.
100000002459093100,terminal,0.736648,3,0.354898,Признаки конечного получателя: наблюдаемый входящий объём 500000 KZT; наблюдаемый исходящий объём 55000 KZT.
100000002459163100,terminal,0.609544,32,0.205634,Признаки конечного получателя: наблюдаемый входящий объём 20180 KZT; нет наблюдаемых исходящих переводов.
100000002459164100,terminal,0.624365,23,0.337002,Признаки конечного получателя: наблюдаемый входящий объём 20000 KZT; нет наблюдаемых исходящих переводов.
100000002459240100,terminal,0.858820,8,0.389592,Признаки конечного получателя: наблюдаемый входящий объём 150000 KZT; нет наблюдаемых исходящих переводов.
100000002459832100,terminal,0.989848,26,0.494940,Признаки конечного получателя: наблюдаемый входящий объём 880606 KZT; нет наблюдаемых исходящих переводов.
100000002462183100,terminal,0.821656,40,0.334225,Признаки конечного получателя: наблюдаемый входящий объём 107500 KZT; нет наблюдаемых исходящих переводов.
100000002469065100,terminal,0.892625,25,0.402256,Признаки конечного получателя: наблюдаемый входящий объём 200000 KZT; нет наблюдаемых исходящих переводов.
100000002472632100,consolidator,0.807836,12,0.644207,"Признаки консолидации: 2 наблюдаемых отправителей, 7 seed-веток, входящий объём 502400 KZT."
100000002474570100,peripheral,0.450339,37,0.053730,Выраженные признаки функциональной роли по наблюдаемым данным не выявлены. Граница наблюдения depth=4 ограничивает выводы.
100000002475601100,terminal,0.899112,26,0.320571,Признаки конечного получателя: наблюдаемый входящий объём 232301 KZT; нет наблюдаемых исходящих переводов.
100000002478829100,consolidator,0.562359,25,0.400818,"Признаки консолидации: 1 наблюдаемых отправителей, 7 seed-веток, входящий объём 34000 KZT. Граница наблюдения depth=4 ограничивает выводы."
100000002479804100,distributor,0.799628,6,0.409161,"Признаки распределения: 2 наблюдаемых получателей, исходящий объём 35300 KZT."
100000002480800100,terminal,0.967091,1,0.580186,Признаки конечного получателя: наблюдаемый входящий объём 569251 KZT; нет наблюдаемых исходящих переводов.
100000002481735100,terminal,0.617137,5,0.303731,Признаки конечного получателя: наблюдаемый входящий объём 22436 KZT; нет наблюдаемых исходящих переводов.
100000002481974100,distributor,0.884042,26,0.591374,"Признаки распределения: 2 наблюдаемых получателей, исходящий объём 318000 KZT."
100000002487222100,consolidator,0.612585,8,0.427906,"Признаки консолидации: 1 наблюдаемых отправителей, 7 seed-веток, входящий объём 90000 KZT. Граница наблюдения depth=4 ограничивает выводы."
100000002488629100,terminal,0.784165,34,0.249219,Признаки конечного получателя: наблюдаемый входящий объём 73050 KZT; нет наблюдаемых исходящих переводов.
100000002489253100,terminal,0.739154,5,0.327850,Признаки конечного получателя: наблюдаемый входящий объём 51000 KZT; нет наблюдаемых исходящих переводов.
100000002492277100,terminal,0.848698,1,0.377779,Признаки конечного получателя: наблюдаемый входящий объём 138500 KZT; нет наблюдаемых исходящих переводов.
100000002505277100,consolidator,0.596219,7,0.433239,"Признаки консолидации: 1 наблюдаемых отправителей, 7 seed-веток, входящий объём 60000 KZT. Граница наблюдения depth=4 ограничивает выводы."
100000002506987100,consolidator,0.550226,33,0.362133,"Признаки консолидации: 1 наблюдаемых отправителей, 7 seed-веток, входящий объём 28200 KZT. Граница наблюдения depth=4 ограничивает выводы."
100000002508637100,distributor,0.720654,26,0.410980,"Признаки распределения: 1 наблюдаемых получателей, исходящий объём 8000 KZT."
100000002509598100,terminal,0.926396,20,0.361215,Признаки конечного получателя: наблюдаемый входящий объём 305550 KZT; нет наблюдаемых исходящих переводов.
100000002511581100,terminal,0.607234,18,0.166764,Признаки конечного получателя: наблюдаемый входящий объём 17600 KZT; нет наблюдаемых исходящих переводов.
100000002511825100,terminal,0.749469,1,0.379363,Признаки конечного получателя: наблюдаемый входящий объём 65000 KZT; нет наблюдаемых исходящих переводов.
100000002512742100,peripheral,0.457111,37,0.051242,Выраженные признаки функциональной роли по наблюдаемым данным не выявлены. Граница наблюдения depth=4 ограничивает выводы.
100000002513028100,distributor,0.923699,6,0.586567,"Признаки распределения: 3 наблюдаемых получателей, исходящий объём 332709 KZT."
100000002514975100,peripheral,0.332957,13,0.237105,Выраженные признаки функциональной роли по наблюдаемым данным не выявлены. Граница наблюдения depth=4 ограничивает выводы.
100000002516862100,consolidator,0.608916,6,0.437472,"Признаки консолидации: 1 наблюдаемых отправителей, 7 seed-веток, входящий объём 81710 KZT. Граница наблюдения depth=4 ограничивает выводы."
100000002521039100,terminal,0.937183,7,0.447379,Признаки конечного получателя: наблюдаемый входящий объём 349370 KZT; нет наблюдаемых исходящих переводов.
100000002527114100,distributor,0.984375,27,0.581875,"Признаки распределения: 111 наблюдаемых получателей, исходящий объём 3289249 KZT."
100000002528544100,terminal,0.883249,26,0.310530,Признаки конечного получателя: наблюдаемый входящий объём 192912 KZT; нет наблюдаемых исходящих переводов.
100000002528978100,peripheral,0.347630,33,0.186467,Выраженные признаки функциональной роли по наблюдаемым данным не выявлены. Граница наблюдения depth=4 ограничивает выводы.
100000002529877100,consolidator,0.774831,29,0.600959,"Признаки консолидации: 1 наблюдаемых отправителей, 8 seed-веток, входящий объём 232000 KZT. Граница наблюдения depth=4 ограничивает выводы."
100000002529880100,consolidator,0.859201,29,0.635409,"Признаки консолидации: 2 наблюдаемых отправителей, 8 seed-веток, входящий объём 147000 KZT."
100000002530224100,terminal,0.832487,29,0.480930,Признаки конечного получателя: наблюдаемый входящий объём 113000 KZT; нет наблюдаемых исходящих переводов.
100000002531406100,distributor,0.789816,26,0.461463,"Признаки распределения: 1 наблюдаемых получателей, исходящий объём 500000 KZT."
100000002534091100,terminal,0.638642,1,0.307997,Признаки конечного получателя: наблюдаемый входящий объём 22200 KZT; нет наблюдаемых исходящих переводов.
100000002537811100,coordinator,0.844543,6,0.735369,"Структурно значимый узел: процентили PageRank 0.98, betweenness 0.87 в своей depth-группе; 11 seed-веток."
100000002539625100,terminal,0.817787,2,0.468292,Признаки конечного получателя: наблюдаемый входящий объём 94700 KZT; нет наблюдаемых исходящих переводов.
100000002540033100,consolidator,0.633521,29,0.529729,"Признаки консолидации: 1 наблюдаемых отправителей, 9 seed-веток, входящий объём 10000 KZT. Граница наблюдения depth=4 ограничивает выводы."
100000002540623100,terminal,0.824837,33,0.284482,Признаки конечного получателя: наблюдаемый входящий объём 100000 KZT; нет наблюдаемых исходящих переводов.
100000002546921100,terminal,0.624365,16,0.292173,Признаки конечного получателя: наблюдаемый входящий объём 20000 KZT; нет наблюдаемых исходящих переводов.
100000002547110100,terminal,0.994924,29,0.589629,Признаки конечного получателя: наблюдаемый входящий объём 1500000 KZT; нет наблюдаемых исходящих переводов.
100000002548759100,terminal,0.940355,29,0.554312,Признаки конечного получателя: наблюдаемый входящий объём 375000 KZT; нет наблюдаемых исходящих переводов.
100000002550141100,terminal,0.823604,26,0.397116,Признаки конечного получателя: наблюдаемый входящий объём 100586 KZT; нет наблюдаемых исходящих переводов.
100000002554175100,terminal,0.658629,33,0.312598,Признаки конечного получателя: наблюдаемый входящий объём 24621 KZT; нет наблюдаемых исходящих переводов.
100000002556775100,terminal,0.923858,8,0.430400,Признаки конечного получателя: наблюдаемый входящий объём 300000 KZT; нет наблюдаемых исходящих переводов.
100000002558173100,peripheral,0.467462,6,0.259512,Выраженные признаки функциональной роли по наблюдаемым данным не выявлены.
100000002559089100,terminal,0.979695,29,0.589508,Признаки конечного получателя: наблюдаемый входящий объём 715000 KZT; нет наблюдаемых исходящих переводов.
100000002565277100,terminal,0.955414,4,0.566348,Признаки конечного получателя: наблюдаемый входящий объём 483319 KZT; нет наблюдаемых исходящих переводов.
100000002566204100,terminal,0.792842,33,0.266334,Признаки конечного получателя: наблюдаемый входящий объём 80805 KZT; нет наблюдаемых исходящих переводов.
100000002567887100,terminal,0.758249,8,0.328617,Признаки конечного получателя: наблюдаемый входящий объём 50915 KZT; нет наблюдаемых исходящих переводов.
100000002570206100,terminal,0.873102,4,0.393926,Признаки конечного получателя: наблюдаемый входящий объём 166960 KZT; нет наблюдаемых исходящих переводов.
100000002575080100,distributor,0.728426,5,0.474743,"Признаки распределения: 1 наблюдаемых получателей, исходящий объём 12500 KZT."
100000002578405100,distributor,0.994035,18,0.548926,"Признаки распределения: 116 наблюдаемых получателей, исходящий объём 3108352 KZT."
100000002578653100,terminal,0.624365,6,0.316444,Признаки конечного получателя: наблюдаемый входящий объём 20000 KZT; нет наблюдаемых исходящих переводов.
100000002580377100,distributor,0.699045,5,0.440462,"Признаки распределения: 1 наблюдаемых получателей, исходящий объём 5000 KZT."
100000002581346100,terminal,0.870558,8,0.397364,Признаки конечного получателя: наблюдаемый входящий объём 166400 KZT; нет наблюдаемых исходящих переводов.
100000002589019100,terminal,0.658174,9,0.229034,Признаки конечного получателя: наблюдаемый входящий объём 34710 KZT; нет наблюдаемых исходящих переводов.
100000002591469100,terminal,0.901274,3,0.344496,Признаки конечного получателя: наблюдаемый входящий объём 235670 KZT; нет наблюдаемых исходящих переводов.
100000002592567100,distributor,0.805467,5,0.478822,"Признаки распределения: 2 наблюдаемых получателей, исходящий объём 48600 KZT."
100000002593038100,terminal,0.649675,9,0.409317,Признаки конечного получателя: наблюдаемый входящий объём 28500 KZT; нет наблюдаемых исходящих переводов.
100000002593344100,terminal,0.947335,29,0.571244,Признаки конечного получателя: наблюдаемый входящий объём 431000 KZT; нет наблюдаемых исходящих переводов.
100000002594214100,consolidator,0.680305,8,0.504599,"Признаки консолидации: 1 наблюдаемых отправителей, 7 seed-веток, входящий объём 1000000 KZT. Граница наблюдения depth=4 ограничивает выводы."
100000002596035100,terminal,0.900212,11,0.501571,Признаки конечного получателя: наблюдаемый входящий объём 231570 KZT; нет наблюдаемых исходящих переводов.
100000002596039100,consolidator,0.658296,2,0.466337,"Признаки консолидации: 1 наблюдаемых отправителей, 7 seed-веток, входящий объём 280000 KZT. Граница наблюдения depth=4 ограничивает выводы."
100000002597003100,distributor,0.706476,1,0.422978,"Признаки распределения: 1 наблюдаемых получателей, исходящий объём 11000 KZT."
100000002597074100,peripheral,0.435666,7,0.177731,Выраженные признаки функциональной роли по наблюдаемым данным не выявлены. Граница наблюдения depth=4 ограничивает выводы.
100000002597623100,terminal,0.595178,7,0.262345,Признаки конечного получателя: наблюдаемый входящий объём 16418 KZT; нет наблюдаемых исходящих переводов.
100000002599729100,consolidator,0.599605,7,0.443143,"Признаки консолидации: 1 наблюдаемых отправителей, 7 seed-веток, входящий объём 65000 KZT. Граница наблюдения depth=4 ограничивает выводы."
100000002600345100,terminal,0.723992,5,0.365096,Признаки конечного получателя: наблюдаемый входящий объём 52400 KZT; нет наблюдаемых исходящих переводов.
100000002603371100,peripheral,0.463198,1,0.202649,Выраженные признаки функциональной роли по наблюдаемым данным не выявлены.
100000002603478100,terminal,0.606157,9,0.199958,Признаки конечного получателя: наблюдаемый входящий объём 23500 KZT; нет наблюдаемых исходящих переводов.
100000002603769100,terminal,0.988323,1,0.515589,Признаки конечного получателя: наблюдаемый входящий объём 1185368 KZT; нет наблюдаемых исходящих переводов.
100000002605184100,terminal,0.851952,5,0.400344,Признаки конечного получателя: наблюдаемый входящий объём 140000 KZT; нет наблюдаемых исходящих переводов.
100000002605308100,terminal,0.996746,16,0.616312,Признаки конечного получателя: наблюдаемый входящий объём 2569522 KZT; нет наблюдаемых исходящих переводов.
100000002605548100,terminal,0.829087,11,0.501364,Признаки конечного получателя: наблюдаемый входящий объём 116695 KZT; нет наблюдаемых исходящих переводов.
100000002606567100,distributor,0.730096,1,0.457309,"Признаки распределения: 1 наблюдаемых получателей, исходящий объём 53000 KZT."
100000002609774100,distributor,0.718418,16,0.436274,"Признаки распределения: 1 наблюдаемых получателей, исходящий объём 27500 KZT."
100000002611334100,distributor,0.732075,1,0.477427,"Признаки распределения: 1 наблюдаемых получателей, исходящий объём 15500 KZT."
100000002612809100,distributor,0.908788,21,0.453325,"Признаки распределения: 3 наблюдаемых получателей, исходящий объём 114000 KZT."
100000002613776100,terminal,0.663232,6,0.299054,Признаки конечного получателя: наблюдаемый входящий объём 30000 KZT; нет наблюдаемых исходящих переводов.
100000002613929100,terminal,0.686548,3,0.448823,Признаки конечного получателя: наблюдаемый входящий объём 28560 KZT; нет наблюдаемых исходящих переводов.
100000002614095100,peripheral,0.484137,18,0.078020,Выраженные признаки функциональной роли по наблюдаемым данным не выявлены.
100000002615479100,terminal,0.895966,3,0.349830,Признаки конечного получателя: наблюдаемый входящий объём 220000 KZT; нет наблюдаемых исходящих переводов.
100000002618492100,terminal,0.924628,11,0.516651,Признаки конечного получателя: наблюдаемый входящий объём 296500 KZT; нет наблюдаемых исходящих переводов.
100000002621434100,terminal,0.795051,29,0.458839,Признаки конечного получателя: наблюдаемый входящий объём 81000 KZT; нет наблюдаемых исходящих переводов.
100000002621915100,peripheral,0.493492,5,0.231074,Выраженные признаки функциональной роли по наблюдаемым данным не выявлены.
100000002621949100,terminal,0.859873,4,0.515234,Признаки конечного получателя: наблюдаемый входящий объём 164612 KZT; нет наблюдаемых исходящих переводов.
100000002622822100,consolidator,0.828781,29,0.715475,"Признаки консолидации: 1 наблюдаемых отправителей, 9 seed-веток, входящий объём 750000 KZT. Граница наблюдения depth=4 ограничивает выводы."
100000002628146100,terminal,0.671367,6,0.381497,Признаки конечного получателя: наблюдаемый входящий объём 30500 KZT; нет наблюдаемых исходящих переводов.
100000002628576100,distributor,0.892608,7,0.604898,"Признаки распределения: 2 наблюдаемых получателей, исходящий объём 539000 KZT."
100000002632742100,terminal,0.901015,29,0.521463,Признаки конечного получателя: наблюдаемый входящий объём 235500 KZT; нет наблюдаемых исходящих переводов.
100000002633108100,terminal,0.929886,16,0.462099,Признаки конечного получателя: наблюдаемый входящий объём 320000 KZT; нет наблюдаемых исходящих переводов.
100000002633701100,terminal,0.920824,29,0.317289,Признаки конечного получателя: наблюдаемый входящий объём 266850 KZT; нет наблюдаемых исходящих переводов.
100000002635746100,peripheral,0.472348,37,0.046425,Выраженные признаки функциональной роли по наблюдаемым данным не выявлены. Граница наблюдения depth=4 ограничивает выводы.
100000002635780100,terminal,0.870933,3,0.514349,Признаки конечного получателя: наблюдаемый входящий объём 163000 KZT; нет наблюдаемых исходящих переводов.
100000002644285100,terminal,0.962881,20,0.388507,Признаки конечного получателя: наблюдаемый входящий объём 500000 KZT; нет наблюдаемых исходящих переводов.
100000002645046100,peripheral,0.388262,37,0.072777,Выраженные признаки функциональной роли по наблюдаемым данным не выявлены. Граница наблюдения depth=4 ограничивает выводы.
100000002645609100,terminal,0.962845,7,0.491768,Признаки конечного получателя: наблюдаемый входящий объём 546821 KZT; нет наблюдаемых исходящих переводов.
100000002645993100,distributor,0.931631,6,0.545260,"Признаки распределения: 5 наблюдаемых получателей, исходящий объём 86980 KZT."
100000002646745100,terminal,0.567893,18,0.146796,Признаки конечного получателя: наблюдаемый входящий объём 12300 KZT; нет наблюдаемых исходящих переводов.
100000002646887100,terminal,0.656726,35,0.312627,Признаки конечного получателя: наблюдаемый входящий объём 24354 KZT; нет наблюдаемых исходящих переводов.
100000002648315100,distributor,0.815552,3,0.429225,"Признаки распределения: 2 наблюдаемых получателей, исходящий объём 76000 KZT."
100000002653187100,consolidator,0.633465,9,0.502342,"Признаки консолидации: 1 наблюдаемых отправителей, 8 seed-веток, входящий объём 15000 KZT. Граница наблюдения depth=4 ограничивает выводы."
100000002653948100,terminal,0.800127,8,0.354258,Признаки конечного получателя: наблюдаемый входящий объём 85200 KZT; нет наблюдаемых исходящих переводов.
100000002659103100,consolidator,0.639108,1,0.464814,"Признаки консолидации: 1 наблюдаемых отправителей, 7 seed-веток, входящий объём 165000 KZT. Граница наблюдения depth=4 ограничивает выводы."
100000002659265100,consolidator,0.758465,29,0.593510,"Признаки консолидации: 1 наблюдаемых отправителей, 8 seed-веток, входящий объём 141000 KZT. Граница наблюдения depth=4 ограничивает выводы."
100000002660298100,consolidator,0.557562,33,0.369413,"Признаки консолидации: 1 наблюдаемых отправителей, 7 seed-веток, входящий объём 30900 KZT. Граница наблюдения depth=4 ограничивает выводы."
100000002662768100,terminal,0.787686,6,0.305594,Признаки конечного получателя: наблюдаемый входящий объём 84300 KZT; нет наблюдаемых исходящих переводов.
100000002663511100,terminal,0.913071,8,0.440317,Признаки конечного получателя: наблюдаемый входящий объём 268940 KZT; нет наблюдаемых исходящих переводов.
100000002666248100,terminal,0.763270,4,0.463657,Признаки конечного получателя: наблюдаемый входящий объём 70032 KZT; нет наблюдаемых исходящих переводов.
100000002670463100,peripheral,0.256208,37,0.114915,Выраженные признаки функциональной роли по наблюдаемым данным не выявлены. Граница наблюдения depth=4 ограничивает выводы.
100000002670860100,terminal,0.949045,20,0.434809,Признаки конечного получателя: наблюдаемый входящий объём 450000 KZT; нет наблюдаемых исходящих переводов.
100000002670960100,terminal,0.956218,20,0.384657,Признаки конечного получателя: наблюдаемый входящий объём 480310 KZT; нет наблюдаемых исходящих переводов.
100000002671326100,consolidator,0.681151,35,0.539052,"Признаки консолидации: 1 наблюдаемых отправителей, 7 seed-веток, входящий объём 1050000 KZT. Граница наблюдения depth=4 ограничивает выводы."
100000002671806100,peripheral,0.467091,9,0.110722,Выраженные признаки функциональной роли по наблюдаемым данным не выявлены.
100000002677201100,distributor,0.762532,29,0.616240,"Признаки распределения: 1 наблюдаемых получателей, исходящий объём 87750 KZT."
100000002679516100,consolidator,0.845860,9,0.643992,"Признаки консолидации: 3 наблюдаемых отправителей, 10 seed-веток, входящий объём 102335 KZT."
100000002680477100,terminal,0.632863,20,0.187796,Признаки конечного получателя: наблюдаемый входящий объём 25000 KZT; нет наблюдаемых исходящих переводов.
100000002681449100,distributor,0.822983,1,0.541465,"Признаки распределения: 2 наблюдаемых получателей, исходящий объём 133000 KZT."
100000002681544100,terminal,0.869289,6,0.429553,Признаки конечного получателя: наблюдаемый входящий объём 166072 KZT; нет наблюдаемых исходящих переводов.
100000002686226100,consolidator,0.670993,23,0.530587,"Признаки консолидации: 1 наблюдаемых отправителей, 7 seed-веток, входящий объём 430000 KZT. Граница наблюдения depth=4 ограничивает выводы."
100000002689717100,consolidator,0.581828,33,0.396840,"Признаки консолидации: 1 наблюдаемых отправителей, 7 seed-веток, входящий объём 47500 KZT. Граница наблюдения depth=4 ограничивает выводы."
100000002691583100,terminal,0.919416,13,0.453737,Признаки конечного получателя: наблюдаемый входящий объём 285200 KZT; нет наблюдаемых исходящих переводов.
100000002691858100,terminal,0.741866,6,0.416394,Признаки конечного получателя: наблюдаемый входящий объём 51500 KZT; нет наблюдаемых исходящих переводов.
100000002692044100,terminal,0.806794,9,0.310881,Признаки конечного получателя: наблюдаемый входящий объём 97000 KZT; нет наблюдаемых исходящих переводов.
100000002692750100,coordinator,0.805531,34,0.601828,"Структурно значимый узел: процентили PageRank 0.98, betweenness 0.78 в своей depth-группе; 7 seed-веток."
100000002695812100,consolidator,0.614842,33,0.436371,"Признаки консолидации: 1 наблюдаемых отправителей, 7 seed-веток, входящий объём 95000 KZT. Граница наблюдения depth=4 ограничивает выводы."
100000002696152100,distributor,0.859613,11,0.639635,"Признаки распределения: 2 наблюдаемых получателей, исходящий объём 69000 KZT."
100000002697752100,terminal,0.881345,1,0.434226,Признаки конечного получателя: наблюдаемый входящий объём 190785 KZT; нет наблюдаемых исходящих переводов.
100000002700161100,consolidator,0.725621,4,0.619097,"Признаки консолидации: 1 наблюдаемых отправителей, 10 seed-веток, входящий объём 39000 KZT. Граница наблюдения depth=4 ограничивает выводы."
100000002702968100,consolidator,0.559255,33,0.371106,"Признаки консолидации: 1 наблюдаемых отправителей, 7 seed-веток, входящий объём 31600 KZT. Граница наблюдения depth=4 ограничивает выводы."
100000002703376100,terminal,0.711497,23,0.309149,Признаки конечного получателя: наблюдаемый входящий объём 46501 KZT; нет наблюдаемых исходящих переводов.
100000002704875100,terminal,0.909766,1,0.456895,Признаки конечного получателя: наблюдаемый входящий объём 244891 KZT; нет наблюдаемых исходящих переводов.
100000002705460100,terminal,0.810279,5,0.416447,Признаки конечного получателя: наблюдаемый входящий объём 95000 KZT; нет наблюдаемых исходящих переводов.
100000002706810100,peripheral,0.217833,37,0.128764,Выраженные признаки функциональной роли по наблюдаемым данным не выявлены. Граница наблюдения depth=4 ограничивает выводы.
100000002707106100,peripheral,0.357223,16,0.176910,Выраженные признаки функциональной роли по наблюдаемым данным не выявлены. Граница наблюдения depth=4 ограничивает выводы.
100000002708624100,terminal,0.663388,12,0.337035,Признаки конечного получателя: наблюдаемый входящий объём 25000 KZT; нет наблюдаемых исходящих переводов.
100000002710570100,terminal,0.908894,1,0.437966,Признаки конечного получателя: наблюдаемый входящий объём 225015 KZT; нет наблюдаемых исходящих переводов.
100000002712416100,consolidator,0.869924,29,0.648652,"Признаки консолидации: 2 наблюдаемых отправителей, 9 seed-веток, входящий объём 116800 KZT."
100000002713074100,distributor,0.788547,23,0.587681,"Признаки распределения: 1 наблюдаемых получателей, исходящий объём 430000 KZT."
100000002713974100,consolidator,0.586907,26,0.413262,"Признаки консолидации: 1 наблюдаемых отправителей, 7 seed-веток, входящий объём 50000 KZT. Граница наблюдения depth=4 ограничивает выводы."
100000002718366100,terminal,0.995662,29,0.584713,Признаки конечного получателя: наблюдаемый входящий объём 2525000 KZT; нет наблюдаемых исходящих переводов.
100000002720627100,terminal,0.883227,11,0.491635,Признаки конечного получателя: наблюдаемый входящий объём 199300 KZT; нет наблюдаемых исходящих переводов.
100000002721825100,terminal,0.556941,1,0.294303,Признаки конечного получателя: наблюдаемый входящий объём 11000 KZT; нет наблюдаемых исходящих переводов.
100000002722108100,terminal,0.986041,20,0.405244,Признаки конечного получателя: наблюдаемый входящий объём 800000 KZT; нет наблюдаемых исходящих переводов.
100000002723439100,consolidator,0.647009,11,0.531123,"Признаки консолидации: 1 наблюдаемых отправителей, 8 seed-веток, входящий объём 18000 KZT. Граница наблюдения depth=4 ограничивает выводы."
100000002723538100,distributor,0.937093,1,0.581735,"Признаки распределения: 12 наблюдаемых получателей, исходящий объём 560499 KZT."
100000002723674100,consolidator,0.554176,25,0.383126,"Признаки консолидации: 1 наблюдаемых отправителей, 7 seed-веток, входящий объём 30000 KZT. Граница наблюдения depth=4 ограничивает выводы."
100000002726055100,peripheral,0.408578,25,0.195135,Выраженные признаки функциональной роли по наблюдаемым данным не выявлены. Граница наблюдения depth=4 ограничивает выводы.
100000002727288100,terminal,0.592640,5,0.316729,Признаки конечного получателя: наблюдаемый входящий объём 16000 KZT; нет наблюдаемых исходящих переводов.
100000002728246100,peripheral,0.408578,8,0.223070,Выраженные признаки функциональной роли по наблюдаемым данным не выявлены. Граница наблюдения depth=4 ограничивает выводы.
100000002729875100,consolidator,0.605530,33,0.424266,"Признаки консолидации: 1 наблюдаемых отправителей, 7 seed-веток, входящий объём 76000 KZT. Граница наблюдения depth=4 ограничивает выводы."
100000002731501100,distributor,0.955679,28,0.544942,"Признаки распределения: 7 наблюдаемых получателей, исходящий объём 833960 KZT."
100000002733083100,peripheral,0.349887,33,0.185722,Выраженные признаки функциональной роли по наблюдаемым данным не выявлены. Граница наблюдения depth=4 ограничивает выводы.
100000002733905100,distributor,0.825108,24,0.492766,"Признаки распределения: 2 наблюдаемых получателей, исходящий объём 717839 KZT."
100000002734815100,consolidator,0.751411,29,0.583437,"Признаки консолидации: 1 наблюдаемых отправителей, 8 seed-веток, входящий объём 110000 KZT. Граница наблюдения depth=4 ограничивает выводы."
100000002736033100,distributor,0.727475,23,0.453480,"Признаки распределения: 1 наблюдаемых получателей, исходящий объём 11000 KZT."
100000002736316100,terminal,0.912437,1,0.454699,Признаки конечного получателя: наблюдаемый входящий объём 266921 KZT; нет наблюдаемых исходящих переводов.
100000002737980100,terminal,0.703680,5,0.331910,Признаки конечного получателя: наблюдаемый входящий объём 32900 KZT; нет наблюдаемых исходящих переводов.
100000002738256100,distributor,0.707430,41,0.394648,"Признаки распределения: 1 наблюдаемых получателей, исходящий объём 175000 KZT."
100000002741024100,distributor,0.906453,1,0.624328,"Признаки распределения: 6 наблюдаемых получателей, исходящий объём 434989 KZT."
100000002742067100,terminal,0.561822,5,0.245504,Признаки конечного получателя: наблюдаемый входящий объём 12730 KZT; нет наблюдаемых исходящих переводов.
100000002744581100,terminal,0.559111,3,0.177351,Признаки конечного получателя: наблюдаемый входящий объём 12000 KZT; нет наблюдаемых исходящих переводов.
100000002748040100,peripheral,0.330135,33,0.191944,Выраженные признаки функциональной роли по наблюдаемым данным не выявлены. Граница наблюдения depth=4 ограничивает выводы.
100000002748180100,distributor,0.959130,20,0.477696,"Признаки распределения: 8 наблюдаемых получателей, исходящий объём 679743 KZT."
100000002748511100,peripheral,0.315463,5,0.253756,Выраженные признаки функциональной роли по наблюдаемым данным не выявлены. Граница наблюдения depth=4 ограничивает выводы.
100000002748532100,distributor,0.824024,29,0.645868,"Признаки распределения: 2 наблюдаемых получателей, исходящий объём 646685 KZT."
100000002748581100,terminal,0.728426,16,0.344388,Признаки конечного получателя: наблюдаемый входящий объём 41180 KZT; нет наблюдаемых исходящих переводов.
100000002748761100,terminal,0.985406,20,0.404873,Признаки конечного получателя: наблюдаемый входящий объём 796800 KZT; нет наблюдаемых исходящих переводов.
100000002750332100,peripheral,0.476645,3,0.107171,Выраженные признаки функциональной роли по наблюдаемым данным не выявлены.
100000002750956100,terminal,0.705945,1,0.354379,Признаки конечного получателя: наблюдаемый входящий объём 47416 KZT; нет наблюдаемых исходящих переводов.
100000002752565100,consolidator,0.591986,1,0.419695,"Признаки консолидации: 1 наблюдаемых отправителей, 7 seed-веток, входящий объём 57000 KZT. Граница наблюдения depth=4 ограничивает выводы."
100000002753146100,terminal,0.986675,20,0.405901,Признаки конечного получателя: наблюдаемый входящий объём 803540 KZT; нет наблюдаемых исходящих переводов.
100000002755292100,terminal,0.888959,8,0.408699,Признаки конечного получателя: наблюдаемый входящий объём 203400 KZT; нет наблюдаемых исходящих переводов.
100000002757240100,terminal,0.740781,6,0.427148,Признаки конечного получателя: наблюдаемый входящий объём 51183 KZT; нет наблюдаемых исходящих переводов.
100000002757791100,terminal,0.788706,34,0.276066,Признаки конечного получателя: наблюдаемый входящий объём 73050 KZT; нет наблюдаемых исходящих переводов.
100000002757797100,terminal,0.812633,9,0.314058,Признаки конечного получателя: наблюдаемый входящий объём 100000 KZT; нет наблюдаемых исходящих переводов.
100000002760175100,terminal,0.874735,11,0.487622,Признаки конечного получателя: наблюдаемый входящий объём 187410 KZT; нет наблюдаемых исходящих переводов.
100000002762076100,distributor,0.719745,3,0.469554,"Признаки распределения: 1 наблюдаемых получателей, исходящий объём 30000 KZT."
100000002769809100,terminal,0.833122,2,0.417437,Признаки конечного получателя: наблюдаемый входящий объём 113422 KZT; нет наблюдаемых исходящих переводов.
100000002773323100,distributor,0.797430,29,0.669064,"Признаки распределения: 1 наблюдаемых получателей, исходящий объём 1171644 KZT."
100000002774456100,terminal,0.718684,11,0.402065,Признаки конечного получателя: наблюдаемый входящий объём 50363 KZT; нет наблюдаемых исходящих переводов.
100000002778085100,terminal,0.753715,5,0.368949,Признаки конечного получателя: наблюдаемый входящий объём 66208 KZT; нет наблюдаемых исходящих переводов.
100000002779485100,terminal,0.811280,2,0.397131,Признаки конечного получателя: наблюдаемый входящий объём 91000 KZT; нет наблюдаемых исходящих переводов.
100000002781227100,distributor,0.873142,29,0.525770,"Признаки распределения: 3 наблюдаемых получателей, исходящий объём 212420 KZT."
100000002784085100,terminal,0.886943,3,0.344631,Признаки конечного получателя: наблюдаемый входящий объём 200000 KZT; нет наблюдаемых исходящих переводов.
100000002791494100,consolidator,0.610609,33,0.430192,"Признаки консолидации: 1 наблюдаемых отправителей, 7 seed-веток, входящий объём 85860 KZT. Граница наблюдения depth=4 ограничивает выводы."
100000002793851100,peripheral,0.478769,5,0.203710,Выраженные признаки функциональной роли по наблюдаемым данным не выявлены.
100000002793881100,terminal,0.984137,29,0.590108,Признаки конечного получателя: наблюдаемый входящий объём 785600 KZT; нет наблюдаемых исходящих переводов.
100000002794197100,terminal,0.643312,3,0.205372,Признаки конечного получателя: наблюдаемый входящий объём 30100 KZT; нет наблюдаемых исходящих переводов.
100000002794374100,consolidator,0.778555,29,0.627754,"Признаки консолидации: 1 наблюдаемых отправителей, 9 seed-веток, входящий объём 111000 KZT. Граница наблюдения depth=4 ограничивает выводы."
100000002796853100,distributor,0.683026,29,0.406361,"Признаки распределения: 1 наблюдаемых получателей, исходящий объём 46168 KZT."
100000002799941100,terminal,0.972716,2,0.485584,Признаки конечного получателя: наблюдаемый входящий объём 600000 KZT; нет наблюдаемых исходящих переводов.
100000002807334100,terminal,0.767132,8,0.333242,Признаки конечного получателя: наблюдаемый входящий объём 54715 KZT; нет наблюдаемых исходящих переводов.
100000002809568100,peripheral,0.483546,1,0.204403,Выраженные признаки функциональной роли по наблюдаемым данным не выявлены.
100000002809896100,terminal,0.719543,33,0.344902,Признаки конечного получателя: наблюдаемый входящий объём 38000 KZT; нет наблюдаемых исходящих переводов.
100000002810870100,terminal,0.654989,27,0.230515,Признаки конечного получателя: наблюдаемый входящий объём 33677 KZT; нет наблюдаемых исходящих переводов.
100000002812641100,distributor,0.654826,3,0.472587,"Признаки распределения: 1 наблюдаемых получателей, исходящий объём 7024 KZT."
100000002815005100,terminal,0.954949,29,0.550349,Признаки конечного получателя: наблюдаемый входящий объём 476500 KZT; нет наблюдаемых исходящих переводов.
100000002818726100,terminal,0.559645,6,0.262021,Признаки конечного получателя: наблюдаемый входящий объём 10879 KZT; нет наблюдаемых исходящих переводов.
100000002820010100,terminal,0.663232,34,0.194824,Признаки конечного получателя: наблюдаемый входящий объём 30000 KZT; нет наблюдаемых исходящих переводов.
100000002821425100,terminal,0.914975,20,0.353772,Признаки конечного получателя: наблюдаемый входящий объём 275000 KZT; нет наблюдаемых исходящих переводов.
100000002822472100,terminal,0.911802,20,0.524346,Признаки конечного получателя: наблюдаемый входящий объём 266722 KZT; нет наблюдаемых исходящих переводов.
100000002824176100,terminal,0.851380,3,0.395828,Признаки конечного получателя: наблюдаемый входящий объём 144000 KZT; нет наблюдаемых исходящих переводов.
100000002826669100,terminal,0.867679,8,0.414018,Признаки конечного получателя: наблюдаемый входящий объём 159900 KZT; нет наблюдаемых исходящих переводов.
100000002830055100,peripheral,0.461253,27,0.114838,Выраженные признаки функциональной роли по наблюдаемым данным не выявлены.
100000002831727100,distributor,0.695228,2,0.429165,"Признаки распределения: 1 наблюдаемых получателей, исходящий объём 77000 KZT."
100000002832753100,peripheral,0.383747,5,0.242099,Выраженные признаки функциональной роли по наблюдаемым данным не выявлены. Граница наблюдения depth=4 ограничивает выводы.
100000002835874100,consolidator,0.718962,29,0.541366,"Признаки консолидации: 1 наблюдаемых отправителей, 8 seed-веток, входящий объём 58700 KZT. Граница наблюдения depth=4 ограничивает выводы."
100000002836052100,consolidator,0.592570,26,0.484469,"Признаки консолидации: 1 наблюдаемых отправителей, 11 seed-веток, входящий объём 15000 KZT."
100000002836736100,terminal,0.957537,3,0.458089,Признаки конечного получателя: наблюдаемый входящий объём 509000 KZT; нет наблюдаемых исходящих переводов.
100000002838519100,terminal,0.740482,16,0.352297,Признаки конечного получателя: наблюдаемый входящий объём 46900 KZT; нет наблюдаемых исходящих переводов.
100000002838861100,consolidator,0.908277,3,0.745792,"Признаки консолидации: 5 наблюдаемых отправителей, 8 seed-веток, входящий объём 554524 KZT."
100000002842321100,terminal,0.865482,8,0.394489,Признаки конечного получателя: наблюдаемый входящий объём 160000 KZT; нет наблюдаемых исходящих переводов.
100000002842337100,terminal,0.728308,3,0.254206,Признаки конечного получателя: наблюдаемый входящий объём 50000 KZT; нет наблюдаемых исходящих переводов.
100000002844652100,terminal,0.740977,3,0.254544,Признаки конечного получателя: наблюдаемый входящий объём 61360 KZT; нет наблюдаемых исходящих переводов.
100000002844897100,peripheral,0.479830,3,0.105881,Выраженные признаки функциональной роли по наблюдаемым данным не выявлены.
100000002845605100,terminal,0.737792,1,0.372532,Признаки конечного получателя: наблюдаемый входящий объём 57567 KZT; нет наблюдаемых исходящих переводов.
100000002847207100,terminal,0.697452,4,0.428816,Признаки конечного получателя: наблюдаемый входящий объём 46243 KZT; нет наблюдаемых исходящих переводов.
100000002849158100,consolidator,0.868050,29,0.779922,"Признаки консолидации: 3 наблюдаемых отправителей, 9 seed-веток, входящий объём 723000 KZT."
100000002852402100,terminal,0.752711,5,0.346600,Признаки конечного получателя: наблюдаемый входящий объём 55000 KZT; нет наблюдаемых исходящих переводов.
100000002858835100,terminal,0.616773,27,0.208954,Признаки конечного получателя: наблюдаемый входящий объём 24400 KZT; нет наблюдаемых исходящих переводов.
100000002860934100,consolidator,0.657449,14,0.515181,"Признаки консолидации: 1 наблюдаемых отправителей, 7 seed-веток, входящий объём 279500 KZT. Граница наблюдения depth=4 ограничивает выводы."
100000002861485100,terminal,0.639066,5,0.306178,Признаки конечного получателя: наблюдаемый входящий объём 29323 KZT; нет наблюдаемых исходящих переводов.
100000002862113100,terminal,0.745558,16,0.354981,Признаки конечного получателя: наблюдаемый входящий объём 47405 KZT; нет наблюдаемых исходящих переводов.
100000002863356100,distributor,0.667299,24,0.329946,"Признаки распределения: 1 наблюдаемых получателей, исходящий объём 20000 KZT."
100000002864256100,terminal,0.845011,4,0.503832,Признаки конечного получателя: наблюдаемый входящий объём 135780 KZT; нет наблюдаемых исходящих переводов.
100000002864680100,terminal,0.734607,9,0.270085,Признаки конечного получателя: наблюдаемый входящий объём 55932 KZT; нет наблюдаемых исходящих переводов.
100000002870463100,coordinator,0.797722,34,0.603064,"Структурно значимый узел: процентили PageRank 0.97, betweenness 0.76 в своей depth-группе; 7 seed-веток."
100000002870937100,terminal,0.786624,3,0.277744,Признаки конечного получателя: наблюдаемый входящий объём 83700 KZT; нет наблюдаемых исходящих переводов.
100000002871199100,terminal,0.644670,16,0.302433,Признаки конечного получателя: наблюдаемый входящий объём 23186 KZT; нет наблюдаемых исходящих переводов.
100000002872399100,terminal,0.992386,3,0.399597,Признаки конечного получателя: наблюдаемый входящий объём 1090000 KZT; нет наблюдаемых исходящих переводов.
100000002876914100,peripheral,0.388262,37,0.072777,Выраженные признаки функциональной роли по наблюдаемым данным не выявлены. Граница наблюдения depth=4 ограничивает выводы.
100000002877262100,terminal,0.817893,29,0.471885,Признаки конечного получателя: наблюдаемый входящий объём 100000 KZT; нет наблюдаемых исходящих переводов.
100000002878467100,terminal,0.887056,29,0.514058,Признаки конечного получателя: наблюдаемый входящий объём 200000 KZT; нет наблюдаемых исходящих переводов.
100000002878483100,peripheral,0.457111,37,0.051242,Выраженные признаки функциональной роли по наблюдаемым данным не выявлены. Граница наблюдения depth=4 ограничивает выводы.
100000002881669100,terminal,0.575902,9,0.183294,Признаки конечного получателя: наблюдаемый входящий объём 18600 KZT; нет наблюдаемых исходящих переводов.
100000002883402100,consolidator,0.949365,20,0.718658,"Признаки консолидации: 3 наблюдаемых отправителей, 10 seed-веток, входящий объём 300000 KZT."
100000002884708100,consolidator,0.808126,29,0.678160,"Признаки консолидации: 1 наблюдаемых отправителей, 8 seed-веток, входящий объём 1171644 KZT. Граница наблюдения depth=4 ограничивает выводы."
100000002886166100,terminal,0.877538,28,0.323084,Признаки конечного получателя: наблюдаемый входящий объём 185000 KZT; нет наблюдаемых исходящих переводов.
100000002890167100,terminal,0.830149,5,0.412389,Признаки конечного получателя: наблюдаемый входящий объём 118150 KZT; нет наблюдаемых исходящих переводов.
100000002891765100,terminal,0.770939,16,0.369162,Признаки конечного получателя: наблюдаемый входящий объём 55576 KZT; нет наблюдаемых исходящих переводов.
100000002893020100,terminal,0.612944,33,0.291869,Признаки конечного получателя: наблюдаемый входящий объём 18340 KZT; нет наблюдаемых исходящих переводов.
100000002894076100,terminal,0.986200,3,0.584676,Признаки конечного получателя: наблюдаемый входящий объём 1122782 KZT; нет наблюдаемых исходящих переводов.
100000002896506100,consolidator,0.577878,26,0.399210,"Признаки консолидации: 1 наблюдаемых отправителей, 7 seed-веток, входящий объём 45000 KZT. Граница наблюдения depth=4 ограничивает выводы."
100000002901457100,distributor,0.909105,1,0.609429,"Признаки распределения: 3 наблюдаемых получателей, исходящий объём 119000 KZT."
100000002904919100,distributor,0.717957,8,0.454051,"Признаки распределения: 1 наблюдаемых получателей, исходящий объём 5500 KZT."
100000002906470100,terminal,0.842322,2,0.406781,Признаки конечного получателя: наблюдаемый входящий объём 130000 KZT; нет наблюдаемых исходящих переводов.
100000002908521100,terminal,0.734454,18,0.231575,Признаки конечного получателя: наблюдаемый входящий объём 44500 KZT; нет наблюдаемых исходящих переводов.
100000002911170100,terminal,0.927874,20,0.419542,Признаки конечного получателя: наблюдаемый входящий объём 300000 KZT; нет наблюдаемых исходящих переводов.
100000002913340100,terminal,0.648160,18,0.185566,Признаки конечного получателя: наблюдаемый входящий объём 23600 KZT; нет наблюдаемых исходящих переводов.
100000002914245100,terminal,0.850888,26,0.289791,Признаки конечного получателя: наблюдаемый входящий объём 140611 KZT; нет наблюдаемых исходящих переводов.
100000002916006100,peripheral,0.509375,38,0.195109,Выраженные признаки функциональной роли по наблюдаемым данным не выявлены.
100000002921047100,consolidator,0.793554,3,0.684245,"Признаки консолидации: 2 наблюдаемых отправителей, 9 seed-веток, входящий объём 338000 KZT."
100000002922000100,consolidator,0.672122,1,0.506885,"Признаки консолидации: 1 наблюдаемых отправителей, 7 seed-веток, входящий объём 448000 KZT. Граница наблюдения depth=4 ограничивает выводы."
100000002926970100,terminal,0.799492,33,0.392433,Признаки конечного получателя: наблюдаемый входящий объём 85000 KZT; нет наблюдаемых исходящих переводов.
100000002933386100,distributor,0.754918,6,0.519553,"Признаки распределения: 1 наблюдаемых получателей, исходящий объём 58000 KZT."
100000002934441100,terminal,0.739915,1,0.382373,Признаки конечного получателя: наблюдаемый входящий объём 60846 KZT; нет наблюдаемых исходящих переводов.
100000002936322100,terminal,0.984772,26,0.488449,Признаки конечного получателя: наблюдаемый входящий объём 787133 KZT; нет наблюдаемых исходящих переводов.
100000002938501100,distributor,0.699045,5,0.352643,"Признаки распределения: 1 наблюдаемых получателей, исходящий объём 5000 KZT."
100000002939838100,terminal,0.969214,25,0.574421,Признаки конечного получателя: наблюдаемый входящий объём 571233 KZT; нет наблюдаемых исходящих переводов.
100000002941114100,consolidator,0.766487,11,0.650912,"Признаки консолидации: 2 наблюдаемых отправителей, 8 seed-веток, входящий объём 128510 KZT."
100000002943472100,terminal,0.872145,29,0.505382,Признаки конечного получателя: наблюдаемый входящий объём 170000 KZT; нет наблюдаемых исходящих переводов.
100000002945031100,terminal,0.582805,6,0.275998,Признаки конечного получателя: наблюдаемый входящий объём 15000 KZT; нет наблюдаемых исходящих переводов.
100000002945626100,terminal,0.970812,29,0.579362,Признаки конечного получателя: наблюдаемый входящий объём 584000 KZT; нет наблюдаемых исходящих переводов.
100000002947299100,terminal,0.800976,6,0.458539,Признаки конечного получателя: наблюдаемый входящий объём 85000 KZT; нет наблюдаемых исходящих переводов.
100000002948492100,terminal,0.649112,16,0.304365,Признаки конечного получателя: наблюдаемый входящий объём 23660 KZT; нет наблюдаемых исходящих переводов.
100000002951898100,terminal,0.722081,16,0.342103,Признаки конечного получателя: наблюдаемый входящий объём 39990 KZT; нет наблюдаемых исходящих переводов.
100000002952631100,terminal,0.707006,5,0.344809,Признаки конечного получателя: наблюдаемый входящий объём 48050 KZT; нет наблюдаемых исходящих переводов.
100000002952756100,terminal,0.742069,20,0.268247,Признаки конечного получателя: наблюдаемый входящий объём 47000 KZT; нет наблюдаемых исходящих переводов.
100000002954780100,terminal,0.844543,29,0.490552,Признаки конечного получателя: наблюдаемый входящий объём 133400 KZT; нет наблюдаемых исходящих переводов.
100000002956769100,terminal,0.988579,29,0.593753,Признаки конечного получателя: наблюдаемый входящий объём 840000 KZT; нет наблюдаемых исходящих переводов.
100000002956779100,terminal,0.945431,4,0.366323,Признаки конечного получателя: наблюдаемый входящий объём 411000 KZT; нет наблюдаемых исходящих переводов.
100000002956898100,terminal,0.926247,5,0.431198,Признаки конечного получателя: наблюдаемый входящий объём 290240 KZT; нет наблюдаемых исходящих переводов.
100000002957306100,terminal,0.944798,11,0.575690,Признаки конечного получателя: наблюдаемый входящий объём 398490 KZT; нет наблюдаемых исходящих переводов.
100000002957787100,distributor,0.972614,1,0.634837,"Признаки распределения: 34 наблюдаемых получателей, исходящий объём 1276154 KZT."
100000002958139100,terminal,0.890863,29,0.505625,Признаки конечного получателя: наблюдаемый входящий объём 209500 KZT; нет наблюдаемых исходящих переводов.
100000002958286100,terminal,0.911890,3,0.358508,Признаки конечного получателя: наблюдаемый входящий объём 257000 KZT; нет наблюдаемых исходящих переводов.
100000002958343100,distributor,0.834328,3,0.493433,"Признаки распределения: 2 наблюдаемых получателей, исходящий объём 1390000 KZT."
100000002958345100,terminal,0.928299,20,0.361853,Признаки конечного получателя: наблюдаемый входящий объём 307000 KZT; нет наблюдаемых исходящих переводов.
100000002963189100,distributor,0.984296,16,0.655838,"Признаки распределения: 7 наблюдаемых получателей, исходящий объём 5219000 KZT."
100000002964966100,terminal,0.892625,6,0.487993,Признаки конечного получателя: наблюдаемый входящий объём 200000 KZT; нет наблюдаемых исходящих переводов.
100000002968096100,consolidator,0.602709,2,0.423758,"Признаки консолидации: 1 наблюдаемых отправителей, 7 seed-веток, входящий объём 70000 KZT. Граница наблюдения depth=4 ограничивает выводы."
100000002969048100,terminal,0.835141,34,0.275949,Признаки конечного получателя: наблюдаемый входящий объём 108470 KZT; нет наблюдаемых исходящих переводов.
100000002970466100,distributor,0.865958,7,0.498090,"Признаки распределения: 2 наблюдаемых получателей, исходящий объём 93000 KZT."
100000002971593100,consolidator,0.584650,8,0.434763,"Признаки консолидации: 1 наблюдаемых отправителей, 7 seed-веток, входящий объём 49050 KZT. Граница наблюдения depth=4 ограничивает выводы."
100000002973903100,consolidator,0.801168,9,0.593800,"Признаки консолидации: 3 наблюдаемых отправителей, 8 seed-веток, входящий объём 92880 KZT."
100000002974256100,peripheral,0.475054,9,0.139355,Выраженные признаки функциональной роли по наблюдаемым данным не выявлены.
100000002975287100,terminal,0.582805,1,0.268907,Признаки конечного получателя: наблюдаемый входящий объём 15000 KZT; нет наблюдаемых исходящих переводов.
100000002975437100,terminal,0.762904,30,0.460781,Признаки конечного получателя: наблюдаемый входящий объём 530000 KZT; наблюдаемый исходящий объём 8500 KZT.
100000002981489100,peripheral,0.408578,8,0.166185,Выраженные признаки функциональной роли по наблюдаемым данным не выявлены. Граница наблюдения depth=4 ограничивает выводы.
100000002981527100,terminal,0.862527,3,0.333692,Признаки конечного получателя: наблюдаемый входящий объём 168000 KZT; нет наблюдаемых исходящих переводов.
100000002982252100,terminal,0.593418,27,0.196884,Признаки конечного получателя: наблюдаемый входящий объём 20320 KZT; нет наблюдаемых исходящих переводов.
100000002983426100,terminal,0.802665,33,0.395051,Признаки конечного получателя: наблюдаемый входящий объём 88945 KZT; нет наблюдаемых исходящих переводов.
100000002983879100,terminal,0.895879,6,0.504864,Признаки конечного получателя: наблюдаемый входящий объём 200050 KZT; нет наблюдаемых исходящих переводов.
100000002984403100,distributor,0.738103,12,0.480111,"Признаки распределения: 1 наблюдаемых получателей, исходящий объём 25000 KZT."
100000002986245100,peripheral,0.460497,37,0.049955,Выраженные признаки функциональной роли по наблюдаемым данным не выявлены. Граница наблюдения depth=4 ограничивает выводы.
100000002988894100,distributor,0.860403,4,0.673960,"Признаки распределения: 3 наблюдаемых получателей, исходящий объём 77500 KZT."
100000002989353100,distributor,0.884359,20,0.506980,"Признаки распределения: 2 наблюдаемых получателей, исходящий объём 321160 KZT."
100000002990675100,terminal,0.759518,8,0.329454,Признаки конечного получателя: наблюдаемый входящий объём 51143 KZT; нет наблюдаемых исходящих переводов.
100000002991079100,consolidator,0.723970,5,0.582478,"Признаки консолидации: 2 наблюдаемых отправителей, 7 seed-веток, входящий объём 148900 KZT."
100000002992171100,peripheral,0.457537,27,0.116343,Выраженные признаки функциональной роли по наблюдаемым данным не выявлены.
100000002994441100,peripheral,0.489278,1,0.207232,Выраженные признаки функциональной роли по наблюдаемым данным не выявлены. Граница наблюдения depth=4 ограничивает выводы.
100000002999140100,peripheral,0.408578,9,0.168894,Выраженные признаки функциональной роли по наблюдаемым данным не выявлены. Граница наблюдения depth=4 ограничивает выводы.
100000003001138100,consolidator,0.554176,14,0.379063,"Признаки консолидации: 1 наблюдаемых отправителей, 7 seed-веток, входящий объём 30000 KZT. Граница наблюдения depth=4 ограничивает выводы."
100000003001564100,distributor,0.749735,5,0.496576,"Признаки распределения: 1 наблюдаемых получателей, исходящий объём 180000 KZT."
100000003001661100,distributor,0.958598,14,0.635108,"Признаки распределения: 5 наблюдаемых получателей, исходящий объём 439500 KZT."
100000003003821100,terminal,0.693601,4,0.448924,Признаки конечного получателя: наблюдаемый входящий объём 40000 KZT; нет наблюдаемых исходящих переводов.
100000003004487100,distributor,0.834130,1,0.599236,"Признаки распределения: 2 наблюдаемых получателей, исходящий объём 265015 KZT."
100000003005167100,peripheral,0.444695,37,0.055508,Выраженные признаки функциональной роли по наблюдаемым данным не выявлены. Граница наблюдения depth=4 ограничивает выводы.
100000003006633100,peripheral,0.450825,23,0.216083,Выраженные признаки функциональной роли по наблюдаемым данным не выявлены.
100000003009900100,terminal,0.591371,33,0.280771,Признаки конечного получателя: наблюдаемый входящий объём 15998 KZT; нет наблюдаемых исходящих переводов.
100000003010908100,peripheral,0.339165,33,0.221639,Выраженные признаки функциональной роли по наблюдаемым данным не выявлены. Граница наблюдения depth=4 ограничивает выводы.
100000003014659100,terminal,0.919321,11,0.509087,Признаки конечного получателя: наблюдаемый входящий объём 280000 KZT; нет наблюдаемых исходящих переводов.
100000003016438100,distributor,0.781091,29,0.648201,"Признаки распределения: 1 наблюдаемых получателей, исходящий объём 300000 KZT."
100000003016635100,distributor,0.990625,5,0.747750,"Признаки распределения: 73 наблюдаемых получателей, исходящий объём 9414081 KZT."
100000003016773100,terminal,0.712581,2,0.416670,Признаки конечного получателя: наблюдаемый входящий объём 46555 KZT; нет наблюдаемых исходящих переводов.
100000003022835100,terminal,0.837049,4,0.500608,Признаки конечного получателя: наблюдаемый входящий объём 125000 KZT; нет наблюдаемых исходящих переводов.
100000003024542100,consolidator,0.557267,4,0.457229,"Признаки консолидации: 1 наблюдаемых отправителей, 10 seed-веток, входящий объём 8500 KZT."
100000003025903100,consolidator,0.667043,26,0.506546,"Признаки консолидации: 1 наблюдаемых отправителей, 7 seed-веток, входящий объём 386300 KZT. Граница наблюдения depth=4 ограничивает выводы."
100000003031003100,consolidator,0.933058,29,0.704959,"Признаки консолидации: 3 наблюдаемых отправителей, 9 seed-веток, входящий объём 280090 KZT."
100000003031633100,terminal,0.946066,29,0.543915,Признаки конечного получателя: наблюдаемый входящий объём 414000 KZT; нет наблюдаемых исходящих переводов.
100000003031761100,terminal,0.952411,26,0.357843,Признаки конечного получателя: наблюдаемый входящий объём 460408 KZT; нет наблюдаемых исходящих переводов.
100000003031890100,terminal,0.903471,28,0.328774,Признаки конечного получателя: наблюдаемый входящий объём 215000 KZT; нет наблюдаемых исходящих переводов.
100000003034546100,terminal,0.964208,29,0.344132,Признаки конечного получателя: наблюдаемый входящий объём 486715 KZT; нет наблюдаемых исходящих переводов.
100000003035737100,consolidator,0.824114,26,0.637669,"Признаки консолидации: 2 наблюдаемых отправителей, 7 seed-веток, входящий объём 809170 KZT."
100000003036198100,terminal,0.574295,1,0.249140,Признаки конечного получателя: наблюдаемый входящий объём 15000 KZT; нет наблюдаемых исходящих переводов.
100000003037476100,consolidator,0.954063,29,0.687573,"Признаки консолидации: 3 наблюдаемых отправителей, 8 seed-веток, входящий объём 555000 KZT. Граница наблюдения depth=4 ограничивает выводы."
100000003037660100,terminal,0.725584,4,0.442964,Признаки конечного получателя: наблюдаемый входящий объём 53000 KZT; нет наблюдаемых исходящих переводов.
100000003039473100,terminal,0.618221,5,0.287771,Признаки конечного получателя: наблюдаемый входящий объём 23000 KZT; нет наблюдаемых исходящих переводов.
100000003040087100,consolidator,0.551354,33,0.363318,"Признаки консолидации: 1 наблюдаемых отправителей, 7 seed-веток, входящий объём 29000 KZT. Граница наблюдения depth=4 ограничивает выводы."
100000003042994100,terminal,0.922505,5,0.462118,Признаки конечного получателя: наблюдаемый входящий объём 286086 KZT; нет наблюдаемых исходящих переводов.
100000003044431100,terminal,0.759219,6,0.337229,Признаки конечного получателя: наблюдаемый входящий объём 60000 KZT; нет наблюдаемых исходящих переводов.
100000003044518100,terminal,0.656051,3,0.211391,Признаки конечного получателя: наблюдаемый входящий объём 34423 KZT; нет наблюдаемых исходящих переводов.
100000003047800100,peripheral,0.386005,20,0.103149,Выраженные признаки функциональной роли по наблюдаемым данным не выявлены. Граница наблюдения depth=4 ограничивает выводы.
100000003050771100,terminal,0.896574,6,0.445799,Признаки конечного получателя: наблюдаемый входящий объём 229000 KZT; нет наблюдаемых исходящих переводов.
100000003054328100,distributor,0.806670,20,0.427657,"Признаки распределения: 2 наблюдаемых получателей, исходящий объём 193720 KZT."
100000003057225100,terminal,0.902335,5,0.451433,Признаки конечного получателя: наблюдаемый входящий объём 236000 KZT; нет наблюдаемых исходящих переводов.
100000003060187100,terminal,0.808376,2,0.387256,Признаки конечного получателя: наблюдаемый входящий объём 93046 KZT; нет наблюдаемых исходящих переводов.
100000003060517100,terminal,0.928934,1,0.459686,Признаки конечного получателя: наблюдаемый входящий объём 315955 KZT; нет наблюдаемых исходящих переводов.
100000003061115100,consolidator,0.577878,1,0.433409,"Признаки консолидации: 1 наблюдаемых отправителей, 7 seed-веток, входящий объём 45000 KZT. Граница наблюдения depth=4 ограничивает выводы."
100000003062895100,terminal,0.930586,2,0.527283,Признаки конечного получателя: наблюдаемый входящий объём 328444 KZT; нет наблюдаемых исходящих переводов.
100000003066385100,consolidator,0.600796,1,0.399347,"Признаки консолидации: 2 наблюдаемых отправителей, 7 seed-веток, входящий объём 20000 KZT."
100000003068941100,consolidator,0.698314,7,0.509630,"Признаки консолидации: 3 наблюдаемых отправителей, 7 seed-веток, входящий объём 94000 KZT."
100000003069463100,distributor,0.733344,13,0.424765,"Признаки распределения: 1 наблюдаемых получателей, исходящий объём 17920 KZT."
100000003071649100,terminal,0.880076,29,0.512671,Признаки конечного получателя: наблюдаемый входящий объём 189500 KZT; нет наблюдаемых исходящих переводов.
100000003071930100,consolidator,0.876047,3,0.731362,"Признаки консолидации: 3 наблюдаемых отправителей, 8 seed-веток, входящий объём 477610 KZT."
100000003072205100,consolidator,0.912302,29,0.641693,"Признаки консолидации: 2 наблюдаемых отправителей, 8 seed-веток, входящий объём 163000 KZT. Граница наблюдения depth=4 ограничивает выводы."
100000003072676100,terminal,0.700508,1,0.326342,Признаки конечного получателя: наблюдаемый входящий объём 31545 KZT; нет наблюдаемых исходящих переводов.
100000003073398100,terminal,0.814534,34,0.265033,Признаки конечного получателя: наблюдаемый входящий объём 92960 KZT; нет наблюдаемых исходящих переводов.
100000003073635100,terminal,0.841371,1,0.409128,Признаки конечного получателя: наблюдаемый входящий объём 129231 KZT; нет наблюдаемых исходящих переводов.
100000003074515100,consolidator,0.748307,29,0.571670,"Признаки консолидации: 1 наблюдаемых отправителей, 8 seed-веток, входящий объём 105000 KZT. Граница наблюдения depth=4 ограничивает выводы."
100000003078839100,peripheral,0.369639,1,0.197616,Выраженные признаки функциональной роли по наблюдаемым данным не выявлены. Граница наблюдения depth=4 ограничивает выводы.
100000003083865100,peripheral,0.357223,33,0.183598,Выраженные признаки функциональной роли по наблюдаемым данным не выявлены. Граница наблюдения depth=4 ограничивает выводы.
100000003084870100,peripheral,0.453160,20,0.095336,Выраженные признаки функциональной роли по наблюдаемым данным не выявлены. Граница наблюдения depth=4 ограничивает выводы.
100000003086040100,terminal,0.554230,1,0.297191,Признаки конечного получателя: наблюдаемый входящий объём 10500 KZT; нет наблюдаемых исходящих переводов.
100000003087877100,terminal,0.807741,26,0.263978,Признаки конечного получателя: наблюдаемый входящий объём 91486 KZT; нет наблюдаемых исходящих переводов.
100000003089018100,terminal,0.911063,29,0.310114,Признаки конечного получателя: наблюдаемый входящий объём 230000 KZT; нет наблюдаемых исходящих переводов.
100000003089553100,terminal,0.858820,29,0.495684,Признаки конечного получателя: наблюдаемый входящий объём 150000 KZT; нет наблюдаемых исходящих переводов.
100000003091142100,consolidator,0.569977,7,0.409876,"Признаки консолидации: 1 наблюдаемых отправителей, 7 seed-веток, входящий объём 40000 KZT. Граница наблюдения depth=4 ограничивает выводы."
100000003093299100,terminal,0.582805,7,0.256582,Признаки конечного получателя: наблюдаемый входящий объём 15000 KZT; нет наблюдаемых исходящих переводов.
100000003095610100,terminal,0.649746,33,0.309020,Признаки конечного получателя: наблюдаемый входящий объём 23665 KZT; нет наблюдаемых исходящих переводов.
100000003096787100,peripheral,0.343115,33,0.187788,Выраженные признаки функциональной роли по наблюдаемым данным не выявлены. Граница наблюдения depth=4 ограничивает выводы.
100000003097324100,terminal,0.920685,29,0.551275,Признаки конечного получателя: наблюдаемый входящий объём 294000 KZT; нет наблюдаемых исходящих переводов.
100000003097947100,consolidator,0.590293,1,0.413093,"Признаки консолидации: 1 наблюдаемых отправителей, 7 seed-веток, входящий объём 52980 KZT. Граница наблюдения depth=4 ограничивает выводы."
100000003102157100,terminal,0.805732,1,0.409729,Признаки конечного получателя: наблюдаемый входящий объём 96746 KZT; нет наблюдаемых исходящих переводов.
100000003104347100,terminal,0.730944,1,0.444773,Признаки конечного получателя: наблюдаемый входящий объём 418000 KZT; наблюдаемый исходящий объём 32000 KZT.
100000003105089100,peripheral,0.408578,25,0.177274,Выраженные признаки функциональной роли по наблюдаемым данным не выявлены. Граница наблюдения depth=4 ограничивает выводы.
100000003105929100,distributor,0.773001,8,0.547116,"Признаки распределения: 1 наблюдаемых получателей, исходящий объём 156354 KZT."
100000003109805100,terminal,0.715102,23,0.327741,Признаки конечного получателя: наблюдаемый входящий объём 36929 KZT; нет наблюдаемых исходящих переводов.
100000003111305100,terminal,0.965102,34,0.566282,Признаки конечного получателя: наблюдаемый входящий объём 509338 KZT; нет наблюдаемых исходящих переводов.
100000003112436100,terminal,0.824837,25,0.362356,Признаки конечного получателя: наблюдаемый входящий объём 100000 KZT; нет наблюдаемых исходящих переводов.
100000003112578100,terminal,0.824239,20,0.295933,Признаки конечного получателя: наблюдаемый входящий объём 101080 KZT; нет наблюдаемых исходящих переводов.
100000003115284100,consolidator,0.965410,6,0.862398,"Признаки консолидации: 8 наблюдаемых отправителей, 11 seed-веток, входящий объём 2160500 KZT."
100000003116106100,terminal,0.959391,8,0.458658,Признаки конечного получателя: наблюдаемый входящий объём 494050 KZT; нет наблюдаемых исходящих переводов.
100000003119550100,terminal,0.596072,27,0.198596,Признаки конечного получателя: наблюдаемый входящий объём 21000 KZT; нет наблюдаемых исходящих переводов.
100000003122817100,terminal,0.949873,13,0.476123,Признаки конечного получателя: наблюдаемый входящий объём 444680 KZT; нет наблюдаемых исходящих переводов.
100000003123296100,terminal,0.789809,9,0.302696,Признаки конечного получателя: наблюдаемый входящий объём 86200 KZT; нет наблюдаемых исходящих переводов.
100000003125997100,consolidator,0.736456,29,0.610440,"Признаки консолидации: 1 наблюдаемых отправителей, 8 seed-веток, входящий объём 87750 KZT. Граница наблюдения depth=4 ограничивает выводы."
100000003128638100,consolidator,0.786117,29,0.627878,"Признаки консолидации: 1 наблюдаемых отправителей, 8 seed-веток, входящий объём 300000 KZT. Граница наблюдения depth=4 ограничивает выводы."
100000003131016100,distributor,0.702549,1,0.520645,"Признаки распределения: 1 наблюдаемых получателей, исходящий объём 126000 KZT."
100000003131693100,terminal,0.936306,4,0.552781,Признаки конечного получателя: наблюдаемый входящий объём 353277 KZT; нет наблюдаемых исходящих переводов.
100000003132484100,terminal,0.804886,29,0.304519,Признаки конечного получателя: наблюдаемый входящий объём 90000 KZT; нет наблюдаемых исходящих переводов.
100000003133045100,consolidator,0.601016,35,0.426806,"Признаки консолидации: 1 наблюдаемых отправителей, 7 seed-веток, входящий объём 68000 KZT. Граница наблюдения depth=4 ограничивает выводы."
100000003134474100,terminal,0.833756,8,0.373836,Признаки конечного получателя: наблюдаемый входящий объём 116000 KZT; нет наблюдаемых исходящих переводов.
100000003134550100,consolidator,0.744074,29,0.567353,"Признаки консолидации: 1 наблюдаемых отправителей, 8 seed-веток, входящий объём 100000 KZT. Граница наблюдения depth=4 ограничивает выводы."
100000003134934100,terminal,0.942516,2,0.532473,Признаки конечного получателя: наблюдаемый входящий объём 379354 KZT; нет наблюдаемых исходящих переводов.
100000003134937100,peripheral,0.480892,5,0.202850,Выраженные признаки функциональной роли по наблюдаемым данным не выявлены.
100000003146511100,peripheral,0.408578,6,0.185655,Выраженные признаки функциональной роли по наблюдаемым данным не выявлены. Граница наблюдения depth=4 ограничивает выводы.
100000003147719100,terminal,0.817893,29,0.472678,Признаки конечного получателя: наблюдаемый входящий объём 100000 KZT; нет наблюдаемых исходящих переводов.
100000003148220100,distributor,0.803875,39,0.423875,"Признаки распределения: 2 наблюдаемых получателей, исходящий объём 43400 KZT."
100000003149149100,terminal,0.903553,8,0.418855,Признаки конечного получателя: наблюдаемый входящий объём 245000 KZT; нет наблюдаемых исходящих переводов.
100000003152964100,distributor,0.717957,1,0.505162,"Признаки распределения: 1 наблюдаемых получателей, исходящий объём 5500 KZT."
100000003154105100,distributor,0.963991,25,0.629074,"Признаки распределения: 7 наблюдаемых получателей, исходящий объём 338000 KZT."
100000003157333100,terminal,0.663232,34,0.194824,Признаки конечного получателя: наблюдаемый входящий объём 30000 KZT; нет наблюдаемых исходящих переводов.
100000003157679100,terminal,0.968909,29,0.582627,Признаки конечного получателя: наблюдаемый входящий объём 541000 KZT; нет наблюдаемых исходящих переводов.
100000003158727100,terminal,0.938429,3,0.525732,Признаки конечного получателя: наблюдаемый входящий объём 367940 KZT; нет наблюдаемых исходящих переводов.
100000003159641100,distributor,0.711768,5,0.493818,"Признаки распределения: 1 наблюдаемых получателей, исходящий объём 197800 KZT."
100000003163256100,distributor,0.708864,5,0.415589,"Признаки распределения: 1 наблюдаемых получателей, исходящий объём 15000 KZT."
100000003163886100,terminal,0.962881,25,0.603990,Признаки конечного получателя: наблюдаемый входящий объём 500000 KZT; нет наблюдаемых исходящих переводов.
100000003164661100,terminal,0.971447,22,0.385730,Признаки конечного получателя: наблюдаемый входящий объём 596200 KZT; нет наблюдаемых исходящих переводов.
100000003166017100,peripheral,0.357223,33,0.183598,Выраженные признаки функциональной роли по наблюдаемым данным не выявлены. Граница наблюдения depth=4 ограничивает выводы.
100000003166755100,terminal,0.625813,1,0.271226,Признаки конечного получателя: наблюдаемый входящий объём 24010 KZT; нет наблюдаемых исходящих переводов.
100000003171006100,terminal,0.957487,29,0.572709,Признаки конечного получателя: наблюдаемый входящий объём 485000 KZT; нет наблюдаемых исходящих переводов.
100000003171587100,distributor,0.890704,26,0.607345,"Признаки распределения: 2 наблюдаемых получателей, исходящий объём 431300 KZT."
100000003173783100,peripheral,0.292325,20,0.226134,Выраженные признаки функциональной роли по наблюдаемым данным не выявлены. Граница наблюдения depth=4 ограничивает выводы.
100000003177533100,peripheral,0.315463,26,0.218372,Выраженные признаки функциональной роли по наблюдаемым данным не выявлены. Граница наблюдения depth=4 ограничивает выводы.
100000003178549100,distributor,0.920368,23,0.602424,"Признаки распределения: 4 наблюдаемых получателей, исходящий объём 89080 KZT."
100000003180305100,consolidator,0.634594,7,0.477511,"Признаки консолидации: 1 наблюдаемых отправителей, 7 seed-веток, входящий объём 144000 KZT. Граница наблюдения depth=4 ограничивает выводы."
100000003180820100,consolidator,0.746614,29,0.569808,"Признаки консолидации: 1 наблюдаемых отправителей, 8 seed-веток, входящий объём 101000 KZT. Граница наблюдения depth=4 ограничивает выводы."
100000003186579100,consolidator,0.626129,1,0.469216,"Признаки консолидации: 1 наблюдаемых отправителей, 7 seed-веток, входящий объём 110000 KZT. Граница наблюдения depth=4 ограничивает выводы."
100000003187359100,terminal,0.579618,27,0.191040,Признаки конечного получателя: наблюдаемый входящий объём 19072 KZT; нет наблюдаемых исходящих переводов.
100000003188607100,distributor,0.650759,3,0.294577,"Признаки распределения: 1 наблюдаемых получателей, исходящий объём 5000 KZT."
100000003190207100,distributor,0.786009,38,0.627728,"Признаки распределения: 1 наблюдаемых получателей, исходящий объём 377000 KZT."
100000003191430100,terminal,0.879610,5,0.423275,Признаки конечного получателя: наблюдаемый входящий объём 180000 KZT; нет наблюдаемых исходящих переводов.
100000003192220100,terminal,0.759219,5,0.371394,Признаки конечного получателя: наблюдаемый входящий объём 60000 KZT; нет наблюдаемых исходящих переводов.
100000003192309100,distributor,0.777443,18,0.382398,"Признаки распределения: 1 наблюдаемых получателей, исходящий объём 213000 KZT."
100000003194831100,peripheral,0.454853,20,0.054272,Выраженные признаки функциональной роли по наблюдаемым данным не выявлены. Граница наблюдения depth=4 ограничивает выводы.
100000003199390100,consolidator,0.654063,8,0.482167,"Признаки консолидации: 1 наблюдаемых отправителей, 7 seed-веток, входящий объём 260000 KZT. Граница наблюдения depth=4 ограничивает выводы."
100000003200071100,peripheral,0.512500,42,0.191500,Выраженные признаки функциональной роли по наблюдаемым данным не выявлены.
100000003204491100,distributor,0.765863,8,0.518563,"Признаки распределения: 1 наблюдаемых получателей, исходящий объём 100000 KZT."
100000003205210100,terminal,0.847134,4,0.504597,Признаки конечного получателя: наблюдаемый входящий объём 137563 KZT; нет наблюдаемых исходящих переводов.
100000003207060100,consolidator,0.590858,1,0.429853,"Признаки консолидации: 1 наблюдаемых отправителей, 7 seed-веток, входящий объём 53000 KZT. Граница наблюдения depth=4 ограничивает выводы."
100000003213473100,distributor,0.965736,6,0.564867,"Признаки распределения: 11 наблюдаемых получателей, исходящий объём 240000 KZT."
100000003214786100,peripheral,0.489278,1,0.184969,Выраженные признаки функциональной роли по наблюдаемым данным не выявлены. Граница наблюдения depth=4 ограничивает выводы.
100000003215448100,distributor,0.871034,1,0.556129,"Признаки распределения: 2 наблюдаемых получателей, исходящий объём 124000 KZT."
100000003216073100,distributor,0.758090,26,0.353150,"Признаки распределения: 1 наблюдаемых получателей, исходящий объём 70000 KZT."
100000003218308100,terminal,0.561548,7,0.248096,Признаки конечного получателя: наблюдаемый входящий объём 11165 KZT; нет наблюдаемых исходящих переводов.
100000003219438100,terminal,0.675163,14,0.335480,Признаки конечного получателя: наблюдаемый входящий объём 32000 KZT; нет наблюдаемых исходящих переводов.
100000003220685100,consolidator,0.683409,8,0.529571,"Признаки консолидации: 1 наблюдаемых отправителей, 7 seed-веток, входящий объём 1306000 KZT. Граница наблюдения depth=4 ограничивает выводы."
100000003221384100,terminal,0.968547,5,0.456432,Признаки конечного получателя: наблюдаемый входящий объём 511200 KZT; нет наблюдаемых исходящих переводов.
100000003221510100,distributor,0.870558,7,0.505190,"Признаки распределения: 2 наблюдаемых получателей, исходящий объём 120000 KZT."
100000003230328100,consolidator,0.700677,6,0.428939,"Признаки консолидации: 3 наблюдаемых отправителей, 7 seed-веток, входящий объём 26572 KZT. Граница наблюдения depth=4 ограничивает выводы."
100000003230329100,consolidator,0.751411,29,0.575649,"Признаки консолидации: 1 наблюдаемых отправителей, 8 seed-веток, входящий объём 110000 KZT. Граница наблюдения depth=4 ограничивает выводы."
100000003232675100,consolidator,0.575056,6,0.413939,"Признаки консолидации: 1 наблюдаемых отправителей, 7 seed-веток, входящий объём 44000 KZT. Граница наблюдения depth=4 ограничивает выводы."
100000003235780100,terminal,0.749469,7,0.363917,Признаки конечного получателя: наблюдаемый входящий объём 65000 KZT; нет наблюдаемых исходящих переводов.
100000003237045100,distributor,0.703633,5,0.489669,"Признаки распределения: 1 наблюдаемых получателей, исходящий объём 150000 KZT."
100000003239379100,terminal,0.799363,9,0.307967,Признаки конечного получателя: наблюдаемый входящий объём 92500 KZT; нет наблюдаемых исходящих переводов.
100000003239859100,terminal,0.575902,9,0.183294,Признаки конечного получателя: наблюдаемый входящий объём 18600 KZT; нет наблюдаемых исходящих переводов.
100000003241965100,terminal,0.582805,33,0.276093,Признаки конечного получателя: наблюдаемый входящий объём 15000 KZT; нет наблюдаемых исходящих переводов.
100000003242289100,distributor,0.974241,23,0.626605,"Признаки распределения: 23 наблюдаемых получателей, исходящий объём 2377741 KZT."
100000003242795100,terminal,0.829949,8,0.370752,Признаки конечного получателя: наблюдаемый входящий объём 111000 KZT; нет наблюдаемых исходящих переводов.
100000003246024100,coordinator,0.730369,1,0.501594,"Структурно значимый узел: процентили PageRank 0.53, betweenness 0.97 в своей depth-группе; 7 seed-веток."
100000003247600100,consolidator,0.592551,6,0.461682,"Признаки консолидации: 1 наблюдаемых отправителей, 7 seed-веток, входящий объём 58000 KZT. Граница наблюдения depth=4 ограничивает выводы."
100000003249054100,consolidator,0.740253,6,0.543280,"Признаки консолидации: 7 наблюдаемых отправителей, 7 seed-веток, входящий объём 99700 KZT."
100000003252446100,consolidator,0.749436,29,0.573702,"Признаки консолидации: 1 наблюдаемых отправителей, 8 seed-веток, входящий объём 108600 KZT. Граница наблюдения depth=4 ограничивает выводы."
100000003254277100,distributor,0.747938,7,0.461056,"Признаки распределения: 1 наблюдаемых получателей, исходящий объём 44997 KZT."
100000003254723100,terminal,0.921909,4,0.547587,Признаки конечного получателя: наблюдаемый входящий объём 269850 KZT; нет наблюдаемых исходящих переводов.
100000003265158100,coordinator,0.863482,5,0.749926,"Структурно значимый узел: процентили PageRank 0.79, betweenness 0.92 в своей depth-группе; 9 seed-веток."
100000003265658100,peripheral,0.644531,43,0.167441,Выраженные признаки функциональной роли по наблюдаемым данным не выявлены.
100000003270419100,terminal,0.858820,4,0.554155,Признаки конечного получателя: наблюдаемый входящий объём 150000 KZT; нет наблюдаемых исходящих переводов.
100000003271151100,terminal,0.840736,1,0.408280,Признаки конечного получателя: наблюдаемый входящий объём 127294 KZT; нет наблюдаемых исходящих переводов.
100000003275398100,terminal,0.709124,28,0.314902,Признаки конечного получателя: наблюдаемый входящий объём 300000 KZT; наблюдаемый исходящий объём 20000 KZT.
100000003278020100,terminal,0.886659,1,0.401939,Признаки конечного получателя: наблюдаемый входящий объём 190000 KZT; нет наблюдаемых исходящих переводов.
100000003284932100,terminal,0.757962,4,0.461348,Признаки конечного получателя: наблюдаемый входящий объём 69925 KZT; нет наблюдаемых исходящих переводов.
100000003286537100,terminal,0.862310,29,0.493966,Признаки конечного получателя: наблюдаемый входящий объём 153000 KZT; нет наблюдаемых исходящих переводов.
100000003289281100,consolidator,0.569977,8,0.437472,"Признаки консолидации: 1 наблюдаемых отправителей, 7 seed-веток, входящий объём 40000 KZT. Граница наблюдения depth=4 ограничивает выводы."
100000003289405100,terminal,0.936009,4,0.336258,Признаки конечного получателя: наблюдаемый входящий объём 355000 KZT; нет наблюдаемых исходящих переводов.
100000003292191100,terminal,0.830584,29,0.476643,Признаки конечного получателя: наблюдаемый входящий объём 112000 KZT; нет наблюдаемых исходящих переводов.
100000003292979100,terminal,0.715835,4,0.440211,Признаки конечного получателя: наблюдаемый входящий объём 48950 KZT; нет наблюдаемых исходящих переводов.
100000003293377100,terminal,0.753173,8,0.326313,Признаки конечного получателя: наблюдаемый входящий объём 50000 KZT; нет наблюдаемых исходящих переводов.
100000003299365100,distributor,0.750796,4,0.604979,"Признаки распределения: 1 наблюдаемых получателей, исходящий объём 200000 KZT."
100000003321423100,terminal,0.824837,11,0.477541,Признаки конечного получателя: наблюдаемый входящий объём 100000 KZT; нет наблюдаемых исходящих переводов.
100000003321895100,distributor,0.893242,5,0.595485,"Признаки распределения: 2 наблюдаемых получателей, исходящий объём 553830 KZT."
100000003336565100,terminal,0.584599,24,0.163059,Признаки конечного получателя: наблюдаемый входящий объём 16550 KZT; нет наблюдаемых исходящих переводов.
100000003338583100,terminal,0.634518,28,0.185200,Признаки конечного получателя: наблюдаемый входящий объём 21765 KZT; нет наблюдаемых исходящих переводов.
100000003345947100,consolidator,0.607788,26,0.451693,"Признаки консолидации: 1 наблюдаемых отправителей, 7 seed-веток, входящий объём 79500 KZT. Граница наблюдения depth=4 ограничивает выводы."
100000003349739100,peripheral,0.644531,44,0.167441,Выраженные признаки функциональной роли по наблюдаемым данным не выявлены.
100000003360542100,consolidator,0.876654,6,0.758043,"Признаки консолидации: 2 наблюдаемых отправителей, 11 seed-веток, входящий объём 317000 KZT."
100000003366154100,distributor,0.880042,4,0.670154,"Признаки распределения: 3 наблюдаемых получателей, исходящий объём 289170 KZT."
100000003366471100,consolidator,0.789139,1,0.605286,"Признаки консолидации: 2 наблюдаемых отправителей, 7 seed-веток, входящий объём 329789 KZT."
100000003370425100,peripheral,0.315463,1,0.257988,Выраженные признаки функциональной роли по наблюдаемым данным не выявлены. Граница наблюдения depth=4 ограничивает выводы.
100000003377795100,peripheral,0.494692,3,0.101614,Выраженные признаки функциональной роли по наблюдаемым данным не выявлены.
100000003390036100,consolidator,0.857337,6,0.782869,"Признаки консолидации: 2 наблюдаемых отправителей, 11 seed-веток, входящий объём 231300 KZT."
100000003404627100,terminal,0.981953,1,0.613508,Признаки конечного получателя: наблюдаемый входящий объём 877700 KZT; нет наблюдаемых исходящих переводов.
100000003406094100,distributor,0.890387,5,0.574051,"Признаки распределения: 3 наблюдаемых получателей, исходящий объём 47000 KZT."
100000003447411100,consolidator,0.662528,2,0.470485,"Признаки консолидации: 1 наблюдаемых отправителей, 7 seed-веток, входящий объём 302000 KZT. Граница наблюдения depth=4 ограничивает выводы."
100000003448713100,consolidator,0.655756,2,0.463544,"Признаки консолидации: 1 наблюдаемых отправителей, 7 seed-веток, входящий объём 266750 KZT. Граница наблюдения depth=4 ограничивает выводы."
100000003449074100,peripheral,0.483546,1,0.204403,Выраженные признаки функциональной роли по наблюдаемым данным не выявлены.
100000003457710100,distributor,0.797747,8,0.561526,"Признаки распределения: 1 наблюдаемых получателей, исходящий объём 1306000 KZT."
100000003470579100,consolidator,0.664786,13,0.520598,"Признаки консолидации: 1 наблюдаемых отправителей, 7 seed-веток, входящий объём 357000 KZT. Граница наблюдения depth=4 ограничивает выводы."
100000003476560100,terminal,0.714968,4,0.438187,Признаки конечного получателя: наблюдаемый входящий объём 50000 KZT; нет наблюдаемых исходящих переводов.
100000003481025100,peripheral,0.428894,1,0.212472,Выраженные признаки функциональной роли по наблюдаемым данным не выявлены. Граница наблюдения depth=4 ограничивает выводы.
100000003484058100,distributor,0.718909,16,0.499584,"Признаки распределения: 1 наблюдаемых получателей, исходящий объём 6000 KZT."
100000003486846100,peripheral,0.275959,5,0.251809,Выраженные признаки функциональной роли по наблюдаемым данным не выявлены. Граница наблюдения depth=4 ограничивает выводы.
100000003486970100,terminal,0.858820,8,0.389592,Признаки конечного получателя: наблюдаемый входящий объём 150000 KZT; нет наблюдаемых исходящих переводов.
100000003497735100,terminal,0.839784,2,0.403869,Признаки конечного получателя: наблюдаемый входящий объём 125000 KZT; нет наблюдаемых исходящих переводов.
100000003500764100,peripheral,0.297404,23,0.244478,Выраженные признаки функциональной роли по наблюдаемым данным не выявлены. Граница наблюдения depth=4 ограничивает выводы.
100000003509750100,distributor,0.840835,34,0.457007,"Признаки распределения: 3 наблюдаемых получателей, исходящий объём 78400 KZT."
100000003528285100,distributor,0.948604,1,0.632519,"Признаки распределения: 4 наблюдаемых получателей, исходящий объём 548000 KZT."
100000003557488100,distributor,0.872621,30,0.612237,"Признаки распределения: 2 наблюдаемых получателей, исходящий объём 138000 KZT."
100000003561031100,distributor,0.715102,1,0.397211,"Признаки распределения: 1 наблюдаемых получателей, исходящий объём 5000 KZT."
100000003567087100,terminal,0.742038,27,0.280801,Признаки конечного получателя: наблюдаемый входящий объём 62115 KZT; нет наблюдаемых исходящих переводов.
100000003568904100,consolidator,0.583804,6,0.436033,"Признаки консолидации: 1 наблюдаемых отправителей, 7 seed-веток, входящий объём 49000 KZT. Граница наблюдения depth=4 ограничивает выводы."
100000003574895100,distributor,0.734772,7,0.431628,"Признаки распределения: 1 наблюдаемых получателей, исходящий объём 20000 KZT."
100000003581109100,terminal,0.731599,7,0.319975,Признаки конечного получателя: наблюдаемый входящий объём 42750 KZT; нет наблюдаемых исходящих переводов.
100000003582677100,distributor,0.911485,6,0.528623,"Признаки распределения: 4 наблюдаемых получателей, исходящий объём 56000 KZT."
100000003589877100,distributor,0.934979,2,0.674236,"Признаки распределения: 6 наблюдаемых получателей, исходящий объём 416129 KZT."
100000003594472100,terminal,0.624365,30,0.300073,Признаки конечного получателя: наблюдаемый входящий объём 20000 KZT; нет наблюдаемых исходящих переводов.
100000003603979100,terminal,0.872017,28,0.333802,Признаки конечного получателя: наблюдаемый входящий объём 165000 KZT; нет наблюдаемых исходящих переводов.
100000003610172100,terminal,0.784898,8,0.343921,Признаки конечного получателя: наблюдаемый входящий объём 70000 KZT; нет наблюдаемых исходящих переводов.
100000003616818100,distributor,0.874735,28,0.498286,"Признаки распределения: 3 наблюдаемых получателей, исходящий объём 240100 KZT."
100000003617552100,terminal,0.632863,22,0.235464,Признаки конечного получателя: наблюдаемый входящий объём 25000 KZT; нет наблюдаемых исходящих переводов.
100000003622955100,consolidator,0.668002,6,0.568234,"Признаки консолидации: 1 наблюдаемых отправителей, 11 seed-веток, входящий объём 15000 KZT. Граница наблюдения depth=4 ограничивает выводы."
100000003626268100,peripheral,0.489278,1,0.196735,Выраженные признаки функциональной роли по наблюдаемым данным не выявлены. Граница наблюдения depth=4 ограничивает выводы.
100000003631015100,consolidator,0.655192,7,0.472856,"Признаки консолидации: 1 наблюдаемых отправителей, 7 seed-веток, входящий объём 266000 KZT. Граница наблюдения depth=4 ограничивает выводы."
100000003632533100,peripheral,0.408578,1,0.206648,Выраженные признаки функциональной роли по наблюдаемым данным не выявлены. Граница наблюдения depth=4 ограничивает выводы.
100000003635170100,distributor,0.901274,11,0.680902,"Признаки распределения: 4 наблюдаемых получателей, исходящий объём 253500 KZT."
100000003635660100,terminal,0.614848,1,0.287081,Признаки конечного получателя: наблюдаемый входящий объём 18985 KZT; нет наблюдаемых исходящих переводов.
100000003636627100,distributor,0.724302,34,0.485270,"Признаки распределения: 1 наблюдаемых получателей, исходящий объём 10000 KZT."
100000003646145100,consolidator,0.567438,6,0.466450,"Признаки консолидации: 1 наблюдаемых отправителей, 8 seed-веток, входящий объём 5000 KZT. Граница наблюдения depth=4 ограничивает выводы."
100000003647799100,terminal,0.817893,8,0.364508,Признаки конечного получателя: наблюдаемый входящий объём 100000 KZT; нет наблюдаемых исходящих переводов.
100000003650146100,terminal,0.578046,5,0.290489,Признаки конечного получателя: наблюдаемый входящий объём 14400 KZT; нет наблюдаемых исходящих переводов.
100000003664994100,consolidator,0.663093,45,0.491986,"Признаки консолидации: 1 наблюдаемых отправителей, 7 seed-веток, входящий объём 338271 KZT. Граница наблюдения depth=4 ограничивает выводы."
100000003671721100,coordinator,0.649302,33,0.524597,"Структурно значимый узел: процентили PageRank 0.90, betweenness 0.34 в своей depth-группе; 9 seed-веток."
100000003677936100,distributor,0.729061,6,0.485936,"Признаки распределения: 1 наблюдаемых получателей, исходящий объём 13000 KZT."
100000003684369100,distributor,0.968750,4,0.792105,"Признаки распределения: 62 наблюдаемых получателей, исходящий объём 8588655 KZT."
100000003692843100,consolidator,0.674944,5,0.514503,"Признаки консолидации: 1 наблюдаемых отправителей, 7 seed-веток, входящий объём 510000 KZT. Граница наблюдения depth=4 ограничивает выводы."
100000003696422100,consolidator,0.629233,30,0.493510,"Признаки консолидации: 1 наблюдаемых отправителей, 7 seed-веток, входящий объём 118000 KZT. Граница наблюдения depth=4 ограничивает выводы."
100000003701161100,distributor,0.884820,36,0.651051,"Признаки распределения: 3 наблюдаемых получателей, исходящий объём 349000 KZT."
100000003711830100,terminal,0.753173,1,0.353677,Признаки конечного получателя: наблюдаемый входящий объём 50000 KZT; нет наблюдаемых исходящих переводов.
100000003713616100,terminal,0.557325,5,0.268392,Признаки конечного получателя: наблюдаемый входящий объём 15893 KZT; нет наблюдаемых исходящих переводов.
100000003718221100,distributor,0.888557,36,0.604008,"Признаки распределения: 4 наблюдаемых получателей, исходящий объём 423500 KZT."
100000003718715100,consolidator,0.679458,2,0.534481,"Признаки консолидации: 1 наблюдаемых отправителей, 7 seed-веток, входящий объём 915000 KZT. Граница наблюдения depth=4 ограничивает выводы."
100000003724440100,terminal,0.728308,6,0.329477,Признаки конечного получателя: наблюдаемый входящий объём 50000 KZT; нет наблюдаемых исходящих переводов.
100000003736419100,distributor,0.724302,1,0.434921,"Признаки распределения: 1 наблюдаемых получателей, исходящий объём 10000 KZT."
100000003739818100,terminal,0.736730,4,0.450202,Признаки конечного получателя: наблюдаемый входящий объём 57293 KZT; нет наблюдаемых исходящих переводов.
100000003741418100,distributor,0.824024,6,0.549230,"Признаки распределения: 3 наблюдаемых получателей, исходящий объём 39920 KZT."
100000003747133100,distributor,0.811009,6,0.554485,"Признаки распределения: 2 наблюдаемых получателей, исходящий объём 250000 KZT."
100000003760160100,terminal,0.826142,8,0.368239,Признаки конечного получателя: наблюдаемый входящий объём 104470 KZT; нет наблюдаемых исходящих переводов.
100000003770083100,peripheral,0.644531,46,0.167441,Выраженные признаки функциональной роли по наблюдаемым данным не выявлены.
100000003781406100,terminal,0.736358,5,0.486988,Признаки конечного получателя: наблюдаемый входящий объём 45000 KZT; нет наблюдаемых исходящих переводов.
100000003782913100,consolidator,0.647009,16,0.451439,"Признаки консолидации: 1 наблюдаемых отправителей, 7 seed-веток, входящий объём 200000 KZT. Граница наблюдения depth=4 ограничивает выводы."
100000003786516100,peripheral,0.489278,6,0.152040,Выраженные признаки функциональной роли по наблюдаемым данным не выявлены. Граница наблюдения depth=4 ограничивает выводы.
100000003792647100,peripheral,0.435666,1,0.197201,Выраженные признаки функциональной роли по наблюдаемым данным не выявлены. Граница наблюдения depth=4 ограничивает выводы.
100000003795588100,terminal,0.944797,8,0.462494,Признаки конечного получателя: наблюдаемый входящий объём 400000 KZT; нет наблюдаемых исходящих переводов.
100000003796063100,distributor,0.985406,6,0.656865,"Признаки распределения: 15 наблюдаемых получателей, исходящий объём 959150 KZT."
100000003798151100,terminal,0.934382,5,0.454748,Признаки конечного получателя: наблюдаемый входящий объём 350000 KZT; нет наблюдаемых исходящих переводов.
100000003809101100,coordinator,0.823673,11,0.674517,"Структурно значимый узел: процентили PageRank 0.77, betweenness 0.91 в своей depth-группе; 8 seed-веток."
100000003814002100,terminal,0.693528,8,0.298940,Признаки конечного получателя: наблюдаемый входящий объём 30000 KZT; нет наблюдаемых исходящих переводов.
100000003819173100,consolidator,0.633747,2,0.436795,"Признаки консолидации: 1 наблюдаемых отправителей, 7 seed-веток, входящий объём 143777 KZT. Граница наблюдения depth=4 ограничивает выводы."
100000003823811100,distributor,0.836497,38,0.514805,"Признаки распределения: 3 наблюдаемых получателей, исходящий объём 66130 KZT."
100000003824464100,terminal,0.892625,1,0.404778,Признаки конечного получателя: наблюдаемый входящий объём 200000 KZT; нет наблюдаемых исходящих переводов.
100000003831201100,terminal,0.696312,7,0.352326,Признаки конечного получателя: наблюдаемый входящий объём 40500 KZT; нет наблюдаемых исходящих переводов.
100000003831324100,terminal,0.925690,3,0.520350,Признаки конечного получателя: наблюдаемый входящий объём 300000 KZT; нет наблюдаемых исходящих переводов.
100000003832231100,terminal,0.659766,4,0.406054,Признаки конечного получателя: наблюдаемый входящий объём 35000 KZT; нет наблюдаемых исходящих переводов.
100000003834495100,consolidator,0.835409,8,0.642723,"Признаки консолидации: 3 наблюдаемых отправителей, 7 seed-веток, входящий объём 602441 KZT."
100000003835149100,distributor,0.863854,9,0.530149,"Признаки распределения: 2 наблюдаемых получателей, исходящий объём 4600440 KZT."
100000003838587100,peripheral,0.457111,16,0.215942,Выраженные признаки функциональной роли по наблюдаемым данным не выявлены. Граница наблюдения depth=4 ограничивает выводы.
100000003843844100,distributor,0.778395,6,0.512624,"Признаки распределения: 1 наблюдаемых получателей, исходящий объём 238000 KZT."
100000003854444100,distributor,0.959870,2,0.624132,"Признаки распределения: 14 наблюдаемых получателей, исходящий объём 2322909 KZT."
100000003865939100,terminal,0.784501,47,0.325069,Признаки конечного получателя: наблюдаемый входящий объём 81465 KZT; нет наблюдаемых исходящих переводов.
100000003873332100,distributor,0.904989,2,0.570382,"Признаки распределения: 4 наблюдаемых получателей, исходящий объём 286000 KZT."
100000003877908100,terminal,0.681529,4,0.418307,Признаки конечного получателя: наблюдаемый входящий объём 40000 KZT; нет наблюдаемых исходящих переводов.
100000003880331100,distributor,0.994448,2,0.640333,"Признаки распределения: 16 наблюдаемых получателей, исходящий объём 3904908 KZT."
100000003886323100,coordinator,0.721338,5,0.576990,"Структурно значимый узел: процентили PageRank 0.98, betweenness 0.77 в своей depth-группе; 7 seed-веток."
100000003888197100,terminal,0.798223,8,0.352097,Признаки конечного получателя: наблюдаемый входящий объём 83167 KZT; нет наблюдаемых исходящих переводов.
100000003888271100,distributor,0.795913,19,0.362251,"Признаки распределения: 2 наблюдаемых получателей, исходящий объём 25590 KZT."
100000003888527100,terminal,0.693528,45,0.354810,Признаки конечного получателя: наблюдаемый входящий объём 30000 KZT; нет наблюдаемых исходящих переводов.
100000003896956100,distributor,0.739848,5,0.430371,"Признаки распределения: 1 наблюдаемых получателей, исходящий объём 27000 KZT."
100000003899325100,terminal,0.755711,26,0.356161,Признаки конечного получателя: наблюдаемый входящий объём 50120 KZT; нет наблюдаемых исходящих переводов.
100000003899899100,consolidator,0.771640,5,0.602558,"Признаки консолидации: 2 наблюдаемых отправителей, 7 seed-веток, входящий объём 218500 KZT."
100000003900547100,terminal,0.613588,5,0.291911,Признаки конечного получателя: наблюдаемый входящий объём 23700 KZT; нет наблюдаемых исходящих переводов.
100000003904497100,consolidator,0.633521,29,0.492991,"Признаки консолидации: 1 наблюдаемых отправителей, 9 seed-веток, входящий объём 10000 KZT. Граница наблюдения depth=4 ограничивает выводы."
100000003917461100,distributor,0.873096,5,0.663271,"Признаки распределения: 2 наблюдаемых получателей, исходящий объём 140000 KZT."
100000003920950100,terminal,0.930838,6,0.463845,Признаки конечного получателя: наблюдаемый входящий объём 323290 KZT; нет наблюдаемых исходящих переводов.
100000003922499100,terminal,0.728308,9,0.269336,Признаки конечного получателя: наблюдаемый входящий объём 50000 KZT; нет наблюдаемых исходящих переводов.
100000003923946100,distributor,0.920382,3,0.584268,"Признаки распределения: 4 наблюдаемых получателей, исходящий объём 675000 KZT."
100000003927792100,terminal,0.565076,5,0.247082,Признаки конечного получателя: наблюдаемый входящий объём 13067 KZT; нет наблюдаемых исходящих переводов.
100000003934614100,distributor,0.727951,14,0.423138,"Признаки распределения: 1 наблюдаемых получателей, исходящий объём 11500 KZT."
100000003942602100,distributor,0.719745,27,0.337680,"Признаки распределения: 1 наблюдаемых получателей, исходящий объём 30000 KZT."
100000003943247100,terminal,0.723985,7,0.316472,Признаки конечного получателя: наблюдаемый входящий объём 40000 KZT; нет наблюдаемых исходящих переводов.
100000003943483100,peripheral,0.457158,9,0.281011,Выраженные признаки функциональной роли по наблюдаемым данным не выявлены.
100000003946524100,distributor,0.825106,4,0.655456,"Признаки распределения: 2 наблюдаемых получателей, исходящий объём 144750 KZT."
100000003950749100,peripheral,0.444695,5,0.193036,Выраженные признаки функциональной роли по наблюдаемым данным не выявлены. Граница наблюдения depth=4 ограничивает выводы.
100000003951827100,distributor,0.834549,6,0.397326,"Признаки распределения: 2 наблюдаемых получателей, исходящий объём 17000 KZT."
100000003962994100,coordinator,0.555266,17,0.399686,"Структурно значимый узел: процентили PageRank 0.85, betweenness 0.34 в своей depth-группе; 7 seed-веток."
100000003964910100,terminal,0.990799,23,0.500684,Признаки конечного получателя: наблюдаемый входящий объём 1000000 KZT; нет наблюдаемых исходящих переводов.
100000003968044100,distributor,0.922747,1,0.562973,"Признаки распределения: 3 наблюдаемых получателей, исходящий объём 311000 KZT."
100000003970394100,terminal,0.788747,9,0.301438,Признаки конечного получателя: наблюдаемый входящий объём 85000 KZT; нет наблюдаемых исходящих переводов.
100000003971049100,terminal,0.754881,23,0.327370,Признаки конечного получателя: наблюдаемый входящий объём 55900 KZT; нет наблюдаемых исходящих переводов.
100000003975102100,coordinator,0.725000,5,0.591250,"Структурно значимый узел: процентили PageRank 0.54, betweenness 0.82 в своей depth-группе; 8 seed-веток."
100000003977183100,distributor,0.812500,3,0.566875,"Признаки распределения: 4 наблюдаемых получателей, исходящий объём 766000 KZT."
100000003980083100,terminal,0.641189,42,0.266709,Признаки конечного получателя: наблюдаемый входящий объём 30000 KZT; нет наблюдаемых исходящих переводов.
100000003985389100,consolidator,0.669865,2,0.507054,"Признаки консолидации: 1 наблюдаемых отправителей, 7 seed-веток, входящий объём 422698 KZT. Граница наблюдения depth=4 ограничивает выводы."
100000003986141100,peripheral,0.484772,1,0.186869,Выраженные признаки функциональной роли по наблюдаемым данным не выявлены.
100000003988112100,distributor,0.690618,38,0.464745,"Признаки распределения: 1 наблюдаемых получателей, исходящий объём 64000 KZT."
100000003989033100,peripheral,0.041761,20,0.222590,Выраженные признаки функциональной роли по наблюдаемым данным не выявлены. Граница наблюдения depth=4 ограничивает выводы.
100000003996562100,peripheral,0.472081,1,0.238740,Выраженные признаки функциональной роли по наблюдаемым данным не выявлены.
100000004004621100,consolidator,0.824628,6,0.612463,"Признаки консолидации: 3 наблюдаемых отправителей, 10 seed-веток, входящий объём 75389 KZT."
100000004005964100,distributor,0.857749,28,0.442059,"Признаки распределения: 3 наблюдаемых получателей, исходящий объём 72000 KZT."
100000004006327100,consolidator,0.786117,29,0.656998,"Признаки консолидации: 1 наблюдаемых отправителей, 8 seed-веток, входящий объём 300000 KZT. Граница наблюдения depth=4 ограничивает выводы."
100000004007116100,distributor,0.784375,28,0.489812,"Признаки распределения: 4 наблюдаемых получателей, исходящий объём 148000 KZT."
100000004007197100,terminal,0.556472,28,0.143921,Признаки конечного получателя: наблюдаемый входящий объём 10048 KZT; нет наблюдаемых исходящих переводов.
100000004013952100,peripheral,0.465576,8,0.205657,Выраженные признаки функциональной роли по наблюдаемым данным не выявлены. Граница наблюдения depth=4 ограничивает выводы.
100000004015047100,consolidator,0.977396,3,0.833584,"Признаки консолидации: 9 наблюдаемых отправителей, 11 seed-веток, входящий объём 919104 KZT."
100000004017410100,distributor,0.967798,14,0.654448,"Признаки распределения: 5 наблюдаемых получателей, исходящий объём 1330915 KZT."
100000004019056100,consolidator,0.586907,6,0.444921,"Признаки консолидации: 1 наблюдаемых отправителей, 7 seed-веток, входящий объём 50000 KZT. Граница наблюдения depth=4 ограничивает выводы."
100000004019124100,consolidator,0.913750,5,0.699874,"Признаки консолидации: 3 наблюдаемых отправителей, 12 seed-веток, входящий объём 193000 KZT."
100000004021459100,peripheral,0.644531,48,0.167441,Выраженные признаки функциональной роли по наблюдаемым данным не выявлены.
100000004030553100,peripheral,0.168172,26,0.174441,Выраженные признаки функциональной роли по наблюдаемым данным не выявлены. Граница наблюдения depth=4 ограничивает выводы.
100000004035925100,consolidator,0.682280,5,0.516366,"Признаки консолидации: 1 наблюдаемых отправителей, 7 seed-веток, входящий объём 1111588 KZT. Граница наблюдения depth=4 ограничивает выводы."
100000004041163100,coordinator,0.815000,38,0.743531,"Структурно значимый узел: процентили PageRank 0.95, betweenness 0.86 в своей depth-группе; 15 seed-веток."
100000004041294100,peripheral,0.334086,12,0.197878,Выраженные признаки функциональной роли по наблюдаемым данным не выявлены. Граница наблюдения depth=4 ограничивает выводы.
100000004047887100,consolidator,0.554176,8,0.356546,"Признаки консолидации: 1 наблюдаемых отправителей, 7 seed-веток, входящий объём 30000 KZT. Граница наблюдения depth=4 ограничивает выводы."
100000004049912100,peripheral,0.408578,2,0.191411,Выраженные признаки функциональной роли по наблюдаемым данным не выявлены. Граница наблюдения depth=4 ограничивает выводы.
100000004058740100,terminal,0.641189,27,0.223317,Признаки конечного получателя: наблюдаемый входящий объём 30000 KZT; нет наблюдаемых исходящих переводов.
100000004064431100,distributor,0.724302,28,0.322389,"Признаки распределения: 1 наблюдаемых получателей, исходящий объём 10000 KZT."
100000004066370100,peripheral,0.174379,21,0.187587,Выраженные признаки функциональной роли по наблюдаемым данным не выявлены. Граница наблюдения depth=4 ограничивает выводы.
100000004066647100,terminal,0.758883,2,0.353639,Признаки конечного получателя: наблюдаемый входящий объём 51000 KZT; нет наблюдаемых исходящих переводов.
100000004070318100,distributor,0.978238,1,0.643376,"Признаки распределения: 19 наблюдаемых получателей, исходящий объём 551860 KZT."
100000004070530100,peripheral,0.315463,8,0.188406,Выраженные признаки функциональной роли по наблюдаемым данным не выявлены. Граница наблюдения depth=4 ограничивает выводы.
100000004071070100,distributor,0.653742,1,0.432956,"Признаки распределения: 1 наблюдаемых получателей, исходящий объём 6000 KZT."
100000004071080100,coordinator,0.838641,1,0.646975,"Структурно значимый узел: процентили PageRank 0.96, betweenness 0.82 в своей depth-группе; 7 seed-веток."
100000004071444100,distributor,0.765863,8,0.537979,"Признаки распределения: 1 наблюдаемых получателей, исходящий объём 100000 KZT."
100000004076740100,distributor,0.914809,14,0.615732,"Признаки распределения: 6 наблюдаемых получателей, исходящий объём 125000 KZT."
100000004077081100,distributor,0.949556,6,0.590489,"Признаки распределения: 4 наблюдаемых получателей, исходящий объём 615000 KZT."
100000004094958100,distributor,0.723726,49,0.412362,"Признаки распределения: 1 наблюдаемых получателей, исходящий объём 40000 KZT."
100000004096559100,terminal,0.738579,3,0.281577,Признаки конечного получателя: наблюдаемый входящий объём 46200 KZT; нет наблюдаемых исходящих переводов.
100000004097972100,distributor,0.826142,1,0.536789,"Признаки распределения: 2 наблюдаемых получателей, исходящий объём 10000 KZT."
100000004099450100,terminal,0.698604,2,0.330558,Признаки конечного получателя: наблюдаемый входящий объём 31000 KZT; нет наблюдаемых исходящих переводов.
100000004105288100,terminal,0.893843,4,0.559416,Признаки конечного получателя: наблюдаемый входящий объём 215000 KZT; нет наблюдаемых исходящих переводов.
100000004107228100,peripheral,0.489278,1,0.146622,Выраженные признаки функциональной роли по наблюдаемым данным не выявлены. Граница наблюдения depth=4 ограничивает выводы.
100000004114962100,terminal,0.868655,8,0.446409,Признаки конечного получателя: наблюдаемый входящий объём 165000 KZT; нет наблюдаемых исходящих переводов.
100000004130144100,terminal,0.886943,3,0.334520,Признаки конечного получателя: наблюдаемый входящий объём 200000 KZT; нет наблюдаемых исходящих переводов.
100000004134060100,terminal,0.804772,29,0.435461,Признаки конечного получателя: наблюдаемый входящий объём 88179 KZT; нет наблюдаемых исходящих переводов.
100000004135268100,distributor,0.898620,41,0.543110,"Признаки распределения: 3 наблюдаемых получателей, исходящий объём 1000200 KZT."
100000004140487100,distributor,0.965260,6,0.567322,"Признаки распределения: 10 наблюдаемых получателей, исходящий объём 262600 KZT."
100000004140994100,terminal,0.613579,18,0.170286,Признаки конечного получателя: наблюдаемый входящий объём 18650 KZT; нет наблюдаемых исходящих переводов.
100000004144536100,terminal,0.862527,28,0.361558,Признаки конечного получателя: наблюдаемый входящий объём 168000 KZT; нет наблюдаемых исходящих переводов.
100000004150593100,distributor,0.940076,5,0.578384,"Признаки распределения: 11 наблюдаемых получателей, исходящий объём 871165 KZT."
100000004156082100,distributor,0.995754,5,0.682452,"Признаки распределения: 26 наблюдаемых получателей, исходящий объём 2319556 KZT."
100000004158362100,terminal,0.559111,1,0.247416,Признаки конечного получателя: наблюдаемый входящий объём 12000 KZT; нет наблюдаемых исходящих переводов.
100000004159526100,coordinator,0.886624,16,0.748717,"Структурно значимый узел: процентили PageRank 0.92, betweenness 0.89 в своей depth-группе; 8 seed-веток."
100000004160650100,distributor,0.943059,28,0.495206,"Признаки распределения: 10 наблюдаемых получателей, исходящий объём 1489827 KZT."
100000004167082100,peripheral,0.376411,6,0.210618,Выраженные признаки функциональной роли по наблюдаемым данным не выявлены. Граница наблюдения depth=4 ограничивает выводы.
100000004174835100,peripheral,0.644531,50,0.167441,Выраженные признаки функциональной роли по наблюдаемым данным не выявлены.
100000004177936100,peripheral,0.408578,1,0.194458,Выраженные признаки функциональной роли по наблюдаемым данным не выявлены. Граница наблюдения depth=4 ограничивает выводы.
100000004180097100,distributor,0.848726,25,0.588089,"Признаки распределения: 3 наблюдаемых получателей, исходящий объём 47800 KZT."
100000004183610100,distributor,0.794892,2,0.582113,"Признаки распределения: 1 наблюдаемых получателей, исходящий объём 915000 KZT."
100000004184158100,terminal,0.889594,8,0.425060,Признаки конечного получателя: наблюдаемый входящий объём 203805 KZT; нет наблюдаемых исходящих переводов.
100000004185681100,coordinator,0.561739,1,0.403246,"Структурно значимый узел: процентили PageRank 0.88, betweenness 0.34 в своей depth-группе; 7 seed-веток."
100000004186824100,consolidator,0.780301,5,0.622466,"Признаки консолидации: 2 наблюдаемых отправителей, 7 seed-веток, входящий объём 451700 KZT."
100000004188160100,distributor,0.905520,5,0.582134,"Признаки распределения: 5 наблюдаемых получателей, исходящий объём 133846 KZT."
100000004192107100,terminal,0.632863,6,0.354010,Признаки конечного получателя: наблюдаемый входящий объём 25000 KZT; нет наблюдаемых исходящих переводов.
100000004192865100,terminal,0.775488,22,0.291323,Признаки конечного получателя: наблюдаемый входящий объём 66666 KZT; нет наблюдаемых исходящих переводов.
100000004193835100,coordinator,0.736250,5,0.573062,"Структурно значимый узел: процентили PageRank 0.64, betweenness 0.76 в своей depth-группе; 8 seed-веток."
100000004200745100,consolidator,0.781659,5,0.663900,"Признаки консолидации: 1 наблюдаемых отправителей, 9 seed-веток, входящий объём 130000 KZT. Граница наблюдения depth=4 ограничивает выводы."
100000004206046100,peripheral,0.477707,5,0.204140,Выраженные признаки функциональной роли по наблюдаемым данным не выявлены.
100000004209339100,distributor,0.810466,11,0.634154,"Признаки распределения: 2 наблюдаемых получателей, исходящий объём 238500 KZT."
100000004213658100,terminal,0.622081,27,0.211582,Признаки конечного получателя: наблюдаемый входящий объём 25347 KZT; нет наблюдаемых исходящих переводов.
100000004217419100,consolidator,0.740001,1,0.574126,"Признаки консолидации: 2 наблюдаемых отправителей, 7 seed-веток, входящий объём 118200 KZT."
100000004218576100,terminal,0.630042,27,0.215125,Признаки конечного получателя: наблюдаемый входящий объём 26144 KZT; нет наблюдаемых исходящих переводов.
100000004221668100,distributor,0.874458,34,0.515428,"Признаки распределения: 3 наблюдаемых получателей, исходящий объём 731440 KZT."
100000004222274100,peripheral,0.348758,1,0.240525,Выраженные признаки функциональной роли по наблюдаемым данным не выявлены. Граница наблюдения depth=4 ограничивает выводы.
100000004225615100,terminal,0.808026,29,0.254393,Признаки конечного получателя: наблюдаемый входящий объём 90000 KZT; нет наблюдаемых исходящих переводов.
100000004226848100,terminal,0.926752,4,0.547033,Признаки конечного получателя: наблюдаемый входящий объём 301866 KZT; нет наблюдаемых исходящих переводов.
100000004232712100,peripheral,0.383747,8,0.221106,Выраженные признаки функциональной роли по наблюдаемым данным не выявлены. Граница наблюдения depth=4 ограничивает выводы.
100000004235471100,consolidator,0.642212,8,0.467269,"Признаки консолидации: 1 наблюдаемых отправителей, 7 seed-веток, входящий объём 180000 KZT. Граница наблюдения depth=4 ограничивает выводы."
100000004241142100,peripheral,0.274266,7,0.250040,Выраженные признаки функциональной роли по наблюдаемым данным не выявлены. Граница наблюдения depth=4 ограничивает выводы.
100000004254434100,terminal,0.692144,27,0.253206,Признаки конечного получателя: наблюдаемый входящий объём 44445 KZT; нет наблюдаемых исходящих переводов.
100000004257714100,terminal,0.762056,18,0.246390,Признаки конечного получателя: наблюдаемый входящий объём 52220 KZT; нет наблюдаемых исходящих переводов.
100000004260869100,peripheral,0.408578,5,0.236445,Выраженные признаки функциональной роли по наблюдаемым данным не выявлены. Граница наблюдения depth=4 ограничивает выводы.
100000004261340100,consolidator,0.582675,1,0.413347,"Признаки консолидации: 1 наблюдаемых отправителей, 7 seed-веток, входящий объём 48500 KZT. Граница наблюдения depth=4 ограничивает выводы."
100000004263867100,peripheral,0.428894,37,0.060468,Выраженные признаки функциональной роли по наблюдаемым данным не выявлены. Граница наблюдения depth=4 ограничивает выводы.
100000004265639100,peripheral,0.408578,1,0.227302,Выраженные признаки функциональной роли по наблюдаемым данным не выявлены. Граница наблюдения depth=4 ограничивает выводы.
100000004268036100,peripheral,0.465576,37,0.048321,Выраженные признаки функциональной роли по наблюдаемым данным не выявлены. Граница наблюдения depth=4 ограничивает выводы.
100000004269433100,distributor,0.584375,11,0.385562,"Признаки распределения: 1 наблюдаемых получателей, исходящий объём 1372000 KZT."
100000004272302100,peripheral,0.408578,6,0.165508,Выраженные признаки функциональной роли по наблюдаемым данным не выявлены. Граница наблюдения depth=4 ограничивает выводы.
100000004278574100,distributor,0.728426,8,0.418731,"Признаки распределения: 1 наблюдаемых получателей, исходящий объём 12500 KZT."
100000004285800100,distributor,0.663503,4,0.477435,"Признаки распределения: 1 наблюдаемых получателей, исходящий объём 15000 KZT."
100000004286573100,terminal,0.560510,9,0.175085,Признаки конечного получателя: наблюдаемый входящий объём 16590 KZT; нет наблюдаемых исходящих переводов.
100000004291560100,terminal,0.744607,7,0.328108,Признаки конечного получателя: наблюдаемый входящий объём 47190 KZT; нет наблюдаемых исходящих переводов.
100000004291663100,peripheral,0.283860,6,0.216950,Выраженные признаки функциональной роли по наблюдаемым данным не выявлены. Граница наблюдения depth=4 ограничивает выводы.
100000004292885100,terminal,0.831218,18,0.289990,Признаки конечного получателя: наблюдаемый входящий объём 112700 KZT; нет наблюдаемых исходящих переводов.
100000004299488100,consolidator,0.850552,8,0.684783,"Признаки консолидации: 6 наблюдаемых отправителей, 7 seed-веток, входящий объём 1749000 KZT."
100000004315838100,consolidator,0.716823,4,0.592382,"Признаки консолидации: 2 наблюдаемых отправителей, 10 seed-веток, входящий объём 50000 KZT."
100000004318918100,terminal,0.774947,11,0.433386,Признаки конечного получателя: наблюдаемый входящий объём 75600 KZT; нет наблюдаемых исходящих переводов.
100000004321983100,distributor,0.847240,34,0.392392,"Признаки распределения: 2 наблюдаемых получателей, исходящий объём 36200 KZT."
100000004325327100,distributor,0.735403,7,0.512325,"Признаки распределения: 1 наблюдаемых получателей, исходящий объём 70000 KZT."
100000004326224100,consolidator,0.596219,8,0.450423,"Признаки консолидации: 1 наблюдаемых отправителей, 7 seed-веток, входящий объём 60000 KZT. Граница наблюдения depth=4 ограничивает выводы."
100000004330371100,distributor,0.818737,5,0.607166,"Признаки распределения: 2 наблюдаемых получателей, исходящий объём 90681 KZT."
100000004331458100,terminal,0.917028,49,0.363468,Признаки конечного получателя: наблюдаемый входящий объём 250000 KZT; нет наблюдаемых исходящих переводов.
100000004336228100,terminal,0.760152,1,0.357237,Признаки конечного получателя: наблюдаемый входящий объём 51407 KZT; нет наблюдаемых исходящих переводов.
100000004336312100,distributor,0.789859,14,0.531594,"Признаки распределения: 2 наблюдаемых получателей, исходящий объём 72650 KZT."
100000004340038100,distributor,0.750159,6,0.453499,"Признаки распределения: 1 наблюдаемых получателей, исходящий объём 49000 KZT."
100000004350094100,peripheral,0.315463,8,0.260528,Выраженные признаки функциональной роли по наблюдаемым данным не выявлены. Граница наблюдения depth=4 ограничивает выводы.
100000004351795100,distributor,0.982219,23,0.653089,"Признаки распределения: 14 наблюдаемых получателей, исходящий объём 1715161 KZT."
100000004356593100,distributor,0.657538,1,0.414913,"Признаки распределения: 1 наблюдаемых получателей, исходящий объём 10000 KZT."
100000004358004100,distributor,0.881250,6,0.451187,"Признаки распределения: 11 наблюдаемых получателей, исходящий объём 980850 KZT."
100000004360785100,terminal,0.804671,5,0.398758,Признаки конечного получателя: наблюдаемый входящий объём 94705 KZT; нет наблюдаемых исходящих переводов.
100000004368189100,distributor,0.842481,20,0.479036,"Признаки распределения: 2 наблюдаемых получателей, исходящий объём 28200 KZT."
100000004377043100,peripheral,0.461625,14,0.186010,Выраженные признаки функциональной роли по наблюдаемым данным не выявлены. Граница наблюдения depth=4 ограничивает выводы.
100000004379306100,peripheral,0.357223,1,0.232102,Выраженные признаки функциональной роли по наблюдаемым данным не выявлены. Граница наблюдения depth=4 ограничивает выводы.
100000004386258100,distributor,0.824837,5,0.620846,"Признаки распределения: 3 наблюдаемых получателей, исходящий объём 40000 KZT."
100000004386286100,consolidator,0.645937,5,0.541242,"Признаки консолидации: 1 наблюдаемых отправителей, 9 seed-веток, входящий объём 12500 KZT. Граница наблюдения depth=4 ограничивает выводы."
100000004386331100,distributor,0.834867,5,0.613978,"Признаки распределения: 2 наблюдаемых получателей, исходящий объём 17500 KZT."
100000004388209100,peripheral,0.474522,27,0.110101,Выраженные признаки функциональной роли по наблюдаемым данным не выявлены.
100000004388353100,terminal,0.743100,11,0.442622,Признаки конечного получателя: наблюдаемый входящий объём 62960 KZT; нет наблюдаемых исходящих переводов.
100000004388983100,distributor,0.692188,51,0.392687,"Признаки распределения: 2 наблюдаемых получателей, исходящий объём 450816 KZT."
100000004390333100,distributor,0.958599,1,0.610159,"Признаки распределения: 9 наблюдаемых получателей, исходящий объём 506500 KZT."
100000004394765100,distributor,0.818206,5,0.604968,"Признаки распределения: 2 наблюдаемых получателей, исходящий объём 82500 KZT."
100000004398811100,distributor,0.878796,4,0.473031,"Признаки распределения: 3 наблюдаемых получателей, исходящий объём 1040672 KZT."
100000004399686100,terminal,0.987310,9,0.392059,Признаки конечного получателя: наблюдаемый входящий объём 806000 KZT; нет наблюдаемых исходящих переводов.
100000004400305100,distributor,0.994577,7,0.631486,"Признаки распределения: 82 наблюдаемых получателей, исходящий объём 5830181 KZT."
100000004400361100,peripheral,0.457158,25,0.183560,Выраженные признаки функциональной роли по наблюдаемым данным не выявлены.
100000004400480100,peripheral,0.294582,20,0.150841,Выраженные признаки функциональной роли по наблюдаемым данным не выявлены. Граница наблюдения depth=4 ограничивает выводы.
100000004403548100,peripheral,0.489278,1,0.180144,Выраженные признаки функциональной роли по наблюдаемым данным не выявлены. Граница наблюдения depth=4 ограничивает выводы.
100000004403641100,consolidator,0.766930,29,0.589955,"Признаки консолидации: 1 наблюдаемых отправителей, 8 seed-веток, входящий объём 171500 KZT. Граница наблюдения depth=4 ограничивает выводы."
100000004403675100,distributor,0.915605,38,0.635828,"Признаки распределения: 5 наблюдаемых получателей, исходящий объём 264699 KZT."
100000004407753100,distributor,0.765863,14,0.536266,"Признаки распределения: 1 наблюдаемых получателей, исходящий объём 100000 KZT."
100000004408683100,terminal,0.824841,5,0.433965,Признаки конечного получателя: наблюдаемый входящий объём 112920 KZT; нет наблюдаемых исходящих переводов.
100000004410489100,terminal,0.748373,6,0.339344,Признаки конечного получателя: наблюдаемый входящий объём 54000 KZT; нет наблюдаемых исходящих переводов.
100000004417753100,terminal,0.881980,1,0.442592,Признаки конечного получателя: наблюдаемый входящий объём 192099 KZT; нет наблюдаемых исходящих переводов.
100000004418967100,consolidator,0.744074,29,0.600705,"Признаки консолидации: 1 наблюдаемых отправителей, 8 seed-веток, входящий объём 100000 KZT. Граница наблюдения depth=4 ограничивает выводы."
100000004420041100,distributor,0.973826,9,0.613921,"Признаки распределения: 7 наблюдаемых получателей, исходящий объём 651830 KZT."
100000004424023100,coordinator,0.764642,3,0.666594,"Структурно значимый узел: процентили PageRank 0.90, betweenness 0.79 в своей depth-группе; 9 seed-веток."
100000004433250100,peripheral,0.435666,7,0.176377,Выраженные признаки функциональной роли по наблюдаемым данным не выявлены. Граница наблюдения depth=4 ограничивает выводы.
100000004435304100,terminal,0.640998,24,0.190846,Признаки конечного получателя: наблюдаемый входящий объём 26200 KZT; нет наблюдаемых исходящих переводов.
100000004441291100,terminal,0.604121,4,0.422039,Признаки конечного получателя: наблюдаемый входящий объём 20000 KZT; нет наблюдаемых исходящих переводов.
100000004445291100,terminal,0.618020,12,0.318252,Признаки конечного получателя: наблюдаемый входящий объём 19500 KZT; нет наблюдаемых исходящих переводов.
100000004449824100,peripheral,0.428894,37,0.060468,Выраженные признаки функциональной роли по наблюдаемым данным не выявлены. Граница наблюдения depth=4 ограничивает выводы.
100000004450649100,distributor,0.851047,8,0.552855,"Признаки распределения: 2 наблюдаемых получателей, исходящий объём 46527 KZT."
100000004451012100,distributor,0.898319,2,0.555349,"Признаки распределения: 3 наблюдаемых получателей, исходящий объём 65740 KZT."
100000004456564100,peripheral,0.457158,16,0.293620,Выраженные признаки функциональной роли по наблюдаемым данным не выявлены.
100000004463277100,terminal,0.684924,22,0.262503,Признаки конечного получателя: наблюдаемый входящий объём 35000 KZT; нет наблюдаемых исходящих переводов.
100000004467157100,distributor,0.654284,14,0.387858,"Признаки распределения: 1 наблюдаемых получателей, исходящий объём 7000 KZT."
100000004472936100,peripheral,0.489278,6,0.198259,Выраженные признаки функциональной роли по наблюдаемым данным не выявлены. Граница наблюдения depth=4 ограничивает выводы.
100000004475818100,distributor,0.893560,6,0.518230,"Признаки распределения: 3 наблюдаемых получателей, исходящий объём 53989 KZT."
100000004479404100,consolidator,0.763825,1,0.631452,"Признаки консолидации: 2 наблюдаемых отправителей, 7 seed-веток, входящий объём 1492000 KZT."
100000004480280100,distributor,0.837845,4,0.661539,"Признаки распределения: 2 наблюдаемых получателей, исходящий объём 295850 KZT."
100000004486525100,distributor,0.811551,6,0.572267,"Признаки распределения: 2 наблюдаемых получателей, исходящий объём 271045 KZT."
100000004488265100,terminal,0.720178,1,0.335945,Признаки конечного получателя: наблюдаемый входящий объём 38740 KZT; нет наблюдаемых исходящих переводов.
100000004491749100,terminal,0.753173,34,0.269651,Признаки конечного получателя: наблюдаемый входящий объём 50000 KZT; нет наблюдаемых исходящих переводов.
100000004491881100,terminal,0.563163,27,0.181415,Признаки конечного получателя: наблюдаемый входящий объём 17144 KZT; нет наблюдаемых исходящих переводов.
100000004493586100,peripheral,0.472716,1,0.198128,Выраженные признаки функциональной роли по наблюдаемым данным не выявлены.
100000004494983100,terminal,0.659766,27,0.232752,Признаки конечного получателя: наблюдаемый входящий объём 35000 KZT; нет наблюдаемых исходящих переводов.
100000004497606100,terminal,0.550425,27,0.174122,Признаки конечного получателя: наблюдаемый входящий объём 15534 KZT; нет наблюдаемых исходящих переводов.
100000004500444100,distributor,0.758725,16,0.551066,"Признаки распределения: 1 наблюдаемых получателей, исходящий объём 74000 KZT."
100000004500781100,consolidator,0.604402,16,0.470824,"Признаки консолидации: 1 наблюдаемых отправителей, 7 seed-веток, входящий объём 74000 KZT. Граница наблюдения depth=4 ограничивает выводы."
100000004502048100,peripheral,0.372460,2,0.204176,Выраженные признаки функциональной роли по наблюдаемым данным не выявлены. Граница наблюдения depth=4 ограничивает выводы.
100000004508696100,distributor,0.908154,17,0.570082,"Признаки распределения: 3 наблюдаемых получателей, исходящий объём 111000 KZT."
100000004509286100,terminal,0.681529,4,0.418307,Признаки конечного получателя: наблюдаемый входящий объём 40000 KZT; нет наблюдаемых исходящих переводов.
100000004526651100,consolidator,0.686795,29,0.508691,"Признаки консолидации: 1 наблюдаемых отправителей, 8 seed-веток, входящий объём 33000 KZT. Граница наблюдения depth=4 ограничивает выводы."
100000004527381100,distributor,0.716106,5,0.530813,"Признаки распределения: 1 наблюдаемых получателей, исходящий объём 273866 KZT."
100000004539443100,consolidator,0.854188,4,0.668772,"Признаки консолидации: 2 наблюдаемых отправителей, 10 seed-веток, входящий объём 61990 KZT."
100000004544958100,distributor,0.767625,11,0.610531,"Признаки распределения: 2 наблюдаемых получателей, исходящий объём 23200 KZT."
100000004549591100,consolidator,0.583804,17,0.426213,"Признаки консолидации: 1 наблюдаемых отправителей, 7 seed-веток, входящий объём 49000 KZT. Граница наблюдения depth=4 ограничивает выводы."
100000004552204100,distributor,0.826142,6,0.596624,"Признаки распределения: 2 наблюдаемых получателей, исходящий объём 10000 KZT."
100000004553349100,peripheral,0.471447,6,0.223674,Выраженные признаки функциональной роли по наблюдаемым данным не выявлены.
100000004559194100,terminal,0.921444,5,0.460860,Признаки конечного получателя: наблюдаемый входящий объём 282145 KZT; нет наблюдаемых исходящих переводов.
100000004564736100,terminal,0.582805,36,0.313974,Признаки конечного получателя: наблюдаемый входящий объём 15000 KZT; нет наблюдаемых исходящих переводов.
100000004569484100,distributor,0.930044,33,0.593135,"Признаки распределения: 4 наблюдаемых получателей, исходящий объём 156000 KZT."
100000004569637100,peripheral,0.465576,1,0.213107,Выраженные признаки функциональной роли по наблюдаемым данным не выявлены. Граница наблюдения depth=4 ограничивает выводы.
100000004571634100,consolidator,0.654345,6,0.511315,"Признаки консолидации: 1 наблюдаемых отправителей, 8 seed-веток, входящий объём 20000 KZT. Граница наблюдения depth=4 ограничивает выводы."
100000004573782100,terminal,0.574295,3,0.175496,Признаки конечного получателя: наблюдаемый входящий объём 15000 KZT; нет наблюдаемых исходящих переводов.
100000004580202100,distributor,0.826735,36,0.480249,"Признаки распределения: 3 наблюдаемых получателей, исходящий объём 45000 KZT."
100000004580254100,terminal,0.682107,23,0.338896,Признаки конечного получателя: наблюдаемый входящий объём 27940 KZT; нет наблюдаемых исходящих переводов.
100000004584730100,consolidator,0.581264,1,0.396670,"Признаки консолидации: 1 наблюдаемых отправителей, 7 seed-веток, входящий объём 47000 KZT. Граница наблюдения depth=4 ограничивает выводы."
100000004586598100,consolidator,0.678894,2,0.526524,"Признаки консолидации: 1 наблюдаемых отправителей, 7 seed-веток, входящий объём 761255 KZT. Граница наблюдения depth=4 ограничивает выводы."
100000004587414100,terminal,0.968274,8,0.470803,Признаки конечного получателя: наблюдаемый входящий объём 533603 KZT; нет наблюдаемых исходящих переводов.
100000004588479100,terminal,0.866242,5,0.433662,Признаки конечного получателя: наблюдаемый входящий объём 177633 KZT; нет наблюдаемых исходящих переводов.
100000004591973100,coordinator,0.773794,5,0.676063,"Структурно значимый узел: процентили PageRank 0.82, betweenness 0.84 в своей depth-группе; 9 seed-веток."
100000004592467100,peripheral,0.477223,4,0.086090,Выраженные признаки функциональной роли по наблюдаемым данным не выявлены.
100000004596284100,consolidator,0.554176,5,0.422743,"Признаки консолидации: 1 наблюдаемых отправителей, 7 seed-веток, входящий объём 30000 KZT. Граница наблюдения depth=4 ограничивает выводы."
100000004601193100,consolidator,0.734763,6,0.615858,"Признаки консолидации: 1 наблюдаемых отправителей, 8 seed-веток, входящий объём 84000 KZT. Граница наблюдения depth=4 ограничивает выводы."
100000004603109100,distributor,0.889435,9,0.547268,"Признаки распределения: 2 наблюдаемых получателей, исходящий объём 400000 KZT."
100000004610802100,consolidator,0.652370,6,0.490293,"Признаки консолидации: 1 наблюдаемых отправителей, 7 seed-веток, входящий объём 241000 KZT. Граница наблюдения depth=4 ограничивает выводы."
100000004611571100,terminal,0.640863,7,0.278886,Признаки конечного получателя: наблюдаемый входящий объём 22550 KZT; нет наблюдаемых исходящих переводов.
100000004613582100,distributor,0.721923,3,0.333763,"Признаки распределения: 1 наблюдаемых получателей, исходящий объём 9500 KZT."
100000004616845100,peripheral,0.301919,16,0.194907,Выраженные признаки функциональной роли по наблюдаемым данным не выявлены. Граница наблюдения depth=4 ограничивает выводы.
100000004622227100,distributor,0.834130,1,0.443344,"Признаки распределения: 3 наблюдаемых получателей, исходящий объём 19000 KZT."
100000004629688100,distributor,0.731282,5,0.421938,"Признаки распределения: 1 наблюдаемых получателей, исходящий объём 15000 KZT."
100000004634420100,terminal,0.673223,18,0.196421,Признаки конечного получателя: наблюдаемый входящий объём 26150 KZT; нет наблюдаемых исходящих переводов.
100000004635886100,terminal,0.643718,5,0.302876,Признаки конечного получателя: наблюдаемый входящий объём 23000 KZT; нет наблюдаемых исходящих переводов.
100000004644615100,distributor,0.888166,20,0.476881,"Признаки распределения: 2 наблюдаемых получателей, исходящий объём 379665 KZT."
100000004652395100,consolidator,0.774605,6,0.491580,"Признаки консолидации: 3 наблюдаемых отправителей, 7 seed-веток, входящий объём 101528 KZT. Граница наблюдения depth=4 ограничивает выводы."
100000004655046100,consolidator,0.692777,33,0.579503,"Признаки консолидации: 1 наблюдаемых отправителей, 9 seed-веток, входящий объём 24000 KZT. Граница наблюдения depth=4 ограничивает выводы."
100000004657034100,terminal,0.852475,8,0.385405,Признаки конечного получателя: наблюдаемый входящий объём 141250 KZT; нет наблюдаемых исходящих переводов.
100000004659919100,coordinator,0.829759,4,0.746866,"Структурно значимый узел: процентили PageRank 0.94, betweenness 0.87 в своей depth-группе; 10 seed-веток."
100000004662806100,distributor,0.809713,9,0.592367,"Признаки распределения: 2 наблюдаемых получателей, исходящий объём 59900 KZT."
100000004664515100,terminal,0.669851,1,0.334220,Признаки конечного получателя: наблюдаемый входящий объём 37691 KZT; нет наблюдаемых исходящих переводов.
100000004664905100,terminal,0.929936,5,0.476975,Признаки конечного получателя: наблюдаемый входящий объём 329020 KZT; нет наблюдаемых исходящих переводов.
100000004666651100,terminal,0.956616,4,0.556828,Признаки конечного получателя: наблюдаемый входящий объём 429250 KZT; нет наблюдаемых исходящих переводов.
100000004670388100,distributor,0.895622,1,0.616282,"Признаки распределения: 2 наблюдаемых получателей, исходящий объём 720000 KZT."
100000004671609100,terminal,0.817893,29,0.490381,Признаки конечного получателя: наблюдаемый входящий объём 100000 KZT; нет наблюдаемых исходящих переводов.
100000004673335100,consolidator,0.608352,20,0.452032,"Признаки консолидации: 1 наблюдаемых отправителей, 7 seed-веток, входящий объём 80000 KZT. Граница наблюдения depth=4 ограничивает выводы."
100000004674178100,peripheral,0.315463,12,0.203812,Выраженные признаки функциональной роли по наблюдаемым данным не выявлены. Граница наблюдения depth=4 ограничивает выводы.
100000004674389100,consolidator,0.633465,6,0.489475,"Признаки консолидации: 1 наблюдаемых отправителей, 8 seed-веток, входящий объём 15000 KZT. Граница наблюдения depth=4 ограничивает выводы."
100000004674412100,consolidator,0.705135,6,0.567692,"Признаки консолидации: 1 наблюдаемых отправителей, 8 seed-веток, входящий объём 46000 KZT. Граница наблюдения depth=4 ограничивает выводы."
100000004674799100,terminal,0.851952,8,0.422958,Признаки конечного получателя: наблюдаемый входящий объём 140000 KZT; нет наблюдаемых исходящих переводов.
100000004676985100,distributor,0.740324,7,0.441621,"Признаки распределения: 1 наблюдаемых получателей, исходящий объём 27102 KZT."
100000004677680100,coordinator,0.766454,11,0.666667,"Структурно значимый узел: процентили PageRank 0.94, betweenness 0.84 в своей depth-группе; 8 seed-веток."
100000004679953100,distributor,0.842357,1,0.596433,"Признаки распределения: 3 наблюдаемых получателей, исходящий объём 34100 KZT."
100000004687099100,terminal,0.663232,3,0.221830,Признаки конечного получателя: наблюдаемый входящий объём 30000 KZT; нет наблюдаемых исходящих переводов.
100000004687282100,terminal,0.604121,5,0.290423,Признаки конечного получателя: наблюдаемый входящий объём 20000 KZT; нет наблюдаемых исходящих переводов.
100000004689658100,terminal,0.747183,26,0.480549,Признаки конечного получателя: наблюдаемый входящий объём 456100 KZT; наблюдаемый исходящий объём 7092 KZT.
100000004691350100,peripheral,0.376411,1,0.244817,Выраженные признаки функциональной роли по наблюдаемым данным не выявлены. Граница наблюдения depth=4 ограничивает выводы.
100000004692798100,distributor,0.708864,9,0.457521,"Признаки распределения: 1 наблюдаемых получателей, исходящий объём 15000 KZT."
100000004697956100,distributor,0.724302,34,0.316202,"Признаки распределения: 1 наблюдаемых получателей, исходящий объём 10000 KZT."
100000004698193100,distributor,0.823482,34,0.461708,"Признаки распределения: 3 наблюдаемых получателей, исходящий объём 38000 KZT."
100000004707703100,distributor,0.912420,5,0.629092,"Признаки распределения: 5 наблюдаемых получателей, исходящий объём 231650 KZT."
100000004713684100,terminal,0.718274,7,0.313702,Признаки конечного получателя: наблюдаемый входящий объём 37500 KZT; нет наблюдаемых исходящих переводов.
100000004714705100,peripheral,0.506250,38,0.196844,Выраженные признаки функциональной роли по наблюдаемым данным не выявлены.
100000004715209100,distributor,0.954156,35,0.561564,"Признаки распределения: 5 наблюдаемых получателей, исходящий объём 350450 KZT."
100000004717647100,distributor,0.970654,1,0.660511,"Признаки распределения: 5 наблюдаемых получателей, исходящий объём 2240000 KZT."
100000004722630100,consolidator,0.663939,1,0.501891,"Признаки консолидации: 1 наблюдаемых отправителей, 7 seed-веток, входящий объём 340000 KZT. Граница наблюдения depth=4 ограничивает выводы."
100000004722765100,distributor,0.942418,6,0.647262,"Признаки распределения: 3 наблюдаемых получателей, исходящий объём 2284500 KZT."
100000004723755100,peripheral,0.478125,4,0.221828,Выраженные признаки функциональной роли по наблюдаемым данным не выявлены.
100000004726132100,distributor,0.736516,8,0.539502,"Признаки распределения: 1 наблюдаемых получателей, исходящий объём 24000 KZT."
100000004732589100,terminal,0.909978,33,0.332093,Признаки конечного получателя: наблюдаемый входящий объём 227520 KZT; нет наблюдаемых исходящих переводов.
100000004737477100,distributor,0.724257,7,0.485685,"Признаки распределения: 1 наблюдаемых получателей, исходящий объём 40500 KZT."
100000004737764100,terminal,0.972716,4,0.495577,Признаки конечного получателя: наблюдаемый входящий объём 600000 KZT; нет наблюдаемых исходящих переводов.
100000004739664100,distributor,0.705414,27,0.306773,"Признаки распределения: 1 наблюдаемых получателей, исходящий объём 10000 KZT."
100000004741837100,terminal,0.624204,5,0.296847,Признаки конечного получателя: наблюдаемый входящий объём 25596 KZT; нет наблюдаемых исходящих переводов.
100000004744306100,distributor,0.819798,38,0.613498,"Признаки распределения: 2 наблюдаемых получателей, исходящий объём 92000 KZT."
100000004746397100,distributor,0.720019,8,0.513033,"Признаки распределения: 1 наблюдаемых получателей, исходящий объём 7500 KZT."
100000004747154100,consolidator,0.600451,35,0.425959,"Признаки консолидации: 1 наблюдаемых отправителей, 7 seed-веток, входящий объём 67000 KZT. Граница наблюдения depth=4 ограничивает выводы."
100000004750321100,terminal,0.756345,33,0.370333,Признаки конечного получателя: наблюдаемый входящий объём 50185 KZT; нет наблюдаемых исходящих переводов.
100000004750897100,coordinator,0.556409,5,0.400314,"Структурно значимый узел: процентили PageRank 0.86, betweenness 0.34 в своей depth-группе; 7 seed-веток."
100000004756901100,terminal,0.865510,25,0.386556,Признаки конечного получателя: наблюдаемый входящий объём 153248 KZT; нет наблюдаемых исходящих переводов.
100000004759121100,coordinator,0.856476,8,0.684490,"Структурно значимый узел: процентили PageRank 0.96, betweenness 0.87 в своей depth-группе; 7 seed-веток."
100000004765639100,distributor,0.756779,25,0.392608,"Признаки распределения: 2 наблюдаемых получателей, исходящий объём 11000 KZT."
100000004770073100,distributor,0.717481,1,0.381983,"Признаки распределения: 1 наблюдаемых получателей, исходящий объём 5467 KZT."
100000004777215100,consolidator,0.596219,25,0.439249,"Признаки консолидации: 1 наблюдаемых отправителей, 7 seed-веток, входящий объём 60000 KZT. Граница наблюдения depth=4 ограничивает выводы."
100000004779204100,distributor,0.734772,7,0.434388,"Признаки распределения: 1 наблюдаемых получателей, исходящий объём 20000 KZT."
100000004780083100,peripheral,0.424379,6,0.169097,Выраженные признаки функциональной роли по наблюдаемым данным не выявлены. Граница наблюдения depth=4 ограничивает выводы.
100000004780327100,peripheral,0.388262,37,0.072777,Выраженные признаки функциональной роли по наблюдаемым данным не выявлены. Граница наблюдения depth=4 ограничивает выводы.
100000004783447100,terminal,0.631635,27,0.216056,Признаки конечного получателя: наблюдаемый входящий объём 26200 KZT; нет наблюдаемых исходящих переводов.
100000004784224100,distributor,0.742304,9,0.414432,"Признаки распределения: 1 наблюдаемых получателей, исходящий объём 100000 KZT."
100000004788983100,peripheral,0.275959,7,0.234709,Выраженные признаки функциональной роли по наблюдаемым данным не выявлены. Граница наблюдения depth=4 ограничивает выводы.
100000004790991100,terminal,0.906582,5,0.452803,Признаки конечного получателя: наблюдаемый входящий объём 239413 KZT; нет наблюдаемых исходящих переводов.
100000004791226100,peripheral,0.315463,7,0.248507,Выраженные признаки функциональной роли по наблюдаемым данным не выявлены. Граница наблюдения depth=4 ограничивает выводы.
100000004792397100,terminal,0.768577,27,0.293938,Признаки конечного получателя: наблюдаемый входящий объём 73520 KZT; нет наблюдаемых исходящих переводов.
100000004797167100,peripheral,0.257336,26,0.161862,Выраженные признаки функциональной роли по наблюдаемым данным не выявлены. Граница наблюдения depth=4 ограничивает выводы.
100000004798515100,consolidator,0.647009,9,0.474295,"Признаки консолидации: 1 наблюдаемых отправителей, 7 seed-веток, входящий объём 200000 KZT. Граница наблюдения depth=4 ограничивает выводы."
100000004800452100,peripheral,0.451467,26,0.222460,Выраженные признаки функциональной роли по наблюдаемым данным не выявлены. Граница наблюдения depth=4 ограничивает выводы.
100000004800648100,consolidator,0.631490,9,0.454740,"Признаки консолидации: 1 наблюдаемых отправителей, 7 seed-веток, входящий объём 131000 KZT. Граница наблюдения depth=4 ограничивает выводы."
100000004806903100,terminal,0.592733,4,0.414807,Признаки конечного получателя: наблюдаемый входящий объём 18000 KZT; нет наблюдаемых исходящих переводов.
100000004813068100,distributor,0.751562,9,0.401312,"Признаки распределения: 3 наблюдаемых получателей, исходящий объём 297000 KZT."
100000004816564100,terminal,0.719999,5,0.434835,Признаки конечного получателя: наблюдаемый входящий объём 285480 KZT; наблюдаемый исходящий объём 5000 KZT.
100000004820260100,distributor,0.857646,5,0.584875,"Признаки распределения: 3 наблюдаемых получателей, исходящий объём 215350 KZT."
100000004825069100,terminal,0.663232,24,0.200518,Признаки конечного получателя: наблюдаемый входящий объём 30000 KZT; нет наблюдаемых исходящих переводов.
100000004840086100,consolidator,0.618792,8,0.472263,"Признаки консолидации: 1 наблюдаемых отправителей, 7 seed-веток, входящий объём 100000 KZT. Граница наблюдения depth=4 ограничивает выводы."
100000004841728100,terminal,0.722930,27,0.268508,Признаки конечного получателя: наблюдаемый входящий объём 52208 KZT; нет наблюдаемых исходящих переводов.
100000004847758100,distributor,0.971603,6,0.631752,"Признаки распределения: 15 наблюдаемых получателей, исходящий объём 488800 KZT."
100000004848236100,peripheral,0.440181,7,0.175564,Выраженные признаки функциональной роли по наблюдаемым данным не выявлены. Граница наблюдения depth=4 ограничивает выводы.
100000004850609100,peripheral,0.408578,6,0.186501,Выраженные признаки функциональной роли по наблюдаемым данным не выявлены. Граница наблюдения depth=4 ограничивает выводы.
100000004856746100,peripheral,0.315463,14,0.201950,Выраженные признаки функциональной роли по наблюдаемым данным не выявлены. Граница наблюдения depth=4 ограничивает выводы.
100000004877085100,distributor,0.905298,6,0.539036,"Признаки распределения: 3 наблюдаемых получателей, исходящий объём 95600 KZT."
100000004889043100,terminal,0.914340,7,0.430400,Признаки конечного получателя: наблюдаемый входящий объём 272000 KZT; нет наблюдаемых исходящих переводов.
100000004890713100,consolidator,0.571670,33,0.385158,"Признаки консолидации: 1 наблюдаемых отправителей, 7 seed-веток, входящий объём 40485 KZT. Граница наблюдения depth=4 ограничивает выводы."
100000004891562100,peripheral,0.128668,37,0.162844,Выраженные признаки функциональной роли по наблюдаемым данным не выявлены. Граница наблюдения depth=4 ограничивает выводы.
100000004892144100,terminal,0.788443,9,0.414926,Признаки конечного получателя: наблюдаемый входящий объём 4500000 KZT; наблюдаемый исходящий объём 180300 KZT.
100000004904960100,consolidator,0.757213,4,0.594653,"Признаки консолидации: 2 наблюдаемых отправителей, 10 seed-веток, входящий объём 32000 KZT."
100000004905207100,terminal,0.943601,16,0.562120,Признаки конечного получателя: наблюдаемый входящий объём 380000 KZT; нет наблюдаемых исходящих переводов.
100000004906181100,distributor,0.982709,8,0.604394,"Признаки распределения: 7 наблюдаемых получателей, исходящий объём 2473418 KZT."
100000004908173100,consolidator,0.663375,29,0.508775,"Признаки консолидации: 1 наблюдаемых отправителей, 8 seed-веток, входящий объём 21000 KZT. Граница наблюдения depth=4 ограничивает выводы."
100000004911971100,consolidator,0.564334,8,0.368059,"Признаки консолидации: 1 наблюдаемых отправителей, 7 seed-веток, входящий объём 35000 KZT. Граница наблюдения depth=4 ограничивает выводы."
100000004917367100,terminal,0.838515,8,0.389326,Признаки конечного получателя: наблюдаемый входящий объём 120000 KZT; нет наблюдаемых исходящих переводов.
100000004921657100,distributor,0.735882,4,0.549438,"Признаки распределения: 1 наблюдаемых получателей, исходящий объём 22190 KZT."
100000004931931100,distributor,0.748414,1,0.465263,"Признаки распределения: 1 наблюдаемых получателей, исходящий объём 45000 KZT."
100000004948177100,terminal,0.947983,5,0.486895,Признаки конечного получателя: наблюдаемый входящий объём 437163 KZT; нет наблюдаемых исходящих переводов.
100000004950490100,peripheral,0.457158,3,0.119352,Выраженные признаки функциональной роли по наблюдаемым данным не выявлены.
100000004959752100,coordinator,0.676840,26,0.578607,"Структурно значимый узел: процентили PageRank 0.95, betweenness 0.34 в своей depth-группе; 11 seed-веток."
100000004962193100,terminal,0.982646,1,0.481925,Признаки конечного получателя: наблюдаемый входящий объём 900468 KZT; нет наблюдаемых исходящих переводов.
100000004970752100,coordinator,0.583820,7,0.415390,"Структурно значимый узел: процентили PageRank 0.95, betweenness 0.34 в своей depth-группе; 7 seed-веток."
100000004971871100,peripheral,0.462920,39,0.230988,Выраженные признаки функциональной роли по наблюдаемым данным не выявлены.
100000004975919100,distributor,0.833122,1,0.468985,"Признаки распределения: 2 наблюдаемых получателей, исходящий объём 15000 KZT."
100000004976946100,consolidator,0.652935,7,0.469131,"Признаки консолидации: 1 наблюдаемых отправителей, 7 seed-веток, входящий объём 246000 KZT. Граница наблюдения depth=4 ограничивает выводы."
100000004979264100,consolidator,0.693567,29,0.550677,"Признаки консолидации: 1 наблюдаемых отправителей, 8 seed-веток, входящий объём 39800 KZT. Граница наблюдения depth=4 ограничивает выводы."
100000004979283100,terminal,0.725888,33,0.348138,Признаки конечного получателя: наблюдаемый входящий объём 40132 KZT; нет наблюдаемых исходящих переводов.
100000004979498100,distributor,0.712310,41,0.434051,"Признаки распределения: 1 наблюдаемых получателей, исходящий объём 200000 KZT."
100000004981068100,peripheral,0.408578,1,0.201569,Выраженные признаки функциональной роли по наблюдаемым данным не выявлены. Граница наблюдения depth=4 ограничивает выводы.
100000004984689100,terminal,0.764594,1,0.359835,Признаки конечного получателя: наблюдаемый входящий объём 53030 KZT; нет наблюдаемых исходящих переводов.
100000004988240100,peripheral,0.315463,7,0.239196,Выраженные признаки функциональной роли по наблюдаемым данным не выявлены. Граница наблюдения depth=4 ограничивает выводы.
100000004991593100,consolidator,0.577878,6,0.410722,"Признаки консолидации: 1 наблюдаемых отправителей, 7 seed-веток, входящий объём 45000 KZT. Граница наблюдения depth=4 ограничивает выводы."
100000004991812100,peripheral,0.450825,36,0.244161,Выраженные признаки функциональной роли по наблюдаемым данным не выявлены.
100000004993576100,terminal,0.874187,5,0.402207,Признаки конечного получателя: наблюдаемый входящий объём 167000 KZT; нет наблюдаемых исходящих переводов.
100000004997515100,consolidator,0.934478,29,0.803960,"Признаки консолидации: 4 наблюдаемых отправителей, 9 seed-веток, входящий объём 395000 KZT."
100000005008589100,terminal,0.732234,1,0.352992,Признаки конечного получателя: наблюдаемый входящий объём 42807 KZT; нет наблюдаемых исходящих переводов.
100000005010159100,peripheral,0.441309,26,0.225220,Выраженные признаки функциональной роли по наблюдаемым данным не выявлены. Граница наблюдения depth=4 ограничивает выводы.
100000005017150100,peripheral,0.644531,52,0.167441,Выраженные признаки функциональной роли по наблюдаемым данным не выявлены.
100000005022552100,distributor,0.715102,5,0.497433,"Признаки распределения: 1 наблюдаемых получателей, исходящий объём 5000 KZT."
100000005022964100,terminal,0.604121,4,0.394056,Признаки конечного получателя: наблюдаемый входящий объём 20000 KZT; нет наблюдаемых исходящих переводов.
100000005025629100,peripheral,0.474041,8,0.170655,Выраженные признаки функциональной роли по наблюдаемым данным не выявлены. Граница наблюдения depth=4 ограничивает выводы.
100000005030592100,peripheral,0.457158,5,0.184130,Выраженные признаки функциональной роли по наблюдаемым данным не выявлены.
100000005031696100,distributor,0.797993,4,0.634577,"Признаки распределения: 2 наблюдаемых получателей, исходящий объём 115000 KZT."
100000005032294100,peripheral,0.457158,16,0.293620,Выраженные признаки функциональной роли по наблюдаемым данным не выявлены.
100000005034574100,terminal,0.912951,51,0.373142,Признаки конечного получателя: наблюдаемый входящий объём 258816 KZT; нет наблюдаемых исходящих переводов.
100000005037490100,distributor,0.844067,2,0.504353,"Признаки распределения: 2 наблюдаемых получателей, исходящий объём 30000 KZT."
100000005041147100,peripheral,0.408578,1,0.220700,Выраженные признаки функциональной роли по наблюдаемым данным не выявлены. Граница наблюдения depth=4 ограничивает выводы.
100000005041905100,distributor,0.796796,18,0.387471,"Признаки распределения: 1 наблюдаемых получателей, исходящий объём 1080351 KZT."
100000005042822100,consolidator,0.680305,30,0.513911,"Признаки консолидации: 1 наблюдаемых отправителей, 7 seed-веток, входящий объём 1000000 KZT. Граница наблюдения depth=4 ограничивает выводы."
100000005048668100,distributor,0.956536,6,0.547525,"Признаки распределения: 8 наблюдаемых получателей, исходящий объём 159400 KZT."
100000005049404100,consolidator,0.616253,8,0.432901,"Признаки консолидации: 1 наблюдаемых отправителей, 7 seed-веток, входящий объём 98000 KZT. Граница наблюдения depth=4 ограничивает выводы."
100000005052998100,distributor,0.740958,1,0.389045,"Признаки распределения: 1 наблюдаемых получателей, исходящий объём 28400 KZT."
100000005053653100,distributor,0.673536,6,0.445108,"Признаки распределения: 1 наблюдаемых получателей, исходящий объём 25000 KZT."
100000005055454100,peripheral,0.476523,22,0.142779,Выраженные признаки функциональной роли по наблюдаемым данным не выявлены.
100000005056870100,terminal,0.587580,40,0.221653,Признаки конечного получателя: наблюдаемый входящий объём 20000 KZT; нет наблюдаемых исходящих переводов.
100000005059998100,terminal,0.592733,6,0.266109,Признаки конечного получателя: наблюдаемый входящий объём 18000 KZT; нет наблюдаемых исходящих переводов.
100000005061890100,terminal,0.804886,1,0.412102,Признаки конечного получателя: наблюдаемый входящий объём 90000 KZT; нет наблюдаемых исходящих переводов.
100000005074393100,distributor,0.944533,4,0.779589,"Признаки распределения: 6 наблюдаемых получателей, исходящий объём 685500 KZT."
100000005075949100,consolidator,0.686795,6,0.546163,"Признаки консолидации: 1 наблюдаемых отправителей, 7 seed-веток, входящий объём 2226000 KZT. Граница наблюдения depth=4 ограничивает выводы."
100000005077484100,distributor,0.757863,22,0.418953,"Признаки распределения: 2 наблюдаемых получателей, исходящий объём 13550 KZT."
100000005079473100,consolidator,0.567720,26,0.394977,"Признаки консолидации: 1 наблюдаемых отправителей, 7 seed-веток, входящий объём 39312 KZT. Граница наблюдения depth=4 ограничивает выводы."
100000005079754100,distributor,0.821921,4,0.629214,"Признаки распределения: 2 наблюдаемых получателей, исходящий объём 122000 KZT."
100000005082652100,terminal,0.693528,3,0.251034,Признаки конечного получателя: наблюдаемый входящий объём 30000 KZT; нет наблюдаемых исходящих переводов.
100000005087431100,peripheral,0.644531,53,0.167441,Выраженные признаки функциональной роли по наблюдаемым данным не выявлены.
100000005087923100,peripheral,0.315463,3,0.129941,Выраженные признаки функциональной роли по наблюдаемым данным не выявлены. Граница наблюдения depth=4 ограничивает выводы.
100000005089460100,terminal,0.567893,18,0.146796,Признаки конечного получателя: наблюдаемый входящий объём 12300 KZT; нет наблюдаемых исходящих переводов.
100000005092518100,terminal,0.630042,27,0.215125,Признаки конечного получателя: наблюдаемый входящий объём 26144 KZT; нет наблюдаемых исходящих переводов.
100000005093521100,peripheral,0.453291,4,0.291046,Выраженные признаки функциональной роли по наблюдаемым данным не выявлены.
100000005100475100,terminal,0.723985,34,0.255812,Признаки конечного получателя: наблюдаемый входящий объём 40000 KZT; нет наблюдаемых исходящих переводов.
100000005105153100,terminal,0.663232,8,0.327362,Признаки конечного получателя: наблюдаемый входящий объём 30000 KZT; нет наблюдаемых исходящих переводов.
100000005124479100,consolidator,0.802485,4,0.668559,"Признаки консолидации: 2 наблюдаемых отправителей, 10 seed-веток, входящий объём 137753 KZT."
100000005127767100,peripheral,0.451015,17,0.247643,Выраженные признаки функциональной роли по наблюдаемым данным не выявлены.
100000005133757100,consolidator,0.773779,26,0.589087,"Признаки консолидации: 2 наблюдаемых отправителей, 10 seed-веток, входящий объём 65000 KZT."
100000005140601100,distributor,0.807213,1,0.563661,"Признаки распределения: 2 наблюдаемых получателей, исходящий объём 195300 KZT."
100000005142492100,distributor,0.754283,34,0.485517,"Признаки распределения: 1 наблюдаемых получателей, исходящий объём 57000 KZT."
100000005142589100,terminal,0.728308,1,0.330290,Признаки конечного получателя: наблюдаемый входящий объём 50000 KZT; нет наблюдаемых исходящих переводов.
100000005146665100,peripheral,0.465576,16,0.148942,Выраженные признаки функциональной роли по наблюдаемым данным не выявлены. Граница наблюдения depth=4 ограничивает выводы.
100000005168487100,distributor,0.700922,11,0.547749,"Признаки распределения: 1 наблюдаемых получателей, исходящий объём 103510 KZT."
100000005171642100,distributor,0.793306,34,0.488141,"Признаки распределения: 1 наблюдаемых получателей, исходящий объём 683600 KZT."
100000005172860100,terminal,0.586929,1,0.279315,Признаки конечного получателя: наблюдаемый входящий объём 15209 KZT; нет наблюдаемых исходящих переводов.
100000005175148100,consolidator,0.664676,5,0.495471,"Признаки консолидации: 2 наблюдаемых отправителей, 7 seed-веток, входящий объём 79000 KZT."
100000005182219100,terminal,0.769036,45,0.384895,Признаки конечного получателя: наблюдаемый входящий объём 55000 KZT; нет наблюдаемых исходящих переводов.
100000005183943100,terminal,0.975584,19,0.410897,Признаки конечного получателя: наблюдаемый входящий объём 680900 KZT; нет наблюдаемых исходящих переводов.
100000005186109100,coordinator,0.574302,5,0.402636,"Структурно значимый узел: процентили PageRank 0.92, betweenness 0.34 в своей depth-группе; 7 seed-веток."
100000005186131100,distributor,0.724302,7,0.392947,"Признаки распределения: 1 наблюдаемых получателей, исходящий объём 10000 KZT."
100000005187208100,terminal,0.576142,6,0.298607,Признаки конечного получателя: наблюдаемый входящий объём 14160 KZT; нет наблюдаемых исходящих переводов.
100000005189258100,consolidator,0.586907,6,0.408183,"Признаки консолидации: 1 наблюдаемых отправителей, 7 seed-веток, входящий объём 50000 KZT. Граница наблюдения depth=4 ограничивает выводы."
100000005198498100,terminal,0.687183,18,0.204588,Признаки конечного получателя: наблюдаемый входящий объём 28800 KZT; нет наблюдаемых исходящих переводов.
100000005198906100,distributor,0.756187,8,0.513861,"Признаки распределения: 1 наблюдаемых получателей, исходящий объём 60000 KZT."
100000005203590100,terminal,0.808026,34,0.262202,Признаки конечного получателя: наблюдаемый входящий объём 90000 KZT; нет наблюдаемых исходящих переводов.
100000005205745100,peripheral,0.483731,3,0.201188,Выраженные признаки функциональной роли по наблюдаемым данным не выявлены.
100000005209352100,peripheral,0.489278,1,0.184969,Выраженные признаки функциональной роли по наблюдаемым данным не выявлены. Граница наблюдения depth=4 ограничивает выводы.
100000005222360100,coordinator,0.865736,16,0.583103,"Структурно значимый узел: процентили PageRank 0.92, betweenness 1.00 в своей depth-группе; 7 seed-веток."
100000005226217100,consolidator,0.669921,29,0.532184,"Признаки консолидации: 1 наблюдаемых отправителей, 9 seed-веток, входящий объём 17500 KZT. Граница наблюдения depth=4 ограничивает выводы."
100000005228059100,terminal,0.626858,27,0.213501,Признаки конечного получателя: наблюдаемый входящий объём 26000 KZT; нет наблюдаемых исходящих переводов.
100000005233755100,distributor,0.715102,1,0.429286,"Признаки распределения: 1 наблюдаемых получателей, исходящий объём 5000 KZT."
100000005235389100,peripheral,0.644531,54,0.167441,Выраженные признаки функциональной роли по наблюдаемым данным не выявлены.
100000005237935150,terminal,0.681128,20,0.210255,Признаки конечного получателя: наблюдаемый входящий объём 34508 KZT; нет наблюдаемых исходящих переводов.
100000005241556100,terminal,0.817893,29,0.501485,Признаки конечного получателя: наблюдаемый входящий объём 100000 KZT; нет наблюдаемых исходящих переводов.
100000005242320100,distributor,0.978579,20,0.568536,"Признаки распределения: 21 наблюдаемых получателей, исходящий объём 8936295 KZT."
100000005264874100,distributor,0.862151,21,0.432805,"Признаки распределения: 2 наблюдаемых получателей, исходящий объём 78000 KZT."
100000005264990100,coordinator,0.672500,38,0.586750,"Структурно значимый узел: процентили PageRank 0.57, betweenness 0.91 в своей depth-группе; 8 seed-веток."
100000005265073100,distributor,0.721447,38,0.503541,"Признаки распределения: 1 наблюдаемых получателей, исходящий объём 9000 KZT."
100000005268319100,distributor,0.933217,6,0.538645,"Признаки распределения: 5 наблюдаемых получателей, исходящий объём 91000 KZT."
100000005272139100,consolidator,0.639108,5,0.502906,"Признаки консолидации: 1 наблюдаемых отправителей, 7 seed-веток, входящий объём 165000 KZT. Граница наблюдения depth=4 ограничивает выводы."
100000005287097100,distributor,0.964968,5,0.634140,"Признаки распределения: 9 наблюдаемых получателей, исходящий объём 697300 KZT."
100000005293969100,peripheral,0.469526,1,0.201095,Выраженные признаки функциональной роли по наблюдаемым данным не выявлены. Граница наблюдения depth=4 ограничивает выводы.
100000005308954100,distributor,0.742227,5,0.511367,"Признаки распределения: 1 наблюдаемых получателей, исходящий объём 30000 KZT."
100000005314565100,terminal,0.893718,1,0.445128,Признаки конечного получателя: наблюдаемый входящий объём 218500 KZT; нет наблюдаемых исходящих переводов.
100000005316708100,distributor,0.832537,3,0.457585,"Признаки распределения: 2 наблюдаемых получателей, исходящий объём 257500 KZT."
100000005317181100,distributor,0.730489,1,0.515022,"Признаки распределения: 1 наблюдаемых получателей, исходящий объём 14500 KZT."
100000005326681100,terminal,0.673536,5,0.298167,Признаки конечного получателя: наблюдаемый входящий объём 31228 KZT; нет наблюдаемых исходящих переводов.
100000005328215100,terminal,0.645879,33,0.196060,Признаки конечного получателя: наблюдаемый входящий объём 27000 KZT; нет наблюдаемых исходящих переводов.
100000005339662100,distributor,0.906582,5,0.634459,"Признаки распределения: 4 наблюдаемых получателей, исходящий объём 295160 KZT."
100000005342513100,distributor,0.742227,24,0.415206,"Признаки распределения: 1 наблюдаемых получателей, исходящий объём 30000 KZT."
100000005357034100,peripheral,0.458756,7,0.188648,Выраженные признаки функциональной роли по наблюдаемым данным не выявлены.
100000005357705100,distributor,0.944480,1,0.590365,"Признаки распределения: 4 наблюдаемых получателей, исходящий объём 387080 KZT."
100000005360814100,consolidator,0.634594,26,0.470739,"Признаки консолидации: 1 наблюдаемых отправителей, 7 seed-веток, входящий объём 144000 KZT. Граница наблюдения depth=4 ограничивает выводы."
100000005362848100,terminal,0.688135,33,0.327241,Признаки конечного получателя: наблюдаемый входящий объём 29000 KZT; нет наблюдаемых исходящих переводов.
100000005363908100,distributor,0.713110,49,0.349544,"Признаки распределения: 1 наблюдаемых получателей, исходящий объём 19500 KZT."
100000005367180100,peripheral,0.439052,1,0.228335,Выраженные признаки функциональной роли по наблюдаемым данным не выявлены. Граница наблюдения depth=4 ограничивает выводы.
100000005367284100,distributor,0.851681,1,0.486954,"Признаки распределения: 2 наблюдаемых получателей, исходящий объём 48300 KZT."
100000005367445100,distributor,0.715102,2,0.515707,"Признаки распределения: 1 наблюдаемых получателей, исходящий объём 5000 KZT."
100000005370558100,peripheral,0.489278,6,0.156103,Выраженные признаки функциональной роли по наблюдаемым данным не выявлены. Граница наблюдения depth=4 ограничивает выводы.
100000005370580100,consolidator,0.696250,2,0.506219,"Признаки консолидации: 1 наблюдаемых отправителей, 8 seed-веток, входящий объём 24075 KZT."
100000005375968100,distributor,0.863737,7,0.549334,"Признаки распределения: 2 наблюдаемых получателей, исходящий объём 86000 KZT."
100000005382566100,consolidator,0.934322,38,0.779729,"Признаки консолидации: 7 наблюдаемых отправителей, 15 seed-веток, входящий объём 393066 KZT."
100000005386383100,coordinator,0.792500,38,0.607750,"Структурно значимый узел: процентили PageRank 0.66, betweenness 0.88 в своей depth-группе; 8 seed-веток."
100000005392290100,peripheral,0.490625,47,0.213016,Выраженные признаки функциональной роли по наблюдаемым данным не выявлены.
100000005394708100,distributor,0.733280,38,0.416725,"Признаки распределения: 1 наблюдаемых получателей, исходящий объём 65000 KZT."
100000005395727100,consolidator,0.690000,5,0.505281,"Признаки консолидации: 1 наблюдаемых отправителей, 8 seed-веток, входящий объём 17000 KZT."
100000005402643100,distributor,0.698210,29,0.370472,"Признаки распределения: 1 наблюдаемых получателей, исходящий объём 90000 KZT."
100000005409156100,terminal,0.910533,8,0.457107,Признаки конечного получателя: наблюдаемый входящий объём 260080 KZT; нет наблюдаемых исходящих переводов.
100000005409680100,consolidator,0.811250,6,0.605406,"Признаки консолидации: 2 наблюдаемых отправителей, 10 seed-веток, входящий объём 55060 KZT."
100000005413948100,coordinator,0.786768,2,0.631095,"Структурно значимый узел: процентили PageRank 0.97, betweenness 0.80 в своей depth-группе; 9 seed-веток."
100000005417257100,distributor,0.654688,38,0.359312,"Признаки распределения: 2 наблюдаемых получателей, исходящий объём 106000 KZT."
100000005432267100,terminal,0.935244,4,0.550090,Признаки конечного получателя: наблюдаемый входящий объём 350001 KZT; нет наблюдаемых исходящих переводов.
100000005454368100,consolidator,0.771250,2,0.545594,"Признаки консолидации: 2 наблюдаемых отправителей, 8 seed-веток, входящий объём 48600 KZT."
100000005456919100,terminal,0.751259,10,0.377906,Признаки конечного получателя: наблюдаемый входящий объём 479950 KZT; наблюдаемый исходящий объём 5000 KZT.
100000005473151100,distributor,0.899151,33,0.740848,"Признаки распределения: 4 наблюдаемых получателей, исходящий объём 225000 KZT."
100000005474472100,terminal,0.824837,9,0.309048,Признаки конечного получателя: наблюдаемый входящий объём 100000 KZT; нет наблюдаемых исходящих переводов.
100000005475379100,distributor,0.901808,6,0.668940,"Признаки распределения: 3 наблюдаемых получателей, исходящий объём 81000 KZT."
100000005480435100,peripheral,0.644531,55,0.167441,Выраженные признаки функциональной роли по наблюдаемым данным не выявлены.
100000005481280100,distributor,0.830531,5,0.475304,"Признаки распределения: 3 наблюдаемых получателей, исходящий объём 50000 KZT."
100000005485830100,distributor,0.829688,40,0.418187,"Признаки распределения: 5 наблюдаемых получателей, исходящий объём 275885 KZT."
100000005493505100,consolidator,0.876250,4,0.646781,"Признаки консолидации: 3 наблюдаемых отправителей, 12 seed-веток, входящий объём 62020 KZT."
100000005495211100,peripheral,0.365688,1,0.240102,Выраженные признаки функциональной роли по наблюдаемым данным не выявлены. Граница наблюдения depth=4 ограничивает выводы.
100000005495722100,peripheral,0.644531,56,0.167441,Выраженные признаки функциональной роли по наблюдаемым данным не выявлены.
100000005496254100,peripheral,0.466030,1,0.208551,Выраженные признаки функциональной роли по наблюдаемым данным не выявлены.
100000005497148100,peripheral,0.290068,8,0.242116,Выраженные признаки функциональной роли по наблюдаемым данным не выявлены. Граница наблюдения depth=4 ограничивает выводы.
100000005498992100,distributor,0.912500,3,0.475562,"Признаки распределения: 16 наблюдаемых получателей, исходящий объём 2262868 KZT."
100000005505655100,coordinator,0.774098,12,0.565828,"Структурно значимый узел: процентили PageRank 0.69, betweenness 0.94 в своей depth-группе; 7 seed-веток."
100000005507142100,distributor,0.844631,21,0.443682,"Признаки распределения: 3 наблюдаемых получателей, исходящий объём 100000 KZT."
100000005514161100,consolidator,0.890926,3,0.759225,"Признаки консолидации: 4 наблюдаемых отправителей, 9 seed-веток, входящий объём 401500 KZT."
100000005519347100,consolidator,0.731213,5,0.639989,"Признаки консолидации: 2 наблюдаемых отправителей, 10 seed-веток, входящий объём 73100 KZT."
100000005519998100,distributor,0.853579,14,0.578124,"Признаки распределения: 3 наблюдаемых получателей, исходящий объём 188000 KZT."
100000005523088100,consolidator,0.866250,38,0.713781,"Признаки консолидации: 1 наблюдаемых отправителей, 16 seed-веток, входящий объём 700000 KZT."
100000005527892100,distributor,0.956476,29,0.680616,"Признаки распределения: 8 наблюдаемых получателей, исходящий объём 552419 KZT."
100000005530114100,coordinator,0.765038,23,0.580162,"Структурно значимый узел: процентили PageRank 0.86, betweenness 0.72 в своей depth-группе; 7 seed-веток."
100000005532138100,terminal,0.668147,6,0.314549,Признаки конечного получателя: наблюдаемый входящий объём 25046 KZT; нет наблюдаемых исходящих переводов.
100000005539201100,distributor,0.716561,5,0.473408,"Признаки распределения: 1 наблюдаемых получателей, исходящий объём 25000 KZT."
100000005539910100,distributor,0.765998,4,0.618926,"Признаки распределения: 2 наблюдаемых получателей, исходящий объём 22000 KZT."
100000005543136100,peripheral,0.521875,4,0.180672,Выраженные признаки функциональной роли по наблюдаемым данным не выявлены.
100000005546031100,distributor,0.703556,49,0.414846,"Признаки распределения: 1 наблюдаемых получателей, исходящий объём 8000 KZT."
100000005547096100,distributor,0.809924,49,0.454062,"Признаки распределения: 2 наблюдаемых получателей, исходящий объём 226300 KZT."
100000005550592100,peripheral,0.644531,57,0.167441,Выраженные признаки функциональной роли по наблюдаемым данным не выявлены.
100000005553088100,peripheral,0.335779,26,0.192367,Выраженные признаки функциональной роли по наблюдаемым данным не выявлены. Граница наблюдения depth=4 ограничивает выводы.
100000005560900100,peripheral,0.644531,58,0.167441,Выраженные признаки функциональной роли по наблюдаемым данным не выявлены.
100000005561741100,terminal,0.632863,33,0.391429,Признаки конечного получателя: наблюдаемый входящий объём 25000 KZT; нет наблюдаемых исходящих переводов.
100000005567828100,consolidator,0.613431,33,0.434424,"Признаки консолидации: 1 наблюдаемых отправителей, 7 seed-веток, входящий объём 94000 KZT. Граница наблюдения depth=4 ограничивает выводы."
100000005568407100,peripheral,0.644531,59,0.167441,Выраженные признаки функциональной роли по наблюдаемым данным не выявлены.
100000005572303100,distributor,0.667299,5,0.453292,"Признаки распределения: 1 наблюдаемых получателей, исходящий объём 20000 KZT."
100000005578559100,distributor,0.959056,33,0.608482,"Признаки распределения: 21 наблюдаемых получателей, исходящий объём 893164 KZT."
100000005584222100,distributor,0.821391,1,0.593153,"Признаки распределения: 2 наблюдаемых получателей, исходящий объём 108587 KZT."
100000005588444100,peripheral,0.468153,3,0.106948,Выраженные признаки функциональной роли по наблюдаемым данным не выявлены.
100000005589319100,peripheral,0.279910,6,0.217111,Выраженные признаки функциональной роли по наблюдаемым данным не выявлены. Граница наблюдения depth=4 ограничивает выводы.
100000005602999100,distributor,0.760575,11,0.486659,"Признаки распределения: 2 наблюдаемых получателей, исходящий объём 16000 KZT."
100000005608515100,terminal,0.768980,3,0.237408,Признаки конечного получателя: наблюдаемый входящий объём 64000 KZT; нет наблюдаемых исходящих переводов.
100000005610717100,consolidator,0.784883,8,0.618952,"Признаки консолидации: 4 наблюдаемых отправителей, 7 seed-веток, входящий объём 484500 KZT."
100000005612411100,distributor,0.954352,6,0.678673,"Признаки распределения: 8 наблюдаемых получателей, исходящий объём 506997 KZT."
100000005614315100,terminal,0.960954,5,0.465005,Признаки конечного получателя: наблюдаемый входящий объём 455000 KZT; нет наблюдаемых исходящих переводов.
100000005616568100,consolidator,0.675508,8,0.507223,"Признаки консолидации: 1 наблюдаемых отправителей, 7 seed-веток, входящий объём 530000 KZT. Граница наблюдения depth=4 ограничивает выводы."
100000005619339100,distributor,0.652657,5,0.348747,"Признаки распределения: 1 наблюдаемых получателей, исходящий объём 5443 KZT."
100000005620225100,terminal,0.711253,1,0.360987,Признаки конечного получателя: наблюдаемый входящий объём 49846 KZT; нет наблюдаемых исходящих переводов.
100000005621418100,consolidator,0.554176,13,0.374323,"Признаки консолидации: 1 наблюдаемых отправителей, 7 seed-веток, входящий объём 30000 KZT. Граница наблюдения depth=4 ограничивает выводы."
100000005628518100,terminal,0.792830,2,0.405715,Признаки конечного получателя: наблюдаемый входящий объём 77000 KZT; нет наблюдаемых исходящих переводов.
100000005634552100,distributor,0.899151,1,0.575350,"Признаки распределения: 3 наблюдаемых получателей, исходящий объём 1196000 KZT."
100000005636951100,peripheral,0.233634,3,0.174848,Выраженные признаки функциональной роли по наблюдаемым данным не выявлены. Граница наблюдения depth=4 ограничивает выводы.
100000005660203100,distributor,0.776844,5,0.568574,"Признаки распределения: 2 наблюдаемых получателей, исходящий объём 41000 KZT."
100000005661528100,terminal,0.663388,26,0.305627,Признаки конечного получателя: наблюдаемый входящий объём 25000 KZT; нет наблюдаемых исходящих переводов.
100000005661829100,distributor,0.849461,8,0.489657,"Признаки распределения: 2 наблюдаемых получателей, исходящий объём 40362 KZT."
100000005664632100,terminal,0.888286,4,0.519946,Признаки конечного получателя: наблюдаемый входящий объём 198620 KZT; нет наблюдаемых исходящих переводов.
100000005664922100,distributor,0.870662,9,0.490358,"Признаки распределения: 3 наблюдаемых получателей, исходящий объём 537000 KZT."
100000005665181100,distributor,0.916215,6,0.567777,"Признаки распределения: 11 наблюдаемых получателей, исходящий объём 181915 KZT."
100000005667841100,terminal,0.878173,29,0.509242,Признаки конечного получателя: наблюдаемый входящий объём 186000 KZT; нет наблюдаемых исходящих переводов.
100000005668605100,consolidator,0.879375,38,0.660531,"Признаки консолидации: 3 наблюдаемых отправителей, 11 seed-веток, входящий объём 94500 KZT."
100000005669845100,terminal,0.587580,22,0.230093,Признаки конечного получателя: наблюдаемый входящий объём 20000 KZT; нет наблюдаемых исходящих переводов.
100000005674387100,terminal,0.676713,18,0.198368,Признаки конечного получателя: наблюдаемый входящий объём 26200 KZT; нет наблюдаемых исходящих переводов.
100000005685783100,peripheral,0.278781,18,0.148437,Выраженные признаки функциональной роли по наблюдаемым данным не выявлены. Граница наблюдения depth=4 ограничивает выводы.
100000005704413100,distributor,0.994289,33,0.661758,"Признаки распределения: 32 наблюдаемых получателей, исходящий объём 1363593 KZT."
100000005709551100,terminal,0.657995,6,0.312132,Признаки конечного получателя: наблюдаемый входящий объём 24560 KZT; нет наблюдаемых исходящих переводов.
100000005711521100,consolidator,0.650677,6,0.498758,"Признаки консолидации: 1 наблюдаемых отправителей, 7 seed-веток, входящий объём 238000 KZT. Граница наблюдения depth=4 ограничивает выводы."
100000005723580100,consolidator,0.689616,29,0.537810,"Признаки консолидации: 1 наблюдаемых отправителей, 8 seed-веток, входящий объём 35000 KZT. Граница наблюдения depth=4 ограничивает выводы."
100000005730108100,peripheral,0.471258,7,0.217871,Выраженные признаки функциональной роли по наблюдаемым данным не выявлены.
100000005744674100,peripheral,0.500000,38,0.200312,Выраженные признаки функциональной роли по наблюдаемым данным не выявлены.
100000005745873100,consolidator,0.648984,7,0.464221,"Признаки консолидации: 1 наблюдаемых отправителей, 7 seed-веток, входящий объём 223000 KZT. Граница наблюдения depth=4 ограничивает выводы."
100000005754335100,terminal,0.733503,45,0.375435,Признаки конечного получателя: наблюдаемый входящий объём 44037 KZT; нет наблюдаемых исходящих переводов.
100000005756189100,distributor,0.750476,8,0.464140,"Признаки распределения: 1 наблюдаемых получателей, исходящий объём 49050 KZT."
100000005756535100,terminal,0.624365,24,0.229039,Признаки конечного получателя: наблюдаемый входящий объём 20000 KZT; нет наблюдаемых исходящих переводов.
100000005767403100,consolidator,0.681716,14,0.542946,"Признаки консолидации: 1 наблюдаемых отправителей, 7 seed-веток, входящий объём 1100000 KZT. Граница наблюдения depth=4 ограничивает выводы."
100000005778283100,terminal,0.972399,6,0.558025,Признаки конечного получателя: наблюдаемый входящий объём 615760 KZT; нет наблюдаемых исходящих переводов.
100000005782781100,distributor,0.939805,6,0.613785,"Признаки распределения: 10 наблюдаемых получателей, исходящий объём 1263597 KZT."
100000005782886100,consolidator,0.652991,29,0.514407,"Признаки консолидации: 1 наблюдаемых отправителей, 9 seed-веток, входящий объём 14000 KZT. Граница наблюдения depth=4 ограничивает выводы."
100000005783452100,consolidator,0.933747,29,0.659639,"Признаки консолидации: 2 наблюдаемых отправителей, 8 seed-веток, входящий объём 286500 KZT. Граница наблюдения depth=4 ограничивает выводы."
100000005799271100,terminal,0.704447,11,0.423381,Признаки конечного получателя: наблюдаемый входящий объём 45000 KZT; нет наблюдаемых исходящих переводов.
100000005807278100,peripheral,0.492569,40,0.126040,Выраженные признаки функциональной роли по наблюдаемым данным не выявлены.
100000005809252100,terminal,0.632863,1,0.330583,Признаки конечного получателя: наблюдаемый входящий объём 25000 KZT; нет наблюдаемых исходящих переводов.
100000005815602100,distributor,0.774429,5,0.548934,"Признаки распределения: 1 наблюдаемых получателей, исходящий объём 165000 KZT."
100000005820746100,terminal,0.787408,9,0.379539,Признаки конечного получателя: наблюдаемый входящий объём 1989000 KZT; наблюдаемый исходящий объём 60000 KZT.
100000005830339100,distributor,0.783788,1,0.572690,"Признаки распределения: 1 наблюдаемых получателей, исходящий объём 339251 KZT."
100000005834479100,distributor,0.758406,1,0.363064,"Признаки распределения: 2 наблюдаемых получателей, исходящий объём 14470 KZT."
100000005844459100,terminal,0.908705,1,0.461051,Признаки конечного получателя: наблюдаемый входящий объём 243400 KZT; нет наблюдаемых исходящих переводов.
100000005847078100,terminal,0.594226,18,0.160297,Признаки конечного получателя: наблюдаемый входящий объём 16300 KZT; нет наблюдаемых исходящих переводов.
100000005849100100,terminal,0.677874,4,0.445174,Признаки конечного получателя: наблюдаемый входящий объём 33300 KZT; нет наблюдаемых исходящих переводов.
100000005849862100,peripheral,0.379233,6,0.233939,Выраженные признаки функциональной роли по наблюдаемым данным не выявлены. Граница наблюдения depth=4 ограничивает выводы.
100000005852946100,terminal,0.614650,4,0.380377,Признаки конечного получателя: наблюдаемый входящий объём 23746 KZT; нет наблюдаемых исходящих переводов.
100000005857058100,terminal,0.794416,5,0.400885,Признаки конечного получателя: наблюдаемый входящий объём 80222 KZT; нет наблюдаемых исходящих переводов.
100000005873152100,coordinator,0.747843,6,0.614708,"Структурно значимый узел: процентили PageRank 0.85, betweenness 0.69 в своей depth-группе; 11 seed-веток."
100000005877725100,terminal,0.760085,27,0.289130,Признаки конечного получателя: наблюдаемый входящий объём 70000 KZT; нет наблюдаемых исходящих переводов.
100000005878334100,consolidator,0.606095,26,0.441366,"Признаки консолидации: 1 наблюдаемых отправителей, 7 seed-веток, входящий объём 76400 KZT. Граница наблюдения depth=4 ограничивает выводы."
100000005882013100,consolidator,0.832551,4,0.651745,"Признаки консолидации: 2 наблюдаемых отправителей, 10 seed-веток, входящий объём 135000 KZT."
100000005888829100,consolidator,0.770316,29,0.599944,"Признаки консолидации: 1 наблюдаемых отправителей, 8 seed-веток, входящий объём 197000 KZT. Граница наблюдения depth=4 ограничивает выводы."
100000005893892100,terminal,0.824873,8,0.367402,Признаки конечного получателя: наблюдаемый входящий объём 102780 KZT; нет наблюдаемых исходящих переводов.
100000005895525100,terminal,0.833864,40,0.339536,Признаки конечного получателя: наблюдаемый входящий объём 120000 KZT; нет наблюдаемых исходящих переводов.
100000005897462100,terminal,0.809979,11,0.454517,Признаки конечного получателя: наблюдаемый входящий объём 98400 KZT; нет наблюдаемых исходящих переводов.
100000005901606100,terminal,0.662420,27,0.234862,Признаки конечного получателя: наблюдаемый входящий объём 35660 KZT; нет наблюдаемых исходящих переводов.
100000005904580100,terminal,0.783080,9,0.380309,Признаки конечного получателя: наблюдаемый входящий объём 72000 KZT; нет наблюдаемых исходящих переводов.
100000005910114100,distributor,0.993020,6,0.651935,"Признаки распределения: 19 наблюдаемых получателей, исходящий объём 1469993 KZT."
100000005910895100,consolidator,0.573928,11,0.470598,"Признаки консолидации: 1 наблюдаемых отправителей, 8 seed-веток, входящий объём 5100 KZT. Граница наблюдения depth=4 ограничивает выводы."
100000005911352100,distributor,0.816974,17,0.498243,"Признаки распределения: 3 наблюдаемых получателей, исходящий объём 24000 KZT."
100000005931985100,terminal,0.790672,20,0.259208,Признаки конечного получателя: наблюдаемый входящий объём 76000 KZT; нет наблюдаемых исходящих переводов.
100000005932987100,terminal,0.632863,14,0.316104,Признаки конечного получателя: наблюдаемый входящий объём 25000 KZT; нет наблюдаемых исходящих переводов.
100000005933757100,distributor,0.982375,16,0.653937,"Признаки распределения: 34 наблюдаемых получателей, исходящий объём 3002628 KZT."
100000005939154100,terminal,0.614967,5,0.271876,Признаки конечного получателя: наблюдаемый входящий объём 22000 KZT; нет наблюдаемых исходящих переводов.
100000005940652100,peripheral,0.472877,1,0.280303,Выраженные признаки функциональной роли по наблюдаемым данным не выявлены.
100000005941908100,coordinator,0.646003,16,0.515961,"Структурно значимый узел: процентили PageRank 0.94, betweenness 0.34 в своей depth-группе; 8 seed-веток."
100000005942793100,terminal,0.752711,1,0.348715,Признаки конечного получателя: наблюдаемый входящий объём 55000 KZT; нет наблюдаемых исходящих переводов.
100000005958064100,distributor,0.826699,16,0.507006,"Признаки распределения: 2 наблюдаемых получателей, исходящий объём 163987 KZT."
100000005961971100,terminal,0.704883,27,0.259384,Признаки конечного получателя: наблюдаемый входящий объём 47353 KZT; нет наблюдаемых исходящих переводов.
100000005974542100,terminal,0.809010,36,0.412754,Признаки конечного получателя: наблюдаемый входящий объём 94500 KZT; нет наблюдаемых исходящих переводов.
100000005979037100,consolidator,0.598758,1,0.422573,"Признаки консолидации: 1 наблюдаемых отправителей, 7 seed-веток, входящий объём 60300 KZT. Граница наблюдения depth=4 ограничивает выводы."
100000005995391100,terminal,0.601523,18,0.163899,Признаки конечного получателя: наблюдаемый входящий объём 17200 KZT; нет наблюдаемых исходящих переводов.
100000005996909100,peripheral,0.482868,5,0.232754,Выраженные признаки функциональной роли по наблюдаемым данным не выявлены.
100000006008169100,terminal,0.760085,9,0.284830,Признаки конечного получателя: наблюдаемый входящий объём 70000 KZT; нет наблюдаемых исходящих переводов.
100000006020215100,distributor,0.845654,6,0.508541,"Признаки распределения: 2 наблюдаемых получателей, исходящий объём 33800 KZT."
100000006030946100,terminal,0.767516,27,0.293317,Признаки конечного получателя: наблюдаемый входящий объём 73289 KZT; нет наблюдаемых исходящих переводов.
100000006048193100,terminal,0.729061,1,0.343902,Признаки конечного получателя: наблюдаемый входящий объём 41559 KZT; нет наблюдаемых исходящих переводов.
100000006069103100,distributor,0.878450,5,0.624363,"Признаки распределения: 3 наблюдаемых получателей, исходящий объём 270000 KZT."
100000006100920100,terminal,0.817893,1,0.403769,Признаки конечного получателя: наблюдаемый входящий объём 100000 KZT; нет наблюдаемых исходящих переводов.
100000006111439100,distributor,0.894036,6,0.516155,"Признаки распределения: 4 наблюдаемых получателей, исходящий объём 24000 KZT."
100000006111442100,terminal,0.777919,29,0.447643,Признаки конечного получателя: наблюдаемый входящий объём 64000 KZT; нет наблюдаемых исходящих переводов.
100000006122699100,terminal,0.709328,5,0.345136,Признаки конечного получателя: наблюдаемый входящий объём 45865 KZT; нет наблюдаемых исходящих переводов.
100000006126743100,terminal,0.769036,8,0.334070,Признаки конечного получателя: наблюдаемый входящий объём 55000 KZT; нет наблюдаемых исходящих переводов.
100000006161893100,terminal,0.567787,5,0.299021,Признаки конечного получателя: наблюдаемый входящий объём 14000 KZT; нет наблюдаемых исходящих переводов.
100000006165886100,distributor,0.759042,8,0.514166,"Признаки распределения: 1 наблюдаемых получателей, исходящий объём 75000 KZT."
100000006169033100,distributor,0.937976,45,0.633728,"Признаки распределения: 3 наблюдаемых получателей, исходящий объём 1140271 KZT."
100000006171671100,peripheral,0.408578,7,0.214436,Выраженные признаки функциональной роли по наблюдаемым данным не выявлены. Граница наблюдения depth=4 ограничивает выводы.
100000006177176100,peripheral,0.488323,5,0.201274,Выраженные признаки функциональной роли по наблюдаемым данным не выявлены.
100000006209210100,terminal,0.897208,6,0.444648,Признаки конечного получателя: наблюдаемый входящий объём 229111 KZT; нет наблюдаемых исходящих переводов.
100000006225798100,distributor,0.841212,23,0.595895,"Признаки распределения: 2 наблюдаемых получателей, исходящий объём 26300 KZT."
100000006232642100,consolidator,0.673251,45,0.504176,"Признаки консолидации: 1 наблюдаемых отправителей, 7 seed-веток, входящий объём 456000 KZT. Граница наблюдения depth=4 ограничивает выводы."
100000006232815100,distributor,0.832812,22,0.496750,"Признаки распределения: 5 наблюдаемых получателей, исходящий объём 296500 KZT."
100000006240939100,distributor,0.906182,34,0.466345,"Признаки распределения: 5 наблюдаемых получателей, исходящий объём 778015 KZT."
100000006248077100,terminal,0.728308,25,0.317112,Признаки конечного получателя: наблюдаемый входящий объём 50000 KZT; нет наблюдаемых исходящих переводов.
100000006249740100,distributor,0.710938,60,0.367188,"Признаки распределения: 3 наблюдаемых получателей, исходящий объём 93007 KZT."
100000006257675100,consolidator,0.602709,25,0.436287,"Признаки консолидации: 1 наблюдаемых отправителей, 7 seed-веток, входящий объём 70000 KZT. Граница наблюдения depth=4 ограничивает выводы."
100000006274203100,consolidator,0.948999,6,0.825574,"Признаки консолидации: 2 наблюдаемых отправителей, 9 seed-веток, входящий объём 3417512 KZT."
100000006288612100,consolidator,0.556998,9,0.369244,"Признаки консолидации: 1 наблюдаемых отправителей, 7 seed-веток, входящий объём 30805 KZT. Граница наблюдения depth=4 ограничивает выводы."
100000006308406100,consolidator,0.642777,25,0.494187,"Признаки консолидации: 1 наблюдаемых отправителей, 7 seed-веток, входящий объём 183000 KZT. Граница наблюдения depth=4 ограничивает выводы."
100000006326645100,terminal,0.621019,27,0.210961,Признаки конечного получателя: наблюдаемый входящий объём 25264 KZT; нет наблюдаемых исходящих переводов.
100000006351075100,consolidator,0.569977,7,0.375339,"Признаки консолидации: 1 наблюдаемых отправителей, 7 seed-веток, входящий объём 40000 KZT. Граница наблюдения depth=4 ограничивает выводы."
100000006369769100,terminal,0.681529,27,0.245403,Признаки конечного получателя: наблюдаемый входящий объём 40000 KZT; нет наблюдаемых исходящих переводов.
100000006381453100,consolidator,0.703160,29,0.585214,"Признаки консолидации: 1 наблюдаемых отправителей, 8 seed-веток, входящий объём 45000 KZT. Граница наблюдения depth=4 ограничивает выводы."
100000006385877100,distributor,0.678145,3,0.373140,"Признаки распределения: 1 наблюдаемых получателей, исходящий объём 36603 KZT."
100000006412162100,peripheral,0.357223,37,0.082554,Выраженные признаки функциональной роли по наблюдаемым данным не выявлены. Граница наблюдения depth=4 ограничивает выводы.
100000006416061100,consolidator,0.554176,2,0.398702,"Признаки консолидации: 1 наблюдаемых отправителей, 7 seed-веток, входящий объём 30000 KZT. Граница наблюдения depth=4 ограничивает выводы."
100000006424479100,distributor,0.809382,4,0.691811,"Признаки распределения: 2 наблюдаемых получателей, исходящий объём 220000 KZT."
100000006443391100,distributor,0.810244,3,0.468715,"Признаки распределения: 2 наблюдаемых получателей, исходящий объём 60042 KZT."
100000006444163100,peripheral,0.479061,1,0.234867,Выраженные признаки функциональной роли по наблюдаемым данным не выявлены.
100000006445501100,terminal,0.798301,11,0.448004,Признаки конечного получателя: наблюдаемый входящий объём 91000 KZT; нет наблюдаемых исходящих переводов.
100000006446271100,consolidator,0.789968,4,0.612256,"Признаки консолидации: 2 наблюдаемых отправителей, 10 seed-веток, входящий объём 80000 KZT."
100000006471232100,terminal,0.729695,18,0.228030,Признаки конечного получателя: наблюдаемый входящий объём 41800 KZT; нет наблюдаемых исходящих переводов.
100000006476758100,coordinator,0.625825,11,0.498106,"Структурно значимый узел: процентили PageRank 0.87, betweenness 0.34 в своей depth-группе; 8 seed-веток."
100000006490557100,peripheral,0.493492,3,0.083731,Выраженные признаки функциональной роли по наблюдаемым данным не выявлены.
100000006490615100,consolidator,0.573363,6,0.411569,"Признаки консолидации: 1 наблюдаемых отправителей, 7 seed-веток, входящий объём 41600 KZT. Граница наблюдения depth=4 ограничивает выводы."
100000006491272100,terminal,0.676713,18,0.198368,Признаки конечного получателя: наблюдаемый входящий объём 26200 KZT; нет наблюдаемых исходящих переводов.
100000006491963100,peripheral,0.345372,37,0.085745,Выраженные признаки функциональной роли по наблюдаемым данным не выявлены. Граница наблюдения depth=4 ограничивает выводы.
100000006492770100,distributor,0.734772,7,0.520999,"Признаки распределения: 1 наблюдаемых получателей, исходящий объём 20000 KZT."
100000006512787100,peripheral,0.315463,7,0.239365,Выраженные признаки функциональной роли по наблюдаемым данным не выявлены. Граница наблюдения depth=4 ограничивает выводы.
100000006518161100,distributor,0.849522,5,0.628726,"Признаки распределения: 2 наблюдаемых получателей, исходящий объём 595899 KZT."
100000006522972100,peripheral,0.460025,6,0.228490,Выраженные признаки функциональной роли по наблюдаемым данным не выявлены.
100000006523053100,coordinator,0.591866,4,0.494127,"Структурно значимый узел: процентили PageRank 0.74, betweenness 0.33 в своей depth-группе; 10 seed-веток."
100000006527156100,consolidator,0.582675,6,0.391168,"Признаки консолидации: 1 наблюдаемых отправителей, 7 seed-веток, входящий объём 48500 KZT. Граница наблюдения depth=4 ограничивает выводы."
100000006530134100,terminal,0.855330,8,0.403588,Признаки конечного получателя: наблюдаемый входящий объём 144663 KZT; нет наблюдаемых исходящих переводов.
100000006532229100,terminal,0.826777,29,0.476415,Признаки конечного получателя: наблюдаемый входящий объём 105000 KZT; нет наблюдаемых исходящих переводов.
100000006534886100,distributor,0.706887,5,0.500537,"Признаки распределения: 1 наблюдаемых получателей, исходящий объём 167500 KZT."
100000006557763100,consolidator,0.563503,4,0.472766,"Признаки консолидации: 1 наблюдаемых отправителей, 10 seed-веток, входящий объём 10000 KZT."
100000006562026100,terminal,0.771231,60,0.379435,Признаки конечного получателя: наблюдаемый входящий объём 75000 KZT; нет наблюдаемых исходящих переводов.
100000006564102100,terminal,0.913232,6,0.518758,Признаки конечного получателя: наблюдаемый входящий объём 233235 KZT; нет наблюдаемых исходящих переводов.
100000006567935100,terminal,0.892625,20,0.398351,Признаки конечного получателя: наблюдаемый входящий объём 200000 KZT; нет наблюдаемых исходящих переводов.
100000006573438100,peripheral,0.493020,45,0.219029,Выраженные признаки функциональной роли по наблюдаемым данным не выявлены.
100000006579678100,distributor,0.950902,5,0.662930,"Признаки распределения: 6 наблюдаемых получателей, исходящий объём 1668800 KZT."
100000006595426100,terminal,0.798265,6,0.367392,Признаки конечного получателя: наблюдаемый входящий объём 84800 KZT; нет наблюдаемых исходящих переводов.
100000006612238100,distributor,0.673536,24,0.354951,"Признаки распределения: 1 наблюдаемых получателей, исходящий объём 25000 KZT."
100000006638021100,consolidator,0.967946,29,0.739109,"Признаки консолидации: 2 наблюдаемых отправителей, 9 seed-веток, входящий объём 388500 KZT. Граница наблюдения depth=4 ограничивает выводы."
100000006641671100,distributor,0.738103,1,0.487107,"Признаки распределения: 1 наблюдаемых получателей, исходящий объём 25000 KZT."
100000006656003100,distributor,0.704618,27,0.297187,"Признаки распределения: 1 наблюдаемых получателей, исходящий объём 9000 KZT."
100000006658598100,peripheral,0.487261,5,0.201704,Выраженные признаки функциональной роли по наблюдаемым данным не выявлены.
100000006664478100,distributor,0.858027,3,0.440333,"Признаки распределения: 2 наблюдаемых получателей, исходящий объём 60000 KZT."
100000006679055100,terminal,0.632863,6,0.375973,Признаки конечного получателя: наблюдаемый входящий объём 25000 KZT; нет наблюдаемых исходящих переводов.
100000006684930100,consolidator,0.563503,4,0.450315,"Признаки консолидации: 1 наблюдаемых отправителей, 10 seed-веток, входящий объём 10000 KZT."
100000006687202100,terminal,0.714968,1,0.359976,Признаки конечного получателя: наблюдаемый входящий объём 50000 KZT; нет наблюдаемых исходящих переводов.
100000006689603100,consolidator,0.668172,2,0.479458,"Признаки консолидации: 1 наблюдаемых отправителей, 7 seed-веток, входящий объём 400000 KZT. Граница наблюдения depth=4 ограничивает выводы."
100000006693788100,peripheral,0.392777,8,0.223375,Выраженные признаки функциональной роли по наблюдаемым данным не выявлены. Граница наблюдения depth=4 ограничивает выводы.
100000006701983100,terminal,0.680838,18,0.201114,Признаки конечного получателя: наблюдаемый входящий объём 27000 KZT; нет наблюдаемых исходящих переводов.
100000006704530100,distributor,0.929093,13,0.628883,"Признаки распределения: 3 наблюдаемых получателей, исходящий объём 428000 KZT."
100000006706519100,consolidator,0.566027,7,0.404458,"Признаки консолидации: 1 наблюдаемых отправителей, 7 seed-веток, входящий объём 36000 KZT. Граница наблюдения depth=4 ограничивает выводы."
100000006707582100,distributor,0.976911,33,0.564289,"Признаки распределения: 14 наблюдаемых получателей, исходящий объём 961138 KZT."
100000006710485100,terminal,0.624365,18,0.175121,Признаки конечного получателя: наблюдаемый входящий объём 20000 KZT; нет наблюдаемых исходящих переводов.
100000006714366100,distributor,0.715102,6,0.396069,"Признаки распределения: 1 наблюдаемых получателей, исходящий объём 5000 KZT."
100000006734214100,distributor,0.885787,1,0.621583,"Признаки распределения: 3 наблюдаемых получателей, исходящий объём 36000 KZT."
100000006734554100,distributor,0.716561,22,0.373859,"Признаки распределения: 1 наблюдаемых получателей, исходящий объём 25000 KZT."
100000006735545100,peripheral,0.489278,6,0.152209,Выраженные признаки функциональной роли по наблюдаемым данным не выявлены. Граница наблюдения depth=4 ограничивает выводы.
100000006745291100,terminal,0.785563,11,0.439437,Признаки конечного получателя: наблюдаемый входящий объём 82534 KZT; нет наблюдаемых исходящих переводов.
100000006746688100,terminal,0.727792,18,0.226536,Признаки конечного получателя: наблюдаемый входящий объём 41000 KZT; нет наблюдаемых исходящих переводов.
100000006755850100,terminal,0.958785,8,0.582717,Признаки конечного получателя: наблюдаемый входящий объём 443476 KZT; нет наблюдаемых исходящих переводов.
100000006756956100,consolidator,0.629797,6,0.443905,"Признаки консолидации: 1 наблюдаемых отправителей, 7 seed-веток, входящий объём 121200 KZT. Граница наблюдения depth=4 ограничивает выводы."
100000006787636100,terminal,0.604121,5,0.296605,Признаки конечного получателя: наблюдаемый входящий объём 20000 KZT; нет наблюдаемых исходящих переводов.
100000006788200100,distributor,0.854565,3,0.591401,"Признаки распределения: 3 наблюдаемых получателей, исходящий объём 64500 KZT."
100000006789108100,terminal,0.668259,11,0.376149,Признаки конечного получателя: наблюдаемый входящий объём 37500 KZT; нет наблюдаемых исходящих переводов.
100000006831291100,peripheral,0.518750,60,0.182406,Выраженные признаки функциональной роли по наблюдаемым данным не выявлены.
100000006844004100,terminal,0.630711,6,0.339572,Признаки конечного получателя: наблюдаемый входящий объём 20600 KZT; нет наблюдаемых исходящих переводов.
100000006844768100,distributor,0.804772,8,0.577310,"Признаки распределения: 2 наблюдаемых получателей, исходящий объём 188000 KZT."
100000006852430100,terminal,0.690889,11,0.466996,Признаки конечного получателя: наблюдаемый входящий объём 37000 KZT; нет наблюдаемых исходящих переводов.
100000006866783100,distributor,0.968750,1,0.686875,"Признаки распределения: 67 наблюдаемых получателей, исходящий объём 3948037 KZT."
100000006866831100,peripheral,0.341422,2,0.217678,Выраженные признаки функциональной роли по наблюдаемым данным не выявлены. Граница наблюдения depth=4 ограничивает выводы.
100000006882208100,terminal,0.610406,5,0.335308,Признаки конечного получателя: наблюдаемый входящий объём 18000 KZT; нет наблюдаемых исходящих переводов.
100000006888238100,distributor,0.676247,39,0.361133,"Признаки распределения: 1 наблюдаемых получателей, исходящий объём 30000 KZT."
100000006889963100,consolidator,0.941370,8,0.821332,"Признаки консолидации: 4 наблюдаемых отправителей, 11 seed-веток, входящий объём 1431000 KZT."
100000006894637100,terminal,0.763959,8,0.345949,Признаки конечного получателя: наблюдаемый входящий объём 52831 KZT; нет наблюдаемых исходящих переводов.
100000006901046100,distributor,0.653200,5,0.456090,"Признаки распределения: 1 наблюдаемых получателей, исходящий объём 5500 KZT."
100000006903193100,peripheral,0.428894,1,0.174210,Выраженные признаки функциональной роли по наблюдаемым данным не выявлены. Граница наблюдения depth=4 ограничивает выводы.
100000006912294100,distributor,0.772234,3,0.368796,"Признаки распределения: 2 наблюдаемых получателей, исходящий объём 30000 KZT."
100000006918814100,peripheral,0.315463,6,0.205336,Выраженные признаки функциональной роли по наблюдаемым данным не выявлены. Граница наблюдения depth=4 ограничивает выводы.
100000006919124100,terminal,0.663388,7,0.287924,Признаки конечного получателя: наблюдаемый входящий объём 25000 KZT; нет наблюдаемых исходящих переводов.
100000006952718100,terminal,0.765393,5,0.375303,Признаки конечного получателя: наблюдаемый входящий объём 71489 KZT; нет наблюдаемых исходящих переводов.
100000006965162100,peripheral,0.450825,14,0.233644,Выраженные признаки функциональной роли по наблюдаемым данным не выявлены.
100000006967370100,distributor,0.730171,1,0.452129,"Признаки распределения: 1 наблюдаемых получателей, исходящий объём 13526 KZT."
100000006972210100,terminal,0.956476,3,0.533211,Признаки конечного получателя: наблюдаемый входящий объём 488775 KZT; нет наблюдаемых исходящих переводов.
100000006977207100,distributor,0.966377,26,0.514143,"Признаки распределения: 15 наблюдаемых получателей, исходящий объём 4157018 KZT."
100000006989106100,terminal,0.768980,3,0.279707,Признаки конечного получателя: наблюдаемый входящий объём 64000 KZT; нет наблюдаемых исходящих переводов.
100000006989232100,terminal,0.637690,8,0.280742,Признаки конечного получателя: наблюдаемый входящий объём 22194 KZT; нет наблюдаемых исходящих переводов.
100000006994985100,distributor,0.660249,3,0.459084,"Признаки распределения: 1 наблюдаемых получателей, исходящий объём 10200 KZT."
100000007005380100,peripheral,0.462563,6,0.227843,Выраженные признаки функциональной роли по наблюдаемым данным не выявлены.
100000007018630100,distributor,0.550000,31,0.347312,"Признаки распределения: 1 наблюдаемых получателей, исходящий объём 200000 KZT."
100000007020162100,terminal,0.801396,16,0.390025,Признаки конечного получателя: наблюдаемый входящий объём 86395 KZT; нет наблюдаемых исходящих переводов.
100000007022818100,terminal,0.601523,18,0.163899,Признаки конечного получателя: наблюдаемый входящий объём 17200 KZT; нет наблюдаемых исходящих переводов.
100000007034089100,consolidator,0.920203,29,0.650666,"Признаки консолидации: 2 наблюдаемых отправителей, 8 seed-веток, входящий объём 198000 KZT. Граница наблюдения depth=4 ограничивает выводы."
100000007042175100,consolidator,0.596219,7,0.450085,"Признаки консолидации: 1 наблюдаемых отправителей, 7 seed-веток, входящий объём 60000 KZT. Граница наблюдения depth=4 ограничивает выводы."
100000007055802100,consolidator,0.841821,8,0.679298,"Признаки консолидации: 6 наблюдаемых отправителей, 7 seed-веток, входящий объём 2024999 KZT."
100000007071852100,consolidator,0.644470,1,0.480474,"Признаки консолидации: 1 наблюдаемых отправителей, 7 seed-веток, входящий объём 195000 KZT. Граница наблюдения depth=4 ограничивает выводы."
100000007129492100,distributor,0.723195,11,0.589782,"Признаки распределения: 1 наблюдаемых получателей, исходящий объём 37000 KZT."
100000007131370100,distributor,0.742227,5,0.478531,"Признаки распределения: 1 наблюдаемых получателей, исходящий объём 30000 KZT."
100000007138613100,distributor,0.877697,7,0.611742,"Признаки распределения: 2 наблюдаемых получателей, исходящий объём 179000 KZT."
100000007140834100,coordinator,0.581536,3,0.415942,"Структурно значимый узел: процентили PageRank 0.94, betweenness 0.34 в своей depth-группе; 7 seed-веток."
100000007153161100,consolidator,0.576185,7,0.428160,"Признаки консолидации: 1 наблюдаемых отправителей, 7 seed-веток, входящий объём 44997 KZT. Граница наблюдения depth=4 ограничивает выводы."
100000007170072100,distributor,0.866910,26,0.555282,"Признаки распределения: 2 наблюдаемых получателей, исходящий объём 99500 KZT."
100000007173936100,peripheral,0.457158,20,0.183398,Выраженные признаки функциональной роли по наблюдаемым данным не выявлены.
100000007175718100,terminal,0.587580,40,0.221653,Признаки конечного получателя: наблюдаемый входящий объём 20000 KZT; нет наблюдаемых исходящих переводов.
100000007181706100,terminal,0.865180,4,0.518339,Признаки конечного получателя: наблюдаемый входящий объём 176272 KZT; нет наблюдаемых исходящих переводов.
100000007197866100,distributor,0.731282,1,0.430980,"Признаки распределения: 1 наблюдаемых получателей, исходящий объём 15000 KZT."
100000007229557100,terminal,0.989213,29,0.595266,Признаки конечного получателя: наблюдаемый входящий объём 878000 KZT; нет наблюдаемых исходящих переводов.
100000007242833100,coordinator,0.697939,5,0.631372,"Структурно значимый узел: процентили PageRank 0.69, betweenness 0.78 в своей depth-группе; 9 seed-веток."
100000007267915100,distributor,0.724302,23,0.400371,"Признаки распределения: 1 наблюдаемых получателей, исходящий объём 10000 KZT."
100000007274584100,terminal,0.671975,4,0.413275,Признаки конечного получателя: наблюдаемый входящий объём 38000 KZT; нет наблюдаемых исходящих переводов.
100000007281639100,terminal,0.894904,5,0.453296,Признаки конечного получателя: наблюдаемый входящий объём 216770 KZT; нет наблюдаемых исходящих переводов.
100000007283257100,terminal,0.877919,51,0.356789,Признаки конечного получателя: наблюдаемый входящий объём 192000 KZT; нет наблюдаемых исходящих переводов.
100000007289427100,terminal,0.560738,6,0.189284,Признаки конечного получателя: наблюдаемый входящий объём 12300 KZT; нет наблюдаемых исходящих переводов.
100000007303047100,terminal,0.762690,18,0.246761,Признаки конечного получателя: наблюдаемый входящий объём 52250 KZT; нет наблюдаемых исходящих переводов.
100000007311010100,coordinator,0.771762,4,0.642463,"Структурно значимый узел: процентили PageRank 0.61, betweenness 0.81 в своей depth-группе; 10 seed-веток."
100000007322059100,coordinator,0.741866,6,0.604610,"Структурно значимый узел: процентили PageRank 0.84, betweenness 0.83 в своей depth-группе; 8 seed-веток."
100000007330432100,consolidator,0.677201,5,0.524323,"Признаки консолидации: 1 наблюдаемых отправителей, 7 seed-веток, входящий объём 584900 KZT. Граница наблюдения depth=4 ограничивает выводы."
100000007333038100,distributor,0.846288,20,0.383312,"Признаки распределения: 2 наблюдаемых получателей, исходящий объём 34994 KZT."
100000007334196100,terminal,0.855626,11,0.474692,Признаки конечного получателя: наблюдаемый входящий объём 150002 KZT; нет наблюдаемых исходящих переводов.
100000007337374100,terminal,0.604121,24,0.171551,Признаки конечного получателя: наблюдаемый входящий объём 20000 KZT; нет наблюдаемых исходящих переводов.
100000007347733100,terminal,0.601911,60,0.241024,Признаки конечного получателя: наблюдаемый входящий объём 23007 KZT; нет наблюдаемых исходящих переводов.
100000007357489100,consolidator,0.912867,29,0.639661,"Признаки консолидации: 2 наблюдаемых отправителей, 8 seed-веток, входящий объём 164500 KZT. Граница наблюдения depth=4 ограничивает выводы."
100000007381662100,peripheral,0.391084,6,0.179788,Выраженные признаки функциональной роли по наблюдаемым данным не выявлены. Граница наблюдения depth=4 ограничивает выводы.
100000007382152100,peripheral,0.485900,23,0.178509,Выраженные признаки функциональной роли по наблюдаемым данным не выявлены.
100000007382543100,distributor,0.896421,14,0.612972,"Признаки распределения: 5 наблюдаемых получателей, исходящий объём 427000 KZT."
100000007390016100,distributor,0.784423,1,0.562611,"Признаки распределения: 1 наблюдаемых получателей, исходящий объём 346500 KZT."
100000007392365100,distributor,0.977633,7,0.588471,"Признаки распределения: 6 наблюдаемых получателей, исходящий объём 1765600 KZT."
100000007442518100,distributor,0.975053,20,0.673025,"Признаки распределения: 9 наблюдаемых получателей, исходящий объём 4419999 KZT."
100000007472293100,distributor,0.924968,29,0.647595,"Признаки распределения: 3 наблюдаемых получателей, исходящий объём 345900 KZT."
100000007484343100,terminal,0.679569,7,0.304575,Признаки конечного получателя: наблюдаемый входящий объём 26757 KZT; нет наблюдаемых исходящих переводов.
100000007487729100,terminal,0.663388,2,0.313241,Признаки конечного получателя: наблюдаемый входящий объём 25000 KZT; нет наблюдаемых исходящих переводов.
100000007507343100,terminal,0.939490,41,0.390419,Признаки конечного получателя: наблюдаемый входящий объём 370000 KZT; нет наблюдаемых исходящих переводов.
100000007510567100,consolidator,0.589729,33,0.404797,"Признаки консолидации: 1 наблюдаемых отправителей, 7 seed-веток, входящий объём 52000 KZT. Граница наблюдения depth=4 ограничивает выводы."
100000007510875100,peripheral,0.493020,3,0.131434,Выраженные признаки функциональной роли по наблюдаемым данным не выявлены.
100000007511163100,distributor,0.861465,5,0.565350,"Признаки распределения: 3 наблюдаемых получателей, исходящий объём 82052 KZT."
100000007511780100,consolidator,0.636569,1,0.493849,"Признаки консолидации: 1 наблюдаемых отправителей, 7 seed-веток, входящий объём 155000 KZT. Граница наблюдения depth=4 ограничивает выводы."
100000007534354100,distributor,0.847885,20,0.410868,"Признаки распределения: 3 наблюдаемых получателей, исходящий объём 147810 KZT."
100000007536804100,distributor,0.808652,3,0.415626,"Признаки распределения: 2 наблюдаемых получателей, исходящий объём 55000 KZT."
100000007539296100,consolidator,0.579853,6,0.442466,"Признаки консолидации: 1 наблюдаемых отправителей, 7 seed-веток, входящий объём 46000 KZT. Граница наблюдения depth=4 ограничивает выводы."
100000007544358100,distributor,0.763535,5,0.581178,"Признаки распределения: 1 наблюдаемых получателей, исходящий объём 350000 KZT."
100000007591246100,distributor,0.768718,5,0.495073,"Признаки распределения: 1 наблюдаемых получателей, исходящий объём 120000 KZT."
100000007593823100,distributor,0.962881,6,0.560374,"Признаки распределения: 13 наблюдаемых получателей, исходящий объём 162900 KZT."
100000007594394100,consolidator,0.792622,6,0.719158,"Признаки консолидации: 6 наблюдаемых отправителей, 9 seed-веток, входящий объём 395385 KZT."
100000007597382100,terminal,0.590102,8,0.258043,Признаки конечного получателя: наблюдаемый входящий объём 15700 KZT; нет наблюдаемых исходящих переводов.
100000007617808100,terminal,0.959870,25,0.443384,Признаки конечного получателя: наблюдаемый входящий объём 450000 KZT; нет наблюдаемых исходящих переводов.
100000007618425100,terminal,0.721447,1,0.338972,Признаки конечного получателя: наблюдаемый входящий объём 39348 KZT; нет наблюдаемых исходящих переводов.
100000007629096100,coordinator,0.794794,1,0.637896,"Структурно значимый узел: процентили PageRank 0.98, betweenness 0.74 в своей depth-группе; 7 seed-веток."
100000007629121100,terminal,0.651844,4,0.428482,Признаки конечного получателя: наблюдаемый входящий объём 29000 KZT; нет наблюдаемых исходящих переводов.
100000007631637100,peripheral,0.452229,27,0.118811,Выраженные признаки функциональной роли по наблюдаемым данным не выявлены.
100000007639767100,distributor,0.968684,1,0.634554,"Признаки распределения: 10 наблюдаемых получателей, исходящий объём 822244 KZT."
100000007641183100,terminal,0.635881,5,0.302245,Признаки конечного получателя: наблюдаемый входящий объём 28000 KZT; нет наблюдаемых исходящих переводов.
100000007641801100,terminal,0.886943,3,0.334520,Признаки конечного получателя: наблюдаемый входящий объём 200000 KZT; нет наблюдаемых исходящих переводов.
100000007647294100,terminal,0.942259,23,0.478331,Признаки конечного получателя: наблюдаемый входящий объём 385000 KZT; нет наблюдаемых исходящих переводов.
100000007648946100,distributor,0.716561,1,0.411783,"Признаки распределения: 1 наблюдаемых получателей, исходящий объём 25000 KZT."
100000007653003100,terminal,0.817893,23,0.391110,Признаки конечного получателя: наблюдаемый входящий объём 100000 KZT; нет наблюдаемых исходящих переводов.
100000007653094100,peripheral,0.345372,1,0.246806,Выраженные признаки функциональной роли по наблюдаемым данным не выявлены. Граница наблюдения depth=4 ограничивает выводы.
100000007689942100,distributor,0.839943,8,0.513737,"Признаки распределения: 2 наблюдаемых получателей, исходящий объём 25000 KZT."
100000007731977100,consolidator,0.586907,6,0.414447,"Признаки консолидации: 1 наблюдаемых отправителей, 7 seed-веток, входящий объём 50000 KZT. Граница наблюдения depth=4 ограничивает выводы."
100000007737775100,peripheral,0.452379,11,0.306826,Выраженные признаки функциональной роли по наблюдаемым данным не выявлены.
100000007745062100,consolidator,0.769808,5,0.653911,"Признаки консолидации: 1 наблюдаемых отправителей, 9 seed-веток, входящий объём 100000 KZT. Граница наблюдения depth=4 ограничивает выводы."
100000007747786100,distributor,0.951562,3,0.494312,"Признаки распределения: 31 наблюдаемых получателей, исходящий объём 4238009 KZT."
100000007749092100,distributor,0.692787,5,0.462012,"Признаки распределения: 1 наблюдаемых получателей, исходящий объём 70375 KZT."
100000007749747100,consolidator,0.712190,29,0.570824,"Признаки консолидации: 1 наблюдаемых отправителей, 8 seed-веток, входящий объём 50000 KZT. Граница наблюдения depth=4 ограничивает выводы."
100000007754369100,terminal,0.796320,8,0.367640,Признаки конечного получателя: наблюдаемый входящий объём 82424 KZT; нет наблюдаемых исходящих переводов.
100000007777377100,terminal,0.755605,25,0.460467,Признаки конечного получателя: наблюдаемый входящий объём 456290 KZT; наблюдаемый исходящий объём 10000 KZT.
100000007793871100,terminal,0.671003,33,0.440633,Признаки конечного получателя: наблюдаемый входящий объём 26000 KZT; нет наблюдаемых исходящих переводов.
100000007797290100,distributor,0.667299,23,0.446540,"Признаки распределения: 1 наблюдаемых получателей, исходящий объём 20000 KZT."
100000007811950100,consolidator,0.586907,12,0.445937,"Признаки консолидации: 1 наблюдаемых отправителей, 7 seed-веток, входящий объём 50000 KZT. Граница наблюдения depth=4 ограничивает выводы."
100000007841978100,consolidator,0.672686,7,0.510609,"Признаки консолидации: 1 наблюдаемых отправителей, 7 seed-веток, входящий объём 449000 KZT. Граница наблюдения depth=4 ограничивает выводы."
100000007861311100,terminal,0.704447,3,0.243989,Признаки конечного получателя: наблюдаемый входящий объём 45000 KZT; нет наблюдаемых исходящих переводов.
100000007863304100,terminal,0.663388,8,0.286068,Признаки конечного получателя: наблюдаемый входящий объём 25000 KZT; нет наблюдаемых исходящих переводов.
100000007864477100,distributor,0.954156,1,0.582646,"Признаки распределения: 6 наблюдаемых получателей, исходящий объём 203500 KZT."
100000007865484100,consolidator,0.676637,7,0.501129,"Признаки консолидации: 1 наблюдаемых отправителей, 7 seed-веток, входящий объём 584600 KZT. Граница наблюдения depth=4 ограничивает выводы."
100000007867364100,consolidator,0.573928,2,0.417664,"Признаки консолидации: 1 наблюдаемых отправителей, 7 seed-веток, входящий объём 41852 KZT. Граница наблюдения depth=4 ограничивает выводы."
100000007898453100,distributor,0.814805,4,0.637554,"Признаки распределения: 2 наблюдаемых получателей, исходящий объём 320000 KZT."
100000007908818100,distributor,0.930732,26,0.781537,"Признаки распределения: 6 наблюдаемых получателей, исходящий объём 302000 KZT."
100000007930878100,peripheral,0.493492,19,0.132701,Выраженные признаки функциональной роли по наблюдаемым данным не выявлены.
100000007938486100,terminal,0.677282,27,0.243556,Признаки конечного получателя: наблюдаемый входящий объём 39500 KZT; нет наблюдаемых исходящих переводов.
100000007939160100,distributor,0.785828,19,0.497251,"Признаки распределения: 2 наблюдаемых получателей, исходящий объём 14300 KZT."
100000007953156100,coordinator,0.669306,16,0.542088,"Структурно значимый узел: процентили PageRank 0.65, betweenness 0.78 в своей depth-группе; 8 seed-веток."
100000007960337100,consolidator,0.565463,2,0.381264,"Признаки консолидации: 1 наблюдаемых отправителей, 7 seed-веток, входящий объём 35500 KZT. Граница наблюдения depth=4 ограничивает выводы."
100000007982728100,distributor,0.890625,3,0.468437,"Признаки распределения: 8 наблюдаемых получателей, исходящий объём 1804384 KZT."
100000007982908100,terminal,0.672451,24,0.204854,Признаки конечного получателя: наблюдаемый входящий объём 31080 KZT; нет наблюдаемых исходящих переводов.
100000007988344100,peripheral,0.315463,1,0.226498,Выраженные признаки функциональной роли по наблюдаемым данным не выявлены. Граница наблюдения depth=4 ограничивает выводы.
100000007997939100,consolidator,0.648194,29,0.509582,"Признаки консолидации: 1 наблюдаемых отправителей, 9 seed-веток, входящий объём 13000 KZT. Граница наблюдения depth=4 ограничивает выводы."
100000007998965100,consolidator,0.872529,33,0.678868,"Признаки консолидации: 5 наблюдаемых отправителей, 8 seed-веток, входящий объём 278000 KZT."
100000007999728100,terminal,0.645305,16,0.302805,Признаки конечного получателя: наблюдаемый входящий объём 23250 KZT; нет наблюдаемых исходящих переводов.
100000008002020100,distributor,0.710456,9,0.394926,"Признаки распределения: 1 наблюдаемых получателей, исходящий объём 17000 KZT."
100000008003034100,distributor,0.893312,5,0.532866,"Признаки распределения: 4 наблюдаемых получателей, исходящий объём 135000 KZT."
100000008008463100,terminal,0.749458,34,0.233308,Признаки конечного получателя: наблюдаемый входящий объём 54180 KZT; нет наблюдаемых исходящих переводов.
100000008011159100,distributor,0.879067,45,0.581800,"Признаки распределения: 5 наблюдаемых получателей, исходящий объём 153037 KZT."
100000008011573100,terminal,0.582805,1,0.268907,Признаки конечного получателя: наблюдаемый входящий объём 15000 KZT; нет наблюдаемых исходящих переводов.
100000008027922100,consolidator,0.602709,36,0.447460,"Признаки консолидации: 1 наблюдаемых отправителей, 7 seed-веток, входящий объём 70000 KZT. Граница наблюдения depth=4 ограничивает выводы."
100000008028628100,terminal,0.735669,27,0.276598,Признаки конечного получателя: наблюдаемый входящий объём 57224 KZT; нет наблюдаемых исходящих переводов.
100000008029279100,terminal,0.598033,1,0.274532,Признаки конечного получателя: наблюдаемый входящий объём 17000 KZT; нет наблюдаемых исходящих переводов.
100000008038077100,terminal,0.961294,8,0.459772,Признаки конечного получателя: наблюдаемый входящий объём 499850 KZT; нет наблюдаемых исходящих переводов.
100000008042075100,peripheral,0.493020,9,0.099074,Выраженные признаки функциональной роли по наблюдаемым данным не выявлены.
100000008043184100,terminal,0.756980,23,0.351764,Признаки конечного получателя: наблюдаемый входящий объём 50564 KZT; нет наблюдаемых исходящих переводов.
100000008050986100,consolidator,0.614842,8,0.430954,"Признаки консолидации: 1 наблюдаемых отправителей, 7 seed-веток, входящий объём 95000 KZT. Граница наблюдения depth=4 ограничивает выводы."
100000008055972100,terminal,0.684645,18,0.202912,Признаки конечного получателя: наблюдаемый входящий объём 28300 KZT; нет наблюдаемых исходящих переводов.
100000008060273100,consolidator,0.576844,26,0.465597,"Признаки консолидации: 1 наблюдаемых отправителей, 11 seed-веток, входящий объём 10000 KZT."
100000008066326100,terminal,0.580679,1,0.286513,Признаки конечного получателя: наблюдаемый входящий объём 19320 KZT; нет наблюдаемых исходящих переводов.
100000008070101100,terminal,0.817893,29,0.460558,Признаки конечного получателя: наблюдаемый входящий объём 100000 KZT; нет наблюдаемых исходящих переводов.
100000008071620100,terminal,0.699575,1,0.351768,Признаки конечного получателя: наблюдаемый входящий объём 46968 KZT; нет наблюдаемых исходящих переводов.
100000008071749100,peripheral,0.287810,33,0.204938,Выраженные признаки функциональной роли по наблюдаемым данным не выявлены. Граница наблюдения depth=4 ограничивает выводы.
100000008074304100,peripheral,0.465576,8,0.179077,Выраженные признаки функциональной роли по наблюдаемым данным не выявлены. Граница наблюдения depth=4 ограничивает выводы.
100000008077552100,terminal,0.891815,1,0.437828,Признаки конечного получателя: наблюдаемый входящий объём 214000 KZT; нет наблюдаемых исходящих переводов.
100000008086440100,distributor,0.943052,1,0.609105,"Признаки распределения: 5 наблюдаемых получателей, исходящий объём 161300 KZT."
100000008088082100,distributor,0.751269,6,0.486793,"Признаки распределения: 1 наблюдаемых получателей, исходящий объём 50000 KZT."
100000008094734100,terminal,0.903397,1,0.506619,Признаки конечного получателя: наблюдаемый входящий объём 236249 KZT; нет наблюдаемых исходящих переводов.
100000008097580100,terminal,0.701777,1,0.370105,Признаки конечного получателя: наблюдаемый входящий объём 32000 KZT; нет наблюдаемых исходящих переводов.
100000008104567100,distributor,0.824837,16,0.533970,"Признаки распределения: 3 наблюдаемых получателей, исходящий объём 40000 KZT."
100000008106997100,distributor,0.668926,6,0.427733,"Признаки распределения: 1 наблюдаемых получателей, исходящий объём 20600 KZT."
100000008111003100,consolidator,0.779086,6,0.592674,"Признаки консолидации: 6 наблюдаемых отправителей, 7 seed-веток, входящий объём 222716 KZT."
100000008116374100,terminal,0.648620,5,0.312404,Признаки конечного получателя: наблюдаемый входящий объём 31284 KZT; нет наблюдаемых исходящих переводов.
100000008117324100,peripheral,0.644531,61,0.167441,Выраженные признаки функциональной роли по наблюдаемым данным не выявлены.
100000008121806100,distributor,0.936548,26,0.588509,"Признаки распределения: 4 наблюдаемых получателей, исходящий объём 248509 KZT."
100000008129393100,peripheral,0.483546,60,0.149997,Выраженные признаки функциональной роли по наблюдаемым данным не выявлены.
100000008130868100,peripheral,0.293454,20,0.134876,Выраженные признаки функциональной роли по наблюдаемым данным не выявлены. Граница наблюдения depth=4 ограничивает выводы.
100000008136608100,consolidator,0.640801,33,0.498674,"Признаки консолидации: 1 наблюдаемых отправителей, 7 seed-веток, входящий объём 170000 KZT. Граница наблюдения depth=4 ограничивает выводы."
100000008137435100,distributor,0.949310,1,0.641369,"Признаки распределения: 6 наблюдаемых получателей, исходящий объём 1419700 KZT."
100000008141170100,terminal,0.556941,5,0.302112,Признаки конечного получателя: наблюдаемый входящий объём 11000 KZT; нет наблюдаемых исходящих переводов.
100000008144528100,terminal,0.984816,5,0.491166,Признаки конечного получателя: наблюдаемый входящий объём 1068203 KZT; нет наблюдаемых исходящих переводов.
100000008151098100,consolidator,0.554176,13,0.374661,"Признаки консолидации: 1 наблюдаемых отправителей, 7 seed-веток, входящий объём 30000 KZT. Граница наблюдения depth=4 ограничивает выводы."
100000008165763100,distributor,0.984607,6,0.778178,"Признаки распределения: 17 наблюдаемых получателей, исходящий объём 1267858 KZT."
100000008168850100,consolidator,0.643905,8,0.491648,"Признаки консолидации: 1 наблюдаемых отправителей, 7 seed-веток, входящий объём 187910 KZT. Граница наблюдения depth=4 ограничивает выводы."
100000008169544100,distributor,0.872081,5,0.554682,"Признаки распределения: 4 наблюдаемых получателей, исходящий объём 42800 KZT."
100000008172352100,distributor,0.938694,6,0.667431,"Признаки распределения: 7 наблюдаемых получателей, исходящий объём 289510 KZT."
100000008172721100,consolidator,0.639955,1,0.471670,"Признаки консолидации: 1 наблюдаемых отправителей, 7 seed-веток, входящий объём 168335 KZT. Граница наблюдения depth=4 ограничивает выводы."
100000008173359100,peripheral,0.495754,5,0.199379,Выраженные признаки функциональной роли по наблюдаемым данным не выявлены.
100000008174521100,terminal,0.796095,5,0.380114,Признаки конечного получателя: наблюдаемый входящий объём 82110 KZT; нет наблюдаемых исходящих переводов.
100000008175078100,consolidator,0.685666,8,0.519921,"Признаки консолидации: 1 наблюдаемых отправителей, 7 seed-веток, входящий объём 1846711 KZT. Граница наблюдения depth=4 ограничивает выводы."
100000008183752100,consolidator,0.757901,29,0.619413,"Признаки консолидации: 1 наблюдаемых отправителей, 8 seed-веток, входящий объём 140000 KZT. Граница наблюдения depth=4 ограничивает выводы."
100000008188026100,distributor,0.909236,5,0.593376,"Признаки распределения: 4 наблюдаемых получателей, исходящий объём 337983 KZT."
100000008190411100,consolidator,0.646163,35,0.479458,"Признаки консолидации: 1 наблюдаемых отправителей, 7 seed-веток, входящий объём 198450 KZT. Граница наблюдения depth=4 ограничивает выводы."
100000008190442100,terminal,0.571383,18,0.148790,Признаки конечного получателя: наблюдаемый входящий объём 13000 KZT; нет наблюдаемых исходящих переводов.
100000008192264100,distributor,0.776808,8,0.518810,"Признаки распределения: 1 наблюдаемых получателей, исходящий объём 187910 KZT."
100000008193258100,distributor,0.742227,23,0.487192,"Признаки распределения: 1 наблюдаемых получателей, исходящий объём 30000 KZT."
100000008193577100,distributor,0.927282,10,0.533747,"Признаки распределения: 5 наблюдаемых получателей, исходящий объём 480180 KZT."
100000008200810100,terminal,0.953680,20,0.383744,Признаки конечного получателя: наблюдаемый входящий объём 475000 KZT; нет наблюдаемых исходящих переводов.
100000008205000100,peripheral,0.644531,62,0.167441,Выраженные признаки функциональной роли по наблюдаемым данным не выявлены.
100000008205937100,terminal,0.684924,4,0.429694,Признаки конечного получателя: наблюдаемый входящий объём 35000 KZT; нет наблюдаемых исходящих переводов.
100000008213966100,coordinator,0.820824,5,0.639848,"Структурно значимый узел: процентили PageRank 0.97, betweenness 0.84 в своей depth-группе; 7 seed-веток."
100000008219168100,terminal,0.728238,3,0.244703,Признаки конечного получателя: наблюдаемый входящий объём 53200 KZT; нет наблюдаемых исходящих переводов.
100000008221543100,terminal,0.961783,23,0.492420,Признаки конечного получателя: наблюдаемый входящий объём 542000 KZT; нет наблюдаемых исходящих переводов.
100000008221765100,consolidator,0.637133,8,0.489955,"Признаки консолидации: 1 наблюдаемых отправителей, 7 seed-веток, входящий объём 156354 KZT. Граница наблюдения depth=4 ограничивает выводы."
100000008223661100,distributor,0.948763,29,0.737534,"Признаки распределения: 5 наблюдаемых получателей, исходящий объём 262580 KZT."
100000008223756100,terminal,0.933376,26,0.460095,Признаки конечного получателя: наблюдаемый входящий объём 331682 KZT; нет наблюдаемых исходящих переводов.
100000008229700100,distributor,0.701964,9,0.323938,"Признаки распределения: 1 наблюдаемых получателей, исходящий объём 7200 KZT."
100000008232832100,distributor,0.746550,1,0.621476,"Признаки распределения: 1 наблюдаемых получателей, исходящий объём 138000 KZT."
100000008237827100,terminal,0.683652,4,0.419469,Признаки конечного получателя: наблюдаемый входящий объём 40001 KZT; нет наблюдаемых исходящих переводов.
100000008238112100,terminal,0.880711,8,0.404254,Признаки конечного получателя: наблюдаемый входящий объём 190000 KZT; нет наблюдаемых исходящих переводов.
100000008238989100,terminal,0.892625,1,0.404778,Признаки конечного получателя: наблюдаемый входящий объём 200000 KZT; нет наблюдаемых исходящих переводов.
100000008244300100,consolidator,0.805308,6,0.594246,"Признаки консолидации: 5 наблюдаемых отправителей, 8 seed-веток, входящий объём 65430 KZT."
100000008251939100,consolidator,0.575621,33,0.389898,"Признаки консолидации: 1 наблюдаемых отправителей, 7 seed-веток, входящий объём 44360 KZT. Граница наблюдения depth=4 ограничивает выводы."
100000008254069100,distributor,0.876356,38,0.593351,"Признаки распределения: 5 наблюдаемых получателей, исходящий объём 107500 KZT."
100000008254576100,distributor,0.756187,23,0.470127,"Признаки распределения: 1 наблюдаемых получателей, исходящий объём 60000 KZT."
100000008255655100,peripheral,0.470655,23,0.202331,Выраженные признаки функциональной роли по наблюдаемым данным не выявлены. Граница наблюдения depth=4 ограничивает выводы.
100000008258083100,distributor,0.839751,20,0.612386,"Признаки распределения: 2 наблюдаемых получателей, исходящий объём 2045650 KZT."
100000008258458100,distributor,0.901491,5,0.584569,"Признаки распределения: 2 наблюдаемых получателей, исходящий объём 1557988 KZT."
100000008259451100,terminal,0.769036,16,0.368144,Признаки конечного получателя: наблюдаемый входящий объём 55000 KZT; нет наблюдаемых исходящих переводов.
100000008279405100,terminal,0.899746,1,0.442230,Признаки конечного получателя: наблюдаемый входящий объём 234738 KZT; нет наблюдаемых исходящих переводов.
100000008283183100,terminal,0.651844,24,0.195889,Признаки конечного получателя: наблюдаемый входящий объём 29000 KZT; нет наблюдаемых исходящих переводов.
100000008289539100,terminal,0.569414,5,0.249458,Признаки конечного получателя: наблюдаемый входящий объём 14912 KZT; нет наблюдаемых исходящих переводов.
100000008293431100,distributor,0.950032,8,0.547582,"Признаки распределения: 5 наблюдаемых получателей, исходящий объём 297000 KZT."
100000008295429100,terminal,0.938452,8,0.440698,Признаки конечного получателя: наблюдаемый входящий объём 352000 KZT; нет наблюдаемых исходящих переводов.
100000008297199100,terminal,0.730964,1,0.345111,Признаки конечного получателя: наблюдаемый входящий объём 42268 KZT; нет наблюдаемых исходящих переводов.
100000008304115100,terminal,0.720807,9,0.262012,Признаки конечного получателя: наблюдаемый входящий объём 51000 KZT; нет наблюдаемых исходящих переводов.
100000008304139100,distributor,0.992038,1,0.656720,"Признаки распределения: 24 наблюдаемых получателей, исходящий объём 1692997 KZT."
100000008306857100,terminal,0.839784,20,0.306978,Признаки конечного получателя: наблюдаемый входящий объём 125000 KZT; нет наблюдаемых исходящих переводов.
100000008308418100,consolidator,0.586907,7,0.427314,"Признаки консолидации: 1 наблюдаемых отправителей, 7 seed-веток, входящий объём 50000 KZT. Граница наблюдения depth=4 ограничивает выводы."
100000008309514100,terminal,0.601523,18,0.163899,Признаки конечного получателя: наблюдаемый входящий объём 17200 KZT; нет наблюдаемых исходящих переводов.
100000008314203100,consolidator,0.788950,1,0.639029,"Признаки консолидации: 2 наблюдаемых отправителей, 10 seed-веток, входящий объём 382076 KZT."
100000008314863100,coordinator,0.649302,4,0.544013,"Структурно значимый узел: процентили PageRank 0.87, betweenness 0.34 в своей depth-группе; 10 seed-веток."
100000008321975100,peripheral,0.459368,25,0.167963,Выраженные признаки функциональной роли по наблюдаемым данным не выявлены. Граница наблюдения depth=4 ограничивает выводы.
100000008324800100,coordinator,0.791540,1,0.629924,"Структурно значимый узел: процентили PageRank 0.96, betweenness 0.75 в своей depth-группе; 7 seed-веток."
100000008327791100,peripheral,0.391084,23,0.226685,Выраженные признаки функциональной роли по наблюдаемым данным не выявлены. Граница наблюдения depth=4 ограничивает выводы.
100000008331280100,consolidator,0.572235,13,0.395824,"Признаки консолидации: 1 наблюдаемых отправителей, 7 seed-веток, входящий объём 41000 KZT. Граница наблюдения depth=4 ограничивает выводы."
100000008332511100,terminal,0.817893,3,0.526263,Признаки конечного получателя: наблюдаемый входящий объём 100000 KZT; нет наблюдаемых исходящих переводов.
100000008333492100,consolidator,0.799436,29,0.655011,"Признаки консолидации: 1 наблюдаемых отправителей, 9 seed-веток, входящий объём 216400 KZT. Граница наблюдения depth=4 ограничивает выводы."
100000008335401100,terminal,0.859544,33,0.508907,Признаки конечного получателя: наблюдаемый входящий объём 150000 KZT; нет наблюдаемых исходящих переводов.
100000008336318100,consolidator,0.766084,29,0.602906,"Признаки консолидации: 1 наблюдаемых отправителей, 8 seed-веток, входящий объём 170000 KZT. Граница наблюдения depth=4 ограничивает выводы."
100000008337304100,consolidator,0.623589,1,0.451693,"Признаки консолидации: 1 наблюдаемых отправителей, 7 seed-веток, входящий объём 105465 KZT. Граница наблюдения depth=4 ограничивает выводы."
100000008343415100,consolidator,0.618792,26,0.456687,"Признаки консолидации: 1 наблюдаемых отправителей, 7 seed-веток, входящий объём 100000 KZT. Граница наблюдения depth=4 ограничивает выводы."
100000008343874100,distributor,0.877062,26,0.582751,"Признаки распределения: 2 наблюдаемых получателей, исходящий объём 176400 KZT."
100000008346837100,distributor,0.966920,6,0.632007,"Признаки распределения: 25 наблюдаемых получателей, исходящий объём 1258643 KZT."
100000008349675100,distributor,0.722665,3,0.359559,"Признаки распределения: 1 наблюдаемых получателей, исходящий объём 36650 KZT."
100000008349740100,consolidator,0.602709,8,0.406828,"Признаки консолидации: 1 наблюдаемых отправителей, 7 seed-веток, входящий объём 70000 KZT. Граница наблюдения depth=4 ограничивает выводы."
100000008352542100,terminal,0.737527,4,0.448183,Признаки конечного получателя: наблюдаемый входящий объём 50220 KZT; нет наблюдаемых исходящих переводов.
100000008356606100,terminal,0.876356,5,0.430808,Признаки конечного получателя: наблюдаемый входящий объём 168500 KZT; нет наблюдаемых исходящих переводов.
100000008376089100,terminal,0.846529,20,0.372606,Признаки конечного получателя: наблюдаемый входящий объём 135000 KZT; нет наблюдаемых исходящих переводов.
100000008376785100,consolidator,0.650113,8,0.495880,"Признаки консолидации: 1 наблюдаемых отправителей, 7 seed-веток, входящий объём 234250 KZT. Граница наблюдения depth=4 ограничивает выводы."
100000008379273100,distributor,0.903553,33,0.533096,"Признаки распределения: 4 наблюдаемых получателей, исходящий объём 38000 KZT."
100000008383405100,terminal,0.619427,9,0.235427,Признаки конечного получателя: наблюдаемый входящий объём 25000 KZT; нет наблюдаемых исходящих переводов.
100000008388049100,terminal,0.960660,20,0.387065,Признаки конечного получателя: наблюдаемый входящий объём 496400 KZT; нет наблюдаемых исходящих переводов.
100000008389800100,distributor,0.911605,5,0.595385,"Признаки распределения: 7 наблюдаемых получателей, исходящий объём 401620 KZT."
100000008405209100,terminal,0.766497,23,0.357237,Признаки конечного получателя: наблюдаемый входящий объём 54400 KZT; нет наблюдаемых исходящих переводов.
100000008406609100,terminal,0.680043,38,0.404469,Признаки конечного получателя: наблюдаемый входящий объём 34000 KZT; нет наблюдаемых исходящих переводов.
100000008413748100,distributor,0.959870,1,0.610954,"Признаки распределения: 18 наблюдаемых получателей, исходящий объём 1377320 KZT."
100000008416433100,terminal,0.624365,16,0.292173,Признаки конечного получателя: наблюдаемый входящий объём 20000 KZT; нет наблюдаемых исходящих переводов.
100000008417029100,terminal,0.817893,29,0.494854,Признаки конечного получателя: наблюдаемый входящий объём 100000 KZT; нет наблюдаемых исходящих переводов.
100000008417359100,distributor,0.868813,23,0.487973,"Признаки распределения: 2 наблюдаемых получателей, исходящий объём 110760 KZT."
100000008418835100,distributor,0.790625,11,0.602406,"Признаки распределения: 4 наблюдаемых получателей, исходящий объём 186179 KZT."
100000008418934100,terminal,0.938178,29,0.329393,Признаки конечного получателя: наблюдаемый входящий объём 360000 KZT; нет наблюдаемых исходящих переводов.
100000008422226100,terminal,0.802030,7,0.364794,Признаки конечного получателя: наблюдаемый входящий объём 87450 KZT; нет наблюдаемых исходящих переводов.
100000008427027100,terminal,0.923858,4,0.578449,Признаки конечного получателя: наблюдаемый входящий объём 300000 KZT; нет наблюдаемых исходящих переводов.
100000008430691100,distributor,0.893560,5,0.587329,"Признаки распределения: 2 наблюдаемых получателей, исходящий объём 604900 KZT."
100000008432942100,terminal,0.735406,7,0.322582,Признаки конечного получателя: наблюдаемый входящий объём 44542 KZT; нет наблюдаемых исходящих переводов.
100000008436257100,terminal,0.710343,23,0.333095,Признаки конечного получателя: наблюдаемый входящий объём 35000 KZT; нет наблюдаемых исходящих переводов.
100000008438656100,consolidator,0.781145,4,0.635564,"Признаки консолидации: 2 наблюдаемых отправителей, 10 seed-веток, входящий объём 80000 KZT."
100000008443341100,distributor,0.850849,9,0.571720,"Признаки распределения: 3 наблюдаемых получателей, исходящий объём 50000 KZT."
100000008454065100,terminal,0.655774,16,0.306788,Признаки конечного получателя: наблюдаемый входящий объём 24050 KZT; нет наблюдаемых исходящих переводов.
100000008459449100,terminal,0.765228,1,0.364204,Признаки конечного получателя: наблюдаемый входящий объём 53700 KZT; нет наблюдаемых исходящих переводов.
100000008460102100,distributor,0.984137,37,0.503626,"Признаки распределения: 31 наблюдаемых получателей, исходящий объём 476570 KZT."
100000008461217100,consolidator,0.680192,4,0.566699,"Признаки консолидации: 1 наблюдаемых отправителей, 10 seed-веток, входящий объём 18000 KZT. Граница наблюдения depth=4 ограничивает выводы."
100000008461532100,distributor,0.942787,13,0.635000,"Признаки распределения: 8 наблюдаемых получателей, исходящий объём 2530090 KZT."
100000008463968100,peripheral,0.450825,18,0.085087,Выраженные признаки функциональной роли по наблюдаемым данным не выявлены.
100000008465789100,distributor,0.992227,29,0.741577,"Признаки распределения: 16 наблюдаемых получателей, исходящий объём 1858100 KZT."
100000008466579100,distributor,0.962039,29,0.678991,"Признаки распределения: 17 наблюдаемых получателей, исходящий объём 1933000 KZT."
100000008468762100,terminal,0.872145,29,0.505573,Признаки конечного получателя: наблюдаемый входящий объём 170000 KZT; нет наблюдаемых исходящих переводов.
100000008469048100,consolidator,0.654628,8,0.512472,"Признаки консолидации: 1 наблюдаемых отправителей, 7 seed-веток, входящий объём 265200 KZT. Граница наблюдения depth=4 ограничивает выводы."
100000008470470100,terminal,0.653928,27,0.229894,Признаки конечного получателя: наблюдаемый входящий объём 33547 KZT; нет наблюдаемых исходящих переводов.
100000008471634100,peripheral,0.315463,12,0.261205,Выраженные признаки функциональной роли по наблюдаемым данным не выявлены. Граница наблюдения depth=4 ограничивает выводы.
100000008472324100,terminal,0.890228,8,0.409346,Признаки конечного получателя: наблюдаемый входящий объём 205200 KZT; нет наблюдаемых исходящих переводов.
100000008473207100,terminal,0.899132,26,0.554653,Признаки конечного получателя: наблюдаемый входящий объём 202000 KZT; нет наблюдаемых исходящих переводов.
100000008473765100,terminal,0.693528,1,0.319594,Признаки конечного получателя: наблюдаемый входящий объём 30000 KZT; нет наблюдаемых исходящих переводов.
100000008474308100,distributor,0.657538,9,0.388639,"Признаки распределения: 1 наблюдаемых получателей, исходящий объём 10000 KZT."
100000008474391100,terminal,0.624365,36,0.332814,Признаки конечного получателя: наблюдаемый входящий объём 20000 KZT; нет наблюдаемых исходящих переводов.
100000008477350100,distributor,0.986443,1,0.654262,"Признаки распределения: 39 наблюдаемых получателей, исходящий объём 3374866 KZT."
100000008478414100,peripheral,0.457158,24,0.090637,Выраженные признаки функциональной роли по наблюдаемым данным не выявлены.
100000008486520100,distributor,0.707272,5,0.447532,"Признаки распределения: 1 наблюдаемых получателей, исходящий объём 14000 KZT."
100000008488166100,peripheral,0.482234,18,0.078506,Выраженные признаки функциональной роли по наблюдаемым данным не выявлены.
100000008489604100,terminal,0.560596,18,0.143526,Признаки конечного получателя: наблюдаемый входящий объём 11000 KZT; нет наблюдаемых исходящих переводов.
100000008489922100,distributor,0.999365,29,0.798372,"Признаки распределения: 36 наблюдаемых получателей, исходящий объём 3789900 KZT."
100000008490127100,distributor,0.972240,8,0.620679,"Признаки распределения: 6 наблюдаемых получателей, исходящий объём 923000 KZT."
100000008491390100,terminal,0.713515,7,0.310871,Признаки конечного получателя: наблюдаемый входящий объём 36000 KZT; нет наблюдаемых исходящих переводов.
100000008493007100,distributor,0.739055,18,0.336447,"Признаки распределения: 1 наблюдаемых получателей, исходящий объём 26150 KZT."
100000008497298100,terminal,0.975054,29,0.354382,Признаки конечного получателя: наблюдаемый входящий объём 600000 KZT; нет наблюдаемых исходящих переводов.
100000008501413100,coordinator,0.747462,11,0.573382,"Структурно значимый узел: процентили PageRank 0.77, betweenness 0.85 в своей depth-группе; 8 seed-веток."
100000008502995100,terminal,0.663388,25,0.355690,Признаки конечного получателя: наблюдаемый входящий объём 25000 KZT; нет наблюдаемых исходящих переводов.
100000008503177100,terminal,0.705584,1,0.327503,Признаки конечного получателя: наблюдаемый входящий объём 33951 KZT; нет наблюдаемых исходящих переводов.
100000008507703100,terminal,0.685914,18,0.203845,Признаки конечного получателя: наблюдаемый входящий объём 28500 KZT; нет наблюдаемых исходящих переводов.
100000008512552100,distributor,0.921095,23,0.606855,"Признаки распределения: 6 наблюдаемых получателей, исходящий объём 1302275 KZT."
100000008512827100,distributor,0.946312,29,0.689696,"Признаки распределения: 10 наблюдаемых получателей, исходящий объём 1944500 KZT."
100000008513251100,peripheral,0.644531,63,0.167441,Выраженные признаки функциональной роли по наблюдаемым данным не выявлены.
100000008514970100,distributor,0.743179,26,0.428474,"Признаки распределения: 1 наблюдаемых получателей, исходящий объём 31000 KZT."
100000008516839100,consolidator,0.891875,38,0.677406,"Признаки консолидации: 3 наблюдаемых отправителей, 11 seed-веток, входящий объём 155000 KZT."
100000008517061100,consolidator,0.685102,16,0.513995,"Признаки консолидации: 1 наблюдаемых отправителей, 7 seed-веток, входящий объём 1844000 KZT. Граница наблюдения depth=4 ограничивает выводы."
100000008517538100,distributor,0.991751,29,0.749544,"Признаки распределения: 17 наблюдаемых получателей, исходящий объём 1439000 KZT."
100000008522127100,peripheral,0.462500,29,0.228625,Выраженные признаки функциональной роли по наблюдаемым данным не выявлены.
100000008524903100,peripheral,0.357223,7,0.206369,Выраженные признаки функциональной роли по наблюдаемым данным не выявлены. Граница наблюдения depth=4 ограничивает выводы.
100000008525136100,peripheral,0.366817,6,0.177511,Выраженные признаки функциональной роли по наблюдаемым данным не выявлены. Граница наблюдения depth=4 ограничивает выводы.
100000008531133100,distributor,0.850054,5,0.545553,"Признаки распределения: 3 наблюдаемых получателей, исходящий объём 158272 KZT."
100000008531186100,terminal,0.841106,6,0.483316,Признаки конечного получателя: наблюдаемый входящий объём 125000 KZT; нет наблюдаемых исходящих переводов.
100000008532050100,terminal,0.951142,8,0.453357,Признаки конечного получателя: наблюдаемый входящий объём 455156 KZT; нет наблюдаемых исходящих переводов.
100000008536546100,terminal,0.906726,29,0.524327,Признаки конечного получателя: наблюдаемый входящий объём 250000 KZT; нет наблюдаемых исходящих переводов.
100000008537380100,peripheral,0.469226,18,0.081442,Выраженные признаки функциональной роли по наблюдаемым данным не выявлены.
100000008545727100,distributor,0.924892,33,0.684230,"Признаки распределения: 6 наблюдаемых получателей, исходящий объём 1866500 KZT."
100000008546855100,coordinator,0.818872,8,0.581508,"Структурно значимый узел: процентили PageRank 0.95, betweenness 0.85 в своей depth-группе; 7 seed-веток."
100000008547295100,terminal,0.582805,34,0.214767,Признаки конечного получателя: наблюдаемый входящий объём 15000 KZT; нет наблюдаемых исходящих переводов.
100000008547844100,distributor,0.966920,29,0.681627,"Признаки распределения: 19 наблюдаемых получателей, исходящий объём 2042199 KZT."
100000008547948100,distributor,0.983731,29,0.738591,"Признаки распределения: 26 наблюдаемых получателей, исходящий объём 5185600 KZT."
100000008548853100,terminal,0.575190,18,0.150398,Признаки конечного получателя: наблюдаемый входящий объём 14000 KZT; нет наблюдаемых исходящих переводов.
100000008551752100,consolidator,0.668736,7,0.489616,"Признаки консолидации: 1 наблюдаемых отправителей, 7 seed-веток, входящий объём 406000 KZT. Граница наблюдения depth=4 ограничивает выводы."
100000008554390100,peripheral,0.369639,37,0.078541,Выраженные признаки функциональной роли по наблюдаемым данным не выявлены. Граница наблюдения depth=4 ограничивает выводы.
100000008555233100,terminal,0.949239,29,0.572928,Признаки конечного получателя: наблюдаемый входящий объём 440600 KZT; нет наблюдаемых исходящих переводов.
100000008555918100,distributor,0.803344,4,0.630966,"Признаки распределения: 2 наблюдаемых получателей, исходящий объём 43300 KZT."
100000008556318100,terminal,0.869427,4,0.534676,Признаки конечного получателя: наблюдаемый входящий объём 180132 KZT; нет наблюдаемых исходящих переводов.
100000008557672100,terminal,0.716920,24,0.226800,Признаки конечного получателя: наблюдаемый входящий объём 49125 KZT; нет наблюдаемых исходящих переводов.
100000008560263100,consolidator,0.618792,8,0.435694,"Признаки консолидации: 1 наблюдаемых отправителей, 7 seed-веток, входящий объём 100000 KZT. Граница наблюдения depth=4 ограничивает выводы."
100000008560717100,consolidator,0.852573,1,0.647094,"Признаки консолидации: 7 наблюдаемых отправителей, 7 seed-веток, входящий объём 529000 KZT."
100000008561016100,distributor,0.776491,29,0.638039,"Признаки распределения: 1 наблюдаемых получателей, исходящий объём 185000 KZT."
100000008566737100,terminal,0.899151,2,0.536619,Признаки конечного получателя: наблюдаемый входящий объём 230000 KZT; нет наблюдаемых исходящих переводов.
100000008568512100,terminal,0.885152,8,0.407043,Признаки конечного получателя: наблюдаемый входящий объём 199640 KZT; нет наблюдаемых исходящих переводов.
100000008571243100,terminal,0.845812,33,0.507665,Признаки конечного получателя: наблюдаемый входящий объём 134000 KZT; нет наблюдаемых исходящих переводов.
100000008571433100,distributor,0.714062,41,0.502938,"Признаки распределения: 2 наблюдаемых получателей, исходящий объём 1434000 KZT."
100000008571443100,terminal,0.772777,6,0.349309,Признаки конечного получателя: наблюдаемый входящий объём 65000 KZT; нет наблюдаемых исходящих переводов.
100000008575624100,distributor,0.707813,49,0.362688,"Признаки распределения: 3 наблюдаемых получателей, исходящий объём 89500 KZT."
100000008576243100,consolidator,0.829378,6,0.640263,"Признаки консолидации: 2 наблюдаемых отправителей, 8 seed-веток, входящий объём 82920 KZT."
100000008576528100,terminal,0.683693,8,0.294662,Признаки конечного получателя: наблюдаемый входящий объём 28000 KZT; нет наблюдаемых исходящих переводов.
100000008579978100,distributor,0.759994,8,0.461570,"Признаки распределения: 1 наблюдаемых получателей, исходящий объём 77000 KZT."
100000008582730100,distributor,0.715102,8,0.413154,"Признаки распределения: 1 наблюдаемых получателей, исходящий объём 5000 KZT."
100000008583360100,distributor,0.774905,33,0.543385,"Признаки распределения: 1 наблюдаемых получателей, исходящий объём 170000 KZT."
100000008583971100,consolidator,0.738488,8,0.459752,"Признаки консолидации: 2 наблюдаемых отправителей, 7 seed-веток, входящий объём 51000 KZT. Граница наблюдения depth=4 ограничивает выводы."
100000008586731100,peripheral,0.472930,9,0.109870,Выраженные признаки функциональной роли по наблюдаемым данным не выявлены.
100000008587459100,distributor,0.824566,1,0.526177,"Признаки распределения: 2 наблюдаемых получателей, исходящий объём 686500 KZT."
100000008588665100,peripheral,0.283860,1,0.229986,Выраженные признаки функциональной роли по наблюдаемым данным не выявлены. Граница наблюдения depth=4 ограничивает выводы.
100000008595687100,distributor,0.726681,5,0.495977,"Признаки распределения: 1 наблюдаемых получателей, исходящий объём 10400 KZT."
100000008596924100,terminal,0.817893,34,0.306371,Признаки конечного получателя: наблюдаемый входящий объём 100000 KZT; нет наблюдаемых исходящих переводов.
100000008598972100,terminal,0.838515,26,0.281743,Признаки конечного получателя: наблюдаемый входящий объём 120000 KZT; нет наблюдаемых исходящих переводов.
100000008599354100,distributor,0.746352,1,0.525920,"Признаки распределения: 1 наблюдаемых получателей, исходящий объём 38200 KZT."
100000008601794100,coordinator,0.642500,32,0.517750,"Структурно значимый узел: процентили PageRank 0.97, betweenness 0.71 в своей depth-группе; 1 seed-веток."
100000008603331100,distributor,0.914046,35,0.584826,"Признаки распределения: 6 наблюдаемых получателей, исходящий объём 741774 KZT."
100000008603629100,distributor,0.991323,1,0.660803,"Признаки распределения: 61 наблюдаемых получателей, исходящий объём 4986156 KZT."
100000008612257100,peripheral,0.461294,1,0.194949,Выраженные признаки функциональной роли по наблюдаемым данным не выявлены.
100000008619159100,consolidator,0.671558,5,0.495203,"Признаки консолидации: 1 наблюдаемых отправителей, 7 seed-веток, входящий объём 446400 KZT. Граница наблюдения depth=4 ограничивает выводы."
100000008619857100,distributor,0.830901,7,0.416818,"Признаки распределения: 2 наблюдаемых получателей, исходящий объём 13000 KZT."
100000008620570100,distributor,0.845336,1,0.558338,"Признаки распределения: 2 наблюдаемых получателей, исходящий объём 31800 KZT."
100000008624978100,terminal,0.836226,29,0.451909,Признаки конечного получателя: наблюдаемый входящий объём 109000 KZT; нет наблюдаемых исходящих переводов.
100000008625905100,distributor,0.894194,5,0.622935,"Признаки распределения: 2 наблюдаемых получателей, исходящий объём 635000 KZT."
100000008628231100,distributor,0.850584,4,0.660456,"Признаки распределения: 2 наблюдаемых получателей, исходящий объём 627870 KZT."
100000008628818100,consolidator,0.580700,33,0.395147,"Признаки консолидации: 1 наблюдаемых отправителей, 7 seed-веток, входящий объём 46310 KZT. Граница наблюдения depth=4 ограничивает выводы."
100000008629504100,peripheral,0.315463,8,0.203304,Выраженные признаки функциональной роли по наблюдаемым данным не выявлены. Граница наблюдения depth=4 ограничивает выводы.
100000008629581100,terminal,0.750542,6,0.409593,Признаки конечного получателя: наблюдаемый входящий объём 54184 KZT; нет наблюдаемых исходящих переводов.
100000008631800100,peripheral,0.381490,37,0.075181,Выраженные признаки функциональной роли по наблюдаемым данным не выявлены. Граница наблюдения depth=4 ограничивает выводы.
100000008632060100,distributor,0.967640,6,0.567418,"Признаки распределения: 9 наблюдаемых получателей, исходящий объём 339200 KZT."
100000008633099100,distributor,0.729854,6,0.436919,"Признаки распределения: 1 наблюдаемых получателей, исходящий объём 13500 KZT."
100000008634520100,terminal,0.804886,29,0.463942,Признаки конечного получателя: наблюдаемый входящий объём 90000 KZT; нет наблюдаемых исходящих переводов.
100000008636603100,distributor,0.889642,5,0.550987,"Признаки распределения: 6 наблюдаемых получателей, исходящий объём 159375 KZT."
100000008637537100,distributor,0.798438,1,0.674125,"Признаки распределения: 3 наблюдаемых получателей, исходящий объём 2351495 KZT."
100000008638859100,consolidator,0.713375,6,0.593301,"Признаки консолидации: 1 наблюдаемых отправителей, 9 seed-веток, входящий объём 34000 KZT. Граница наблюдения depth=4 ограничивает выводы."
100000008647905100,distributor,0.815347,2,0.534702,"Признаки распределения: 2 наблюдаемых получателей, исходящий объём 344222 KZT."
100000008648783100,peripheral,0.475169,37,0.045536,Выраженные признаки функциональной роли по наблюдаемым данным не выявлены. Граница наблюдения depth=4 ограничивает выводы.
100000008649416100,peripheral,0.489278,1,0.199952,Выраженные признаки функциональной роли по наблюдаемым данным не выявлены. Граница наблюдения depth=4 ограничивает выводы.
100000008650785100,consolidator,0.725683,5,0.637705,"Признаки консолидации: 2 наблюдаемых отправителей, 9 seed-веток, входящий объём 92000 KZT."
100000008652094100,terminal,0.710343,7,0.309300,Признаки конечного получателя: наблюдаемый входящий объём 35000 KZT; нет наблюдаемых исходящих переводов.
100000008653041100,terminal,0.683693,18,0.202403,Признаки конечного получателя: наблюдаемый входящий объём 28000 KZT; нет наблюдаемых исходящих переводов.
100000008654653100,peripheral,0.495313,5,0.203852,Выраженные признаки функциональной роли по наблюдаемым данным не выявлены.
100000008655035100,terminal,0.663232,3,0.283219,Признаки конечного получателя: наблюдаемый входящий объём 30000 KZT; нет наблюдаемых исходящих переводов.
100000008655779100,distributor,0.838991,14,0.537398,"Признаки распределения: 2 наблюдаемых получателей, исходящий объём 24704 KZT."
100000008656043100,terminal,0.640998,24,0.190846,Признаки конечного получателя: наблюдаемый входящий объём 26200 KZT; нет наблюдаемых исходящих переводов.
100000008659445100,distributor,0.821875,10,0.525062,"Признаки распределения: 4 наблюдаемых получателей, исходящий объём 875150 KZT."
100000008659950100,terminal,0.904188,29,0.525127,Признаки конечного получателя: наблюдаемый входящий объём 246000 KZT; нет наблюдаемых исходящих переводов.
100000008661550100,terminal,0.642132,18,0.182421,Признаки конечного получателя: наблюдаемый входящий объём 22800 KZT; нет наблюдаемых исходящих переводов.
100000008661585100,terminal,0.688960,27,0.250706,Признаки конечного получателя: наблюдаемый входящий объём 43141 KZT; нет наблюдаемых исходящих переводов.
100000008662216100,terminal,0.676713,18,0.198368,Признаки конечного получателя: наблюдаемый входящий объём 26200 KZT; нет наблюдаемых исходящих переводов.
100000008662805100,terminal,0.595812,18,0.161320,Признаки конечного получателя: наблюдаемый входящий объём 16500 KZT; нет наблюдаемых исходящих переводов.
100000008663007100,peripheral,0.461253,27,0.114838,Выраженные признаки функциональной роли по наблюдаемым данным не выявлены.
100000008663723100,terminal,0.588515,18,0.156766,Признаки конечного получателя: наблюдаемый входящий объём 15600 KZT; нет наблюдаемых исходящих переводов.
100000008664469100,terminal,0.619427,4,0.383570,Признаки конечного получателя: наблюдаемый входящий объём 25000 KZT; нет наблюдаемых исходящих переводов.
100000008664774100,terminal,0.594226,18,0.160297,Признаки конечного получателя: наблюдаемый входящий объём 16300 KZT; нет наблюдаемых исходящих переводов.
100000008665380100,distributor,0.711518,7,0.477373,"Признаки распределения: 1 наблюдаемых получателей, исходящий объём 18200 KZT."
100000008666075100,terminal,0.632696,27,0.216677,Признаки конечного получателя: наблюдаемый входящий объём 26217 KZT; нет наблюдаемых исходящих переводов.
100000008667058100,terminal,0.567410,27,0.184217,Признаки конечного получателя: наблюдаемый входящий объём 17534 KZT; нет наблюдаемых исходящих переводов.
100000008667795100,terminal,0.707170,18,0.215233,Признаки конечного получателя: наблюдаемый входящий объём 34000 KZT; нет наблюдаемых исходящих переводов.
100000008667799100,terminal,0.707170,18,0.215233,Признаки конечного получателя: наблюдаемый входящий объём 34000 KZT; нет наблюдаемых исходящих переводов.
100000008668099100,terminal,0.590102,18,0.157741,Признаки конечного получателя: наблюдаемый входящий объём 15700 KZT; нет наблюдаемых исходящих переводов.
100000008669037100,peripheral,0.644531,64,0.167441,Выраженные признаки функциональной роли по наблюдаемым данным не выявлены.
100000008669310100,terminal,0.775381,7,0.345206,Признаки конечного получателя: наблюдаемый входящий объём 59567 KZT; нет наблюдаемых исходящих переводов.
100000008670667100,terminal,0.550425,27,0.174122,Признаки конечного получателя: наблюдаемый входящий объём 15534 KZT; нет наблюдаемых исходящих переводов.
100000008671026100,terminal,0.609873,27,0.205077,Признаки конечного получателя: наблюдаемый входящий объём 23534 KZT; нет наблюдаемых исходящих переводов.
100000008671081100,terminal,0.717640,18,0.220882,Признаки конечного получателя: наблюдаемый входящий объём 37200 KZT; нет наблюдаемых исходящих переводов.
100000008671129100,terminal,0.676713,18,0.198368,Признаки конечного получателя: наблюдаемый входящий объём 26200 KZT; нет наблюдаемых исходящих переводов.
100000008671929100,terminal,0.771231,4,0.468554,Признаки конечного получателя: наблюдаемый входящий объём 75000 KZT; нет наблюдаемых исходящих переводов.
100000008672162100,terminal,0.553079,27,0.175674,Признаки конечного получателя: наблюдаемый входящий объём 15550 KZT; нет наблюдаемых исходящих переводов.
100000008672200100,peripheral,0.489384,27,0.105674,Выраженные признаки функциональной роли по наблюдаемым данным не выявлены.
100000008672480100,terminal,0.563449,24,0.152801,Признаки конечного получателя: наблюдаемый входящий объём 13000 KZT; нет наблюдаемых исходящих переводов.
100000008672493100,terminal,0.575190,18,0.150398,Признаки конечного получателя: наблюдаемый входящий объём 14000 KZT; нет наблюдаемых исходящих переводов.
100000008672603100,terminal,0.612256,6,0.343419,Признаки конечного получателя: наблюдаемый входящий объём 21200 KZT; нет наблюдаемых исходящих переводов.
100000008672762100,terminal,0.563449,24,0.152801,Признаки конечного получателя: наблюдаемый входящий объём 13000 KZT; нет наблюдаемых исходящих переводов.
100000008673001100,consolidator,0.706250,38,0.512969,"Признаки консолидации: 1 наблюдаемых отправителей, 2 seed-веток, входящий объём 80000 KZT."
100000008675322100,consolidator,0.663939,8,0.478696,"Признаки консолидации: 1 наблюдаемых отправителей, 7 seed-веток, входящий объём 340000 KZT. Граница наблюдения depth=4 ограничивает выводы."
100000008676812100,terminal,0.898477,2,0.452338,Признаки конечного получателя: наблюдаемый входящий объём 230800 KZT; нет наблюдаемых исходящих переводов.
100000008677215100,peripheral,0.464150,36,0.228295,Выраженные признаки функциональной роли по наблюдаемым данным не выявлены.
100000008677368100,peripheral,0.374718,6,0.230181,Выраженные признаки функциональной роли по наблюдаемым данным не выявлены. Граница наблюдения depth=4 ограничивает выводы.
100000008677518100,terminal,0.748096,18,0.239651,Признаки конечного получателя: наблюдаемый входящий объём 48700 KZT; нет наблюдаемых исходящих переводов.
100000008679986100,terminal,0.578025,27,0.190109,Признаки конечного получателя: наблюдаемый входящий объём 19000 KZT; нет наблюдаемых исходящих переводов.
100000008680061100,consolidator,0.572799,6,0.392438,"Признаки консолидации: 1 наблюдаемых отправителей, 7 seed-веток, входящий объём 41300 KZT. Граница наблюдения depth=4 ограничивает выводы."
100000008680451100,terminal,0.609873,27,0.205077,Признаки конечного получателя: наблюдаемый входящий объём 23534 KZT; нет наблюдаемых исходящих переводов.
100000008680731100,distributor,0.909375,9,0.465438,"Признаки распределения: 27 наблюдаемых получателей, исходящий объём 1464354 KZT."
100000008680912100,distributor,0.718433,1,0.460638,"Признаки распределения: 1 наблюдаемых получателей, исходящий объём 5991 KZT."
100000008682426100,terminal,0.624365,16,0.292173,Признаки конечного получателя: наблюдаемый входящий объём 20000 KZT; нет наблюдаемых исходящих переводов.
100000008683818100,terminal,0.586768,24,0.165141,Признаки конечного получателя: наблюдаемый входящий объём 17400 KZT; нет наблюдаемых исходящих переводов.
100000008684452100,terminal,0.760787,18,0.245838,Признаки конечного получателя: наблюдаемый входящий объём 51800 KZT; нет наблюдаемых исходящих переводов.
100000008684767100,terminal,0.699556,18,0.210303,Признаки конечного получателя: наблюдаемый входящий объём 31100 KZT; нет наблюдаемых исходящих переводов.
100000008684951100,terminal,0.601523,18,0.163899,Признаки конечного получателя: наблюдаемый входящий объём 17200 KZT; нет наблюдаемых исходящих переводов.
100000008686214100,terminal,0.663388,1,0.318476,Признаки конечного получателя: наблюдаемый входящий объём 25000 KZT; нет наблюдаемых исходящих переводов.
100000008686234100,terminal,0.679406,1,0.338854,Признаки конечного получателя: наблюдаемый входящий объём 39778 KZT; нет наблюдаемых исходящих переводов.
100000008686247100,distributor,0.715102,9,0.310853,"Признаки распределения: 1 наблюдаемых получателей, исходящий объём 5000 KZT."
100000008686313100,distributor,0.941348,8,0.661592,"Признаки распределения: 7 наблюдаемых получателей, исходящий объём 333800 KZT."
100000008686494100,terminal,0.590102,18,0.157741,Признаки конечного получателя: наблюдаемый входящий объём 15700 KZT; нет наблюдаемых исходящих переводов.
100000008687492100,terminal,0.574295,24,0.157926,Признаки конечного получателя: наблюдаемый входящий объём 15000 KZT; нет наблюдаемых исходящих переводов.
100000008687617100,terminal,0.732868,18,0.230266,Признаки конечного получателя: наблюдаемый входящий объём 43350 KZT; нет наблюдаемых исходящих переводов.
100000008687671100,terminal,0.668259,27,0.238357,Признаки конечного получателя: наблюдаемый входящий объём 37500 KZT; нет наблюдаемых исходящих переводов.
100000008687733100,terminal,0.578680,18,0.152725,Признаки конечного получателя: наблюдаемый входящий объём 14650 KZT; нет наблюдаемых исходящих переводов.
100000008687990100,terminal,0.607234,18,0.166764,Признаки конечного получателя: наблюдаемый входящий объём 17600 KZT; нет наблюдаемых исходящих переводов.
100000008688109100,terminal,0.569797,18,0.148195,Признаки конечного получателя: наблюдаемый входящий объём 12800 KZT; нет наблюдаемых исходящих переводов.
100000008688155100,terminal,0.648160,18,0.185566,Признаки конечного получателя: наблюдаемый входящий объём 23600 KZT; нет наблюдаемых исходящих переводов.
100000008688476100,terminal,0.623644,24,0.182484,Признаки конечного получателя: наблюдаемый входящий объём 24000 KZT; нет наблюдаемых исходящих переводов.
100000008688881100,terminal,0.700651,24,0.219398,Признаки конечного получателя: наблюдаемый входящий объём 44211 KZT; нет наблюдаемых исходящих переводов.
100000008690762100,terminal,0.678934,18,0.199857,Признаки конечного получателя: наблюдаемый входящий объём 26750 KZT; нет наблюдаемых исходящих переводов.
100000008690932100,terminal,0.600849,27,0.201868,Признаки конечного получателя: наблюдаемый входящий объём 23000 KZT; нет наблюдаемых исходящих переводов.
100000008691027100,terminal,0.567410,27,0.184217,Признаки конечного получателя: наблюдаемый входящий объём 17534 KZT; нет наблюдаемых исходящих переводов.
100000008691168100,terminal,0.623644,24,0.182484,Признаки конечного получателя: наблюдаемый входящий объём 24000 KZT; нет наблюдаемых исходящих переводов.
100000008691330100,terminal,0.598726,27,0.199671,Признаки конечного получателя: наблюдаемый входящий объём 21440 KZT; нет наблюдаемых исходящих переводов.
100000008691495100,terminal,0.634820,27,0.218079,Признаки конечного получателя: наблюдаемый входящий объём 27000 KZT; нет наблюдаемых исходящих переводов.
100000008692291100,distributor,0.913388,29,0.667817,"Признаки распределения: 3 наблюдаемых получателей, исходящий объём 156000 KZT."
100000008693069100,terminal,0.587580,27,0.194185,Признаки конечного получателя: наблюдаемый входящий объём 20000 KZT; нет наблюдаемых исходящих переводов.
100000008695133100,terminal,0.714467,18,0.219216,Признаки конечного получателя: наблюдаемый входящий объём 36610 KZT; нет наблюдаемых исходящих переводов.
100000008695157100,consolidator,0.670429,26,0.508239,"Признаки консолидации: 1 наблюдаемых отправителей, 7 seed-веток, входящий объём 425546 KZT. Граница наблюдения depth=4 ограничивает выводы."
100000008695495100,terminal,0.596072,27,0.198596,Признаки конечного получателя: наблюдаемый входящий объём 21000 KZT; нет наблюдаемых исходящих переводов.
100000008695566100,terminal,0.704949,18,0.214124,Признаки конечного получателя: наблюдаемый входящий объём 33700 KZT; нет наблюдаемых исходящих переводов.
100000008695689100,terminal,0.676713,18,0.198368,Признаки конечного получателя: наблюдаемый входящий объём 26200 KZT; нет наблюдаемых исходящих переводов.
100000008696692100,terminal,0.598156,24,0.168631,Признаки конечного получателя: наблюдаемый входящий объём 19000 KZT; нет наблюдаемых исходящих переводов.
100000008696919100,terminal,0.651805,27,0.228652,Признаки конечного получателя: наблюдаемый входящий объём 31945 KZT; нет наблюдаемых исходящих переводов.
100000008697670100,terminal,0.669416,18,0.194289,Признаки конечного получателя: наблюдаемый входящий объём 25350 KZT; нет наблюдаемых исходящих переводов.
100000008699083100,consolidator,0.776524,29,0.603160,"Признаки консолидации: 1 наблюдаемых отправителей, 8 seed-веток, входящий объём 238500 KZT. Граница наблюдения depth=4 ограничивает выводы."
100000008701222100,peripheral,0.644531,65,0.167441,Выраженные признаки функциональной роли по наблюдаемым данным не выявлены.
100000008701256100,terminal,0.757050,1,0.337424,Признаки конечного получателя: наблюдаемый входящий объём 58250 KZT; нет наблюдаемых исходящих переводов.
100000008701944100,terminal,0.721868,11,0.352389,Признаки конечного получателя: наблюдаемый входящий объём 52124 KZT; нет наблюдаемых исходящих переводов.
100000008703533100,consolidator,0.730248,29,0.553047,"Признаки консолидации: 1 наблюдаемых отправителей, 8 seed-веток, входящий объём 75000 KZT. Граница наблюдения depth=4 ограничивает выводы."
100000008706846100,terminal,0.577094,18,0.151464,Признаки конечного получателя: наблюдаемый входящий объём 14200 KZT; нет наблюдаемых исходящих переводов.
100000008706947100,terminal,0.601523,18,0.163899,Признаки конечного получателя: наблюдаемый входящий объём 17200 KZT; нет наблюдаемых исходящих переводов.
100000008707810100,terminal,0.676713,18,0.198368,Признаки конечного получателя: наблюдаемый входящий объём 26200 KZT; нет наблюдаемых исходящих переводов.
100000008708025100,peripheral,0.450825,14,0.233644,Выраженные признаки функциональной роли по наблюдаемым данным не выявлены.
100000008708061100,peripheral,0.465736,18,0.082522,Выраженные признаки функциональной роли по наблюдаемым данным не выявлены.
100000008708207100,terminal,0.953046,29,0.574489,Признаки конечного получателя: наблюдаемый входящий объём 465000 KZT; нет наблюдаемых исходящих переводов.
100000008708368100,terminal,0.611996,27,0.206319,Признаки конечного получателя: наблюдаемый входящий объём 23677 KZT; нет наблюдаемых исходящих переводов.
100000008708595100,terminal,0.601523,18,0.163899,Признаки конечного получателя: наблюдаемый входящий объём 17200 KZT; нет наблюдаемых исходящих переводов.
100000008708743100,terminal,0.587563,18,0.156209,Признаки конечного получателя: наблюдаемый входящий объём 15550 KZT; нет наблюдаемых исходящих переводов.
100000008710791100,distributor,0.980206,29,0.751233,"Признаки распределения: 23 наблюдаемых получателей, исходящий объём 5521511 KZT."
100000008710843100,distributor,0.955803,29,0.649024,"Признаки распределения: 13 наблюдаемых получателей, исходящий объём 1985500 KZT."
100000008710913100,consolidator,0.627257,29,0.451721,"Признаки консолидации: 1 наблюдаемых отправителей, 8 seed-веток, входящий объём 14000 KZT. Граница наблюдения depth=4 ограничивает выводы."
100000008712036100,terminal,0.632297,18,0.178714,Признаки конечного получателя: наблюдаемый входящий объём 21000 KZT; нет наблюдаемых исходящих переводов.
100000008712184100,terminal,0.610406,18,0.168620,Признаки конечного получателя: наблюдаемый входящий объём 18000 KZT; нет наблюдаемых исходящих переводов.
100000008712827100,terminal,0.791561,18,0.265506,Признаки конечного получателя: наблюдаемый входящий объём 76000 KZT; нет наблюдаемых исходящих переводов.
100000008712991100,terminal,0.780457,18,0.258487,Признаки конечного получателя: наблюдаемый входящий объём 66100 KZT; нет наблюдаемых исходящих переводов.
100000008713270100,distributor,0.854664,34,0.402652,"Признаки распределения: 3 наблюдаемых получателей, исходящий объём 190000 KZT."
100000008713685100,terminal,0.750635,18,0.240660,Признаки конечного получателя: наблюдаемый входящий объём 49700 KZT; нет наблюдаемых исходящих переводов.
100000008714412100,terminal,0.871193,33,0.523845,Признаки конечного получателя: наблюдаемый входящий объём 169000 KZT; нет наблюдаемых исходящих переводов.
100000008715513100,peripheral,0.252257,37,0.116769,Выраженные признаки функциональной роли по наблюдаемым данным не выявлены. Граница наблюдения depth=4 ограничивает выводы.
100000008715887100,terminal,0.610406,18,0.168620,Признаки конечного получателя: наблюдаемый входящий объём 18000 KZT; нет наблюдаемых исходящих переводов.
100000008716072100,terminal,0.565990,18,0.145968,Признаки конечного получателя: наблюдаемый входящий объём 12100 KZT; нет наблюдаемых исходящих переводов.
100000008716222100,terminal,0.573248,27,0.186996,Признаки конечного получателя: наблюдаемый входящий объём 18000 KZT; нет наблюдаемых исходящих переводов.
100000008716439100,peripheral,0.469214,27,0.111295,Выраженные признаки функциональной роли по наблюдаемым данным не выявлены.
100000008716773100,terminal,0.555732,27,0.177386,Признаки конечного получателя: наблюдаемый входящий объём 15677 KZT; нет наблюдаемых исходящих переводов.
100000008717340100,terminal,0.685775,27,0.247887,Признаки конечного получателя: наблюдаемый входящий объём 41500 KZT; нет наблюдаемых исходящих переводов.
100000008717341100,peripheral,0.457537,27,0.116343,Выраженные признаки функциональной роли по наблюдаемым данным не выявлены.
100000008717375100,terminal,0.655098,6,0.364496,Признаки конечного получателя: наблюдаемый входящий объём 29506 KZT; нет наблюдаемых исходящих переводов.
100000008717802100,terminal,0.673223,18,0.196421,Признаки конечного получателя: наблюдаемый входящий объём 26150 KZT; нет наблюдаемых исходящих переводов.
100000008718089100,terminal,0.550425,27,0.174122,Признаки конечного получателя: наблюдаемый входящий объём 15534 KZT; нет наблюдаемых исходящих переводов.
100000008718811100,terminal,0.789340,18,0.264064,Признаки конечного получателя: наблюдаемый входящий объём 73300 KZT; нет наблюдаемых исходящих переводов.
100000008720668100,terminal,0.592640,18,0.159226,Признаки конечного получателя: наблюдаемый входящий объём 16000 KZT; нет наблюдаемых исходящих переводов.
100000008720798100,terminal,0.550425,27,0.174122,Признаки конечного получателя: наблюдаемый входящий объём 15534 KZT; нет наблюдаемых исходящих переводов.
100000008720856100,distributor,0.748890,6,0.494264,"Признаки распределения: 1 наблюдаемых получателей, исходящий объём 46000 KZT."
100000008721637100,distributor,0.871669,3,0.529251,"Признаки распределения: 2 наблюдаемых получателей, исходящий объём 127000 KZT."
100000008722328100,terminal,0.611996,27,0.206319,Признаки конечного получателя: наблюдаемый входящий объём 23677 KZT; нет наблюдаемых исходящих переводов.
100000008722417100,distributor,0.934645,8,0.602900,"Признаки распределения: 3 наблюдаемых получателей, исходящий объём 720000 KZT."
100000008722541100,consolidator,0.658296,8,0.486653,"Признаки консолидации: 1 наблюдаемых отправителей, 7 seed-веток, входящий объём 280000 KZT. Граница наблюдения depth=4 ограничивает выводы."
100000008723830100,distributor,0.766720,5,0.586561,"Признаки распределения: 1 наблюдаемых получателей, исходящий объём 455000 KZT."
100000008724279100,peripheral,0.475584,5,0.205000,Выраженные признаки функциональной роли по наблюдаемым данным не выявлены.
100000008724461100,distributor,0.770146,29,0.611580,"Признаки распределения: 1 наблюдаемых получателей, исходящий объём 130000 KZT."
100000008727982100,peripheral,0.265237,34,0.146134,Выраженные признаки функциональной роли по наблюдаемым данным не выявлены. Граница наблюдения depth=4 ограничивает выводы.
100000008728457100,terminal,0.694268,11,0.390807,Признаки конечного получателя: наблюдаемый входящий объём 45000 KZT; нет наблюдаемых исходящих переводов.
100000008729597100,terminal,0.797589,1,0.381992,Признаки конечного получателя: наблюдаемый входящий объём 83090 KZT; нет наблюдаемых исходящих переводов.
100000008729801100,terminal,0.567410,27,0.184217,Признаки конечного получателя: наблюдаемый входящий объём 17534 KZT; нет наблюдаемых исходящих переводов.
100000008730021100,terminal,0.773885,11,0.375653,Признаки конечного получателя: наблюдаемый входящий объём 75555 KZT; нет наблюдаемых исходящих переводов.
100000008730238100,consolidator,0.753950,29,0.629571,"Признаки консолидации: 1 наблюдаемых отправителей, 8 seed-веток, входящий объём 113000 KZT. Граница наблюдения depth=4 ограничивает выводы."
100000008730371100,terminal,0.966688,8,0.494193,Признаки конечного получателя: наблюдаемый входящий объём 520000 KZT; нет наблюдаемых исходящих переводов.
100000008730846100,distributor,0.864696,6,0.653189,"Признаки распределения: 3 наблюдаемых получателей, исходящий объём 363370 KZT."
100000008731444100,distributor,0.933297,2,0.594002,"Признаки распределения: 9 наблюдаемых получателей, исходящий объём 879768 KZT."
100000008732098100,terminal,0.555732,27,0.177386,Признаки конечного получателя: наблюдаемый входящий объём 15677 KZT; нет наблюдаемых исходящих переводов.
100000008732488100,distributor,0.724302,1,0.505923,"Признаки распределения: 1 наблюдаемых получателей, исходящий объём 10000 KZT."
100000008733049100,peripheral,0.457158,5,0.184130,Выраженные признаки функциональной роли по наблюдаемым данным не выявлены.
100000008733194100,distributor,0.903200,2,0.583200,"Признаки распределения: 8 наблюдаемых получателей, исходящий объём 159695 KZT."
100000008734279100,consolidator,0.559819,26,0.375000,"Признаки консолидации: 1 наблюдаемых отправителей, 7 seed-веток, входящий объём 31650 KZT. Граница наблюдения depth=4 ограничивает выводы."
100000008734364100,terminal,0.640998,24,0.190846,Признаки конечного получателя: наблюдаемый входящий объём 26200 KZT; нет наблюдаемых исходящих переводов.
100000008735384100,terminal,0.676221,27,0.242935,Признаки конечного получателя: наблюдаемый входящий объём 39220 KZT; нет наблюдаемых исходящих переводов.
100000008735802100,consolidator,0.610045,7,0.454402,"Признаки консолидации: 1 наблюдаемых отправителей, 7 seed-веток, входящий объём 85000 KZT. Граница наблюдения depth=4 ограничивает выводы."
100000008735832100,terminal,0.607234,18,0.166764,Признаки конечного получателя: наблюдаемый входящий объём 17600 KZT; нет наблюдаемых исходящих переводов.
100000008736173100,terminal,0.647558,27,0.226327,Признаки конечного получателя: наблюдаемый входящий объём 31060 KZT; нет наблюдаемых исходящих переводов.
100000008736394100,terminal,0.581887,24,0.161310,Признаки конечного получателя: наблюдаемый входящий объём 16000 KZT; нет наблюдаемых исходящих переводов.
100000008736760100,terminal,0.732484,27,0.274416,Признаки конечного получателя: наблюдаемый входящий объём 54757 KZT; нет наблюдаемых исходящих переводов.
100000008736940100,distributor,0.872081,10,0.523365,"Признаки распределения: 3 наблюдаемых получателей, исходящий объём 182100 KZT."
100000008737422100,terminal,0.777070,27,0.297792,Признаки конечного получателя: наблюдаемый входящий объём 76903 KZT; нет наблюдаемых исходящих переводов.
100000008737514100,terminal,0.800976,5,0.358647,Признаки конечного получателя: наблюдаемый входящий объём 85000 KZT; нет наблюдаемых исходящих переводов.
100000008737958100,terminal,0.729299,24,0.276534,Признаки конечного получателя: наблюдаемый входящий объём 53373 KZT; нет наблюдаемых исходящих переводов.
100000008738325100,coordinator,0.618125,38,0.523094,"Структурно значимый узел: процентили PageRank 0.68, betweenness 0.70 в своей depth-группе; 2 seed-веток."
100000008738526100,distributor,0.771256,29,0.567795,"Признаки распределения: 1 наблюдаемых получателей, исходящий объём 140000 KZT."
100000008738658100,terminal,0.689721,18,0.206263,Признаки конечного получателя: наблюдаемый входящий объём 29920 KZT; нет наблюдаемых исходящих переводов.
100000008739887100,distributor,0.883407,1,0.597646,"Признаки распределения: 2 наблюдаемых получателей, исходящий объём 307000 KZT."
100000008740295100,consolidator,0.786117,29,0.620598,"Признаки консолидации: 1 наблюдаемых отправителей, 8 seed-веток, входящий объём 300000 KZT. Граница наблюдения depth=4 ограничивает выводы."
100000008740793100,terminal,0.632297,18,0.178714,Признаки конечного получателя: наблюдаемый входящий объём 21000 KZT; нет наблюдаемых исходящих переводов.
100000008741372100,terminal,0.664544,27,0.235626,Признаки конечного получателя: наблюдаемый входящий объём 35975 KZT; нет наблюдаемых исходящих переводов.
100000008742053100,distributor,0.990165,29,0.677773,"Признаки распределения: 12 наблюдаемых получателей, исходящий объём 2789000 KZT."
100000008742266100,terminal,0.610629,24,0.174707,Признаки конечного получателя: наблюдаемый входящий объём 21000 KZT; нет наблюдаемых исходящих переводов.
100000008743913100,distributor,0.953633,29,0.729697,"Признаки распределения: 13 наблюдаемых получателей, исходящий объём 1850600 KZT."
100000008744364100,terminal,0.651015,18,0.187237,Признаки конечного получателя: наблюдаемый входящий объём 23700 KZT; нет наблюдаемых исходящих переводов.
100000008744799100,terminal,0.569162,18,0.147538,Признаки конечного получателя: наблюдаемый входящий объём 12600 KZT; нет наблюдаемых исходящих переводов.
100000008744849100,terminal,0.692144,27,0.253206,Признаки конечного получателя: наблюдаемый входящий объём 44445 KZT; нет наблюдаемых исходящих переводов.
100000008745474100,terminal,0.684713,27,0.247107,Признаки конечного получателя: наблюдаемый входящий объём 40559 KZT; нет наблюдаемых исходящих переводов.
100000008745489100,terminal,0.733546,27,0.275196,Признаки конечного получателя: наблюдаемый входящий объём 55539 KZT; нет наблюдаемых исходящих переводов.
100000008745643100,terminal,0.592357,27,0.196263,Признаки конечного получателя: наблюдаемый входящий объём 20313 KZT; нет наблюдаемых исходящих переводов.
100000008745676100,peripheral,0.247178,18,0.153617,Выраженные признаки функциональной роли по наблюдаемым данным не выявлены. Граница наблюдения depth=4 ограничивает выводы.
100000008745725100,terminal,0.701168,27,0.257688,Признаки конечного получателя: наблюдаемый входящий объём 47060 KZT; нет наблюдаемых исходящих переводов.
100000008745863100,terminal,0.642766,18,0.182982,Признаки конечного получателя: наблюдаемый входящий объём 22900 KZT; нет наблюдаемых исходящих переводов.
100000008745884100,terminal,0.624365,18,0.175121,Признаки конечного получателя: наблюдаемый входящий объём 20000 KZT; нет наблюдаемых исходящих переводов.
100000008746025100,terminal,0.599788,27,0.200610,Признаки конечного получателя: наблюдаемый входящий объём 22000 KZT; нет наблюдаемых исходящих переводов.
100000008746449100,distributor,0.981758,29,0.671377,"Признаки распределения: 10 наблюдаемых получателей, исходящий объём 1009000 KZT."
100000008746673100,terminal,0.727176,27,0.270196,Признаки конечного получателя: наблюдаемый входящий объём 53048 KZT; нет наблюдаемых исходящих переводов.
100000008747113100,terminal,0.882166,4,0.516969,Признаки конечного получателя: наблюдаемый входящий объём 197801 KZT; нет наблюдаемых исходящих переводов.
100000008748408100,distributor,0.989384,34,0.545308,"Признаки распределения: 21 наблюдаемых получателей, исходящий объём 1499960 KZT."
100000008748795100,terminal,0.743655,7,0.327598,Признаки конечного получателя: наблюдаемый входящий объём 47057 KZT; нет наблюдаемых исходящих переводов.
100000008748914100,distributor,0.983546,4,0.580690,"Признаки распределения: 13 наблюдаемых получателей, исходящий объём 4471847 KZT."
100000008749063100,terminal,0.578025,27,0.190109,Признаки конечного получателя: наблюдаемый входящий объём 19000 KZT; нет наблюдаемых исходящих переводов.
100000008749405100,terminal,0.716688,18,0.220325,Признаки конечного получателя: наблюдаемый входящий объём 37150 KZT; нет наблюдаемых исходящих переводов.
100000008749406100,terminal,0.563163,27,0.181415,Признаки конечного получателя: наблюдаемый входящий объём 17144 KZT; нет наблюдаемых исходящих переводов.
100000008749618100,terminal,0.703822,27,0.258763,Признаки конечного получателя: наблюдаемый входящий объём 47280 KZT; нет наблюдаемых исходящих переводов.
100000008749900100,terminal,0.598985,18,0.162510,Признаки конечного получателя: наблюдаемый входящий объём 17150 KZT; нет наблюдаемых исходящих переводов.
100000008749989100,terminal,0.581887,24,0.161310,Признаки конечного получателя: наблюдаемый входящий объём 16000 KZT; нет наблюдаемых исходящих переводов.
100000008750464100,peripheral,0.466688,18,0.082089,Выраженные признаки функциональной роли по наблюдаемым данным не выявлены.
100000008751349100,terminal,0.562817,13,0.258832,Признаки конечного получателя: наблюдаемый входящий объём 11630 KZT; нет наблюдаемых исходящих переводов.
100000008751380100,terminal,0.935914,29,0.553331,Признаки конечного получателя: наблюдаемый входящий объём 345780 KZT; нет наблюдаемых исходящих переводов.
100000008751429100,distributor,0.736465,10,0.451964,"Признаки распределения: 1 наблюдаемых получателей, исходящий объём 72600 KZT."
100000008752616100,distributor,0.927332,29,0.668221,"Признаки распределения: 7 наблюдаемых получателей, исходящий объём 1265000 KZT."
100000008753061100,terminal,0.685279,18,0.203284,Признаки конечного получателя: наблюдаемый входящий объём 28400 KZT; нет наблюдаемых исходящих переводов.
100000008753193100,terminal,0.661359,27,0.234082,Признаки конечного получателя: наблюдаемый входящий объём 35225 KZT; нет наблюдаемых исходящих переводов.
100000008753897100,terminal,0.655774,18,0.188736,Признаки конечного получателя: наблюдаемый входящий объём 24050 KZT; нет наблюдаемых исходящих переводов.
100000008754608100,terminal,0.567893,18,0.146796,Признаки конечного получателя: наблюдаемый входящий объём 12300 KZT; нет наблюдаемых исходящих переводов.
100000008754747100,terminal,0.737944,18,0.234093,Признаки конечного получателя: наблюдаемый входящий объём 45500 KZT; нет наблюдаемых исходящих переводов.
100000008754997100,terminal,0.610406,18,0.168620,Признаки конечного получателя: наблюдаемый входящий объём 18000 KZT; нет наблюдаемых исходящих переводов.
100000008755168100,terminal,0.607234,18,0.166764,Признаки конечного получателя: наблюдаемый входящий объём 17600 KZT; нет наблюдаемых исходящих переводов.
100000008755361100,peripheral,0.457537,27,0.116343,Выраженные признаки функциональной роли по наблюдаемым данным не выявлены.
100000008755580100,terminal,0.592640,18,0.159226,Признаки конечного получателя: наблюдаемый входящий объём 16000 KZT; нет наблюдаемых исходящих переводов.
100000008755754100,peripheral,0.474619,20,0.109762,Выраженные признаки функциональной роли по наблюдаемым данным не выявлены.
100000008757301100,consolidator,0.593115,8,0.442720,"Признаки консолидации: 1 наблюдаемых отправителей, 7 seed-веток, входящий объём 58398 KZT. Граница наблюдения depth=4 ограничивает выводы."
100000008757369100,distributor,0.755235,8,0.455669,"Признаки распределения: 1 наблюдаемых получателей, исходящий объём 58398 KZT."
100000008758106100,consolidator,0.607788,29,0.432675,"Признаки консолидации: 1 наблюдаемых отправителей, 8 seed-веток, входящий объём 10000 KZT. Граница наблюдения depth=4 ограничивает выводы."
100000008758168100,distributor,0.914317,29,0.668026,"Признаки распределения: 5 наблюдаемых получателей, исходящий объём 1533600 KZT."
100000008758607100,consolidator,0.567438,29,0.395006,"Признаки консолидации: 1 наблюдаемых отправителей, 8 seed-веток, входящий объём 5000 KZT. Граница наблюдения depth=4 ограничивает выводы."
100000008759795100,peripheral,0.339165,37,0.087836,Выраженные признаки функциональной роли по наблюдаемым данным не выявлены. Граница наблюдения depth=4 ограничивает выводы.
100000008759857100,distributor,0.897684,29,0.619109,"Признаки распределения: 2 наблюдаемых получателей, исходящий объём 994000 KZT."
100000008760098100,distributor,0.787278,29,0.604746,"Признаки распределения: 1 наблюдаемых получателей, исходящий объём 390000 KZT."
100000008761132100,consolidator,0.607788,29,0.432675,"Признаки консолидации: 1 наблюдаемых отправителей, 8 seed-веток, входящий объём 10000 KZT. Граница наблюдения depth=4 ограничивает выводы."
100000008761219100,distributor,0.887532,29,0.669067,"Признаки распределения: 2 наблюдаемых получателей, исходящий объём 375000 KZT."
100000008761220100,consolidator,0.607788,29,0.432675,"Признаки консолидации: 1 наблюдаемых отправителей, 8 seed-веток, входящий объём 10000 KZT. Граница наблюдения depth=4 ограничивает выводы."
100000008762005100,consolidator,0.567438,29,0.396021,"Признаки консолидации: 1 наблюдаемых отправителей, 8 seed-веток, входящий объём 5000 KZT. Граница наблюдения depth=4 ограничивает выводы."
100000008762728100,terminal,0.585683,5,0.278172,Признаки конечного получателя: наблюдаемый входящий объём 17026 KZT; нет наблюдаемых исходящих переводов.
100000008762832100,distributor,0.697126,4,0.356057,"Признаки распределения: 1 наблюдаемых получателей, исходящий объём 85000 KZT."
100000008762843100,consolidator,0.589729,29,0.417184,"Признаки консолидации: 1 наблюдаемых отправителей, 8 seed-веток, входящий объём 7000 KZT. Граница наблюдения depth=4 ограничивает выводы."
100000008762885100,consolidator,0.589729,29,0.417184,"Признаки консолидации: 1 наблюдаемых отправителей, 8 seed-веток, входящий объём 7000 KZT. Граница наблюдения depth=4 ограничивает выводы."
100000008763688100,terminal,0.632297,18,0.178714,Признаки конечного получателя: наблюдаемый входящий объём 21000 KZT; нет наблюдаемых исходящих переводов.
100000008764436100,terminal,0.566161,24,0.154225,Признаки конечного получателя: наблюдаемый входящий объём 13100 KZT; нет наблюдаемых исходящих переводов.
100000008764654100,terminal,0.673223,18,0.196421,Признаки конечного получателя: наблюдаемый входящий объём 26150 KZT; нет наблюдаемых исходящих переводов.
100000008765494100,terminal,0.623644,24,0.182484,Признаки конечного получателя: наблюдаемый входящий объём 24000 KZT; нет наблюдаемых исходящих переводов.
100000008765627100,terminal,0.759219,34,0.239181,Признаки конечного получателя: наблюдаемый входящий объём 60000 KZT; нет наблюдаемых исходящих переводов.
100000008766031100,consolidator,0.567438,29,0.395683,"Признаки консолидации: 1 наблюдаемых отправителей, 8 seed-веток, входящий объём 5000 KZT. Граница наблюдения depth=4 ограничивает выводы."
100000008766764100,consolidator,0.567438,29,0.395006,"Признаки консолидации: 1 наблюдаемых отправителей, 8 seed-веток, входящий объём 5000 KZT. Граница наблюдения depth=4 ограничивает выводы."
100000008767027100,consolidator,0.562944,29,0.432256,"Признаки консолидации: 1 наблюдаемых отправителей, 9 seed-веток, входящий объём 5000 KZT."
100000008767065100,consolidator,0.584042,29,0.448674,"Признаки консолидации: 1 наблюдаемых отправителей, 9 seed-веток, входящий объём 10000 KZT."
100000008767925100,terminal,0.563163,27,0.181415,Признаки конечного получателя: наблюдаемый входящий объём 17144 KZT; нет наблюдаемых исходящих переводов.
100000008767950100,terminal,0.604061,18,0.165479,Признаки конечного получателя: наблюдаемый входящий объём 17350 KZT; нет наблюдаемых исходящих переводов.
100000008768896100,terminal,0.701168,27,0.257688,Признаки конечного получателя: наблюдаемый входящий объём 47060 KZT; нет наблюдаемых исходящих переводов.
100000008769097100,terminal,0.699556,18,0.210303,Признаки конечного получателя: наблюдаемый входящий объём 31100 KZT; нет наблюдаемых исходящих переводов.
100000008769636100,terminal,0.602972,27,0.202951,Признаки конечного получателя: наблюдаемый входящий объём 23118 KZT; нет наблюдаемых исходящих переводов.
100000008770483100,consolidator,0.593172,29,0.429080,"Признаки консолидации: 1 наблюдаемых отправителей, 9 seed-веток, входящий объём 5000 KZT. Граница наблюдения depth=4 ограничивает выводы."
100000008771627100,terminal,0.583514,24,0.162424,Признаки конечного получателя: наблюдаемый входящий объём 16500 KZT; нет наблюдаемых исходящих переводов.
100000008771814100,terminal,0.621475,24,0.180889,Признаки конечного получателя: наблюдаемый входящий объём 23700 KZT; нет наблюдаемых исходящих переводов.
100000008771819100,terminal,0.674098,27,0.241852,Признаки конечного получателя: наблюдаемый входящий объём 38900 KZT; нет наблюдаемых исходящих переводов.
100000008772058100,terminal,0.728308,24,0.231429,Признаки конечного получателя: наблюдаемый входящий объём 50000 KZT; нет наблюдаемых исходящих переводов.
100000008772246100,terminal,0.734454,18,0.231575,Признаки конечного получателя: наблюдаемый входящий объём 44500 KZT; нет наблюдаемых исходящих переводов.
100000008773876100,terminal,0.628450,27,0.214193,Признаки конечного получателя: наблюдаемый входящий объём 26120 KZT; нет наблюдаемых исходящих переводов.
100000008774237100,distributor,0.657538,28,0.303769,"Признаки распределения: 1 наблюдаемых получателей, исходящий объём 10000 KZT."
100000008775471100,terminal,0.970178,29,0.563350,Признаки конечного получателя: наблюдаемый входящий объём 580000 KZT; нет наблюдаемых исходящих переводов.
100000008775747100,consolidator,0.567438,29,0.395006,"Признаки консолидации: 1 наблюдаемых отправителей, 8 seed-веток, входящий объём 5000 KZT. Граница наблюдения depth=4 ограничивает выводы."
100000008776298100,terminal,0.687898,27,0.250085,Признаки конечного получателя: наблюдаемый входящий объём 42800 KZT; нет наблюдаемых исходящих переводов.
100000008776310100,terminal,0.616751,18,0.171761,Признаки конечного получателя: наблюдаемый входящий объём 19200 KZT; нет наблюдаемых исходящих переводов.
100000008776420100,terminal,0.782360,18,0.261028,Признаки конечного получателя: наблюдаемый входящий объём 69500 KZT; нет наблюдаемых исходящих переводов.
100000008776576100,peripheral,0.455414,27,0.117521,Выраженные признаки функциональной роли по наблюдаемым данным не выявлены.
100000008776720100,terminal,0.673223,18,0.196421,Признаки конечного получателя: наблюдаемый входящий объём 26150 KZT; нет наблюдаемых исходящих переводов.
100000008777088100,terminal,0.573248,27,0.186996,Признаки конечного получателя: наблюдаемый входящий объём 18000 KZT; нет наблюдаемых исходящих переводов.
100000008778010100,peripheral,0.160271,18,0.174763,Выраженные признаки функциональной роли по наблюдаемым данным не выявлены. Граница наблюдения depth=4 ограничивает выводы.
100000008778753100,peripheral,0.408578,12,0.173634,Выраженные признаки функциональной роли по наблюдаемым данным не выявлены. Граница наблюдения depth=4 ограничивает выводы.
100000008779584100,terminal,0.649682,27,0.227410,Признаки конечного получателя: наблюдаемый входящий объём 31400 KZT; нет наблюдаемых исходящих переводов.
100000008782056100,terminal,0.638004,27,0.221534,Признаки конечного получателя: наблюдаемый входящий объём 29082 KZT; нет наблюдаемых исходящих переводов.
100000008782421100,terminal,0.710191,27,0.262489,Признаки конечного получателя: наблюдаемый входящий объём 49680 KZT; нет наблюдаемых исходящих переводов.
100000008782800100,terminal,0.690021,27,0.251327,Признаки конечного получателя: наблюдаемый входящий объём 43381 KZT; нет наблюдаемых исходящих переводов.
